company,event_count,is_repeated,first_layoff_date,last_layoff_date,timespan_days,mean_inter_event_days,min_inter_event_days,total_laid_off,mean_laid_off,max_laid_off,mean_percentage,median_percentage,max_percentage,industry,industry_group,stage,stage_group,country,region,funds_raised,funds_raised_log,total_laid_off_log,max_laid_off_log,cluster,Theoretical_Archetype
#Paid,1,False,2023-01-27,2023-01-27,0,,,19.0,19.0,19.0,0.17,0.17,0.17,Marketing,Marketing & Media,Series B,Expansion Stage (Series B),Canada,North America,21.0,3.091042453358316,2.995732273553991,2.995732273553991,1,Severe Single-Wave Resets (Deep Structural Cuts)
&Open,1,False,2022-11-17,2022-11-17,0,,,9.0,9.0,9.0,0.09,0.09,0.09,Marketing,Marketing & Media,Series A,Early Venture (Series A),Ireland,Europe,35.0,3.58351893845611,2.302585092994046,2.302585092994046,1,Severe Single-Wave Resets (Deep Structural Cuts)
10X Genomics,1,False,2022-08-04,2022-08-04,0,,,100.0,100.0,100.0,0.08,0.08,0.08,Healthcare,Healthcare & BioTech,Post-IPO,Public (Post-IPO),United States,North America,242.0,5.493061443340548,4.61512051684126,4.61512051684126,1,Severe Single-Wave Resets (Deep Structural Cuts)
1K Kirana,1,False,2023-04-04,2023-04-04,0,,,600.0,600.0,600.0,0.4,0.4,0.4,Retail,Consumer & Retail,Series B,Expansion Stage (Series B),India,Asia-Pacific,,5.159055299214529,6.398594934535208,6.398594934535208,1,Severe Single-Wave Resets (Deep Structural Cuts)
1stdibs,1,False,2020-04-02,2020-04-02,0,,,70.0,70.0,70.0,0.17,0.17,0.17,Retail,Consumer & Retail,Series D,Late Stage (Series C-D),United States,North America,253.0,5.537334267018537,4.2626798770413155,4.2626798770413155,1,Severe Single-Wave Resets (Deep Structural Cuts)
23andMe,3,True,2023-06-09,2024-11-11,521,260.5,60.0,346.0,115.33333333333333,200.0,0.20000000000000004,0.11,0.4,Healthcare,Healthcare & BioTech,Post-IPO,Public (Post-IPO),United States,North America,1100.0,7.00397413672268,5.849324779946859,5.303304908059076,2,"Enterprise Mega-Downscalers (High Capitalization, Scaled Magnitude)"
2TM,2,True,2022-06-01,2022-09-01,92,92.0,92.0,190.0,95.0,100.0,0.135,0.135,0.15,Crypto,Fintech & Financial Services,Unknown,Unspecified / Private,Brazil,Latin America,250.0,5.5254529391317835,5.25227342804663,4.61512051684126,1,Severe Single-Wave Resets (Deep Structural Cuts)
54gene,1,False,2022-08-29,2022-08-29,0,,,95.0,95.0,95.0,0.3,0.3,0.3,Healthcare,Healthcare & BioTech,Series B,Expansion Stage (Series B),United States,North America,44.0,3.8066624897703196,4.564348191467836,4.564348191467836,1,Severe Single-Wave Resets (Deep Structural Cuts)
6sense,1,False,2022-10-12,2022-10-12,0,,,150.0,150.0,150.0,0.1,0.1,0.1,Sales,Professional Services,Series E,Growth Stage (Series E+),United States,North America,426.0,6.056784013228625,5.017279836814924,5.017279836814924,1,Severe Single-Wave Resets (Deep Structural Cuts)
7Shifts,1,False,2024-01-11,2024-01-11,0,,,68.0,68.0,68.0,0.19,0.19,0.19,Food,Consumer & Retail,Series C,Late Stage (Series C-D),Canada,North America,131.0,4.882801922586371,4.23410650459726,4.23410650459726,1,Severe Single-Wave Resets (Deep Structural Cuts)
7shifts,1,False,2023-09-15,2023-09-15,0,,,30.0,30.0,30.0,0.07,0.07,0.07,Food,Consumer & Retail,Series C,Late Stage (Series C-D),Canada,North America,131.0,4.882801922586371,3.4339872044851463,3.4339872044851463,1,Severe Single-Wave Resets (Deep Structural Cuts)
8x8,2,True,2022-10-04,2023-01-18,106,106.0,106.0,355.0,177.5,200.0,0.08,0.08,0.09,Support,Enterprise & Infrastructure,Post-IPO,Public (Post-IPO),United States,North America,253.0,5.537334267018537,5.87493073085203,5.303304908059076,1,Severe Single-Wave Resets (Deep Structural Cuts)
91Trucks,1,False,2026-06-22,2026-06-22,0,,,100.0,100.0,100.0,0.7,0.7,0.7,Transportation,Travel & Transportation,Series A,Early Venture (Series A),India,Asia-Pacific,5.0,1.791759469228055,4.61512051684126,4.61512051684126,0,Targeted Multi-Wave Downscalers (Iterative Restructuring)
99,1,False,2022-09-20,2022-09-20,0,,,75.0,75.0,75.0,0.02,0.02,0.02,Transportation,Travel & Transportation,Acquired,Acquired / Subsidiary,Brazil,Latin America,244.0,5.501258210544727,4.330733340286331,4.330733340286331,1,Severe Single-Wave Resets (Deep Structural Cuts)
AEye,1,False,2023-03-28,2023-03-28,0,,,46.0,46.0,46.0,0.33,0.33,0.33,Transportation,Travel & Transportation,Post-IPO,Public (Post-IPO),United States,North America,314.0,5.752572638825633,3.8501476017100584,3.8501476017100584,1,Severe Single-Wave Resets (Deep Structural Cuts)
AI21 Labs,1,False,2026-05-18,2026-05-18,0,,,110.0,110.0,110.0,0.61,0.61,0.61,AI,Other / Diversified,Series D,Late Stage (Series C-D),Israel,Middle East,626.0,6.440946540632921,4.709530201312334,4.709530201312334,0,Targeted Multi-Wave Downscalers (Iterative Restructuring)
AMD,1,False,2024-11-13,2024-11-13,0,,,1000.0,1000.0,1000.0,0.04,0.04,0.04,Hardware,Hardware & Manufacturing,Post-IPO,Public (Post-IPO),United States,North America,,5.159055299214529,6.90875477931522,6.90875477931522,1,Severe Single-Wave Resets (Deep Structural Cuts)
AU10TIX,1,False,2023-01-31,2023-01-31,0,,,19.0,19.0,19.0,0.09,0.09,0.09,Security,Enterprise & Infrastructure,Unknown,Unspecified / Private,Israel,Middle East,80.0,4.394449154672439,2.995732273553991,2.995732273553991,1,Severe Single-Wave Resets (Deep Structural Cuts)
Abra,1,False,2022-06-30,2022-06-30,0,,,12.0,12.0,12.0,0.05,0.05,0.05,Crypto,Fintech & Financial Services,Series C,Late Stage (Series C-D),United States,North America,106.0,4.672828834461906,2.5649493574615367,2.5649493574615367,1,Severe Single-Wave Resets (Deep Structural Cuts)
Absci,2,True,2022-08-09,2023-09-05,392,392.0,392.0,70.0,35.0,40.0,0.15,0.15,0.15,Healthcare,Healthcare & BioTech,Post-IPO,Public (Post-IPO),United States,North America,238.0,5.476463551931511,4.2626798770413155,3.713572066704308,1,Severe Single-Wave Resets (Deep Structural Cuts)
Absolute Software,1,False,2023-04-06,2023-04-06,0,,,40.0,40.0,40.0,0.05,0.05,0.05,Security,Enterprise & Infrastructure,Post-IPO,Public (Post-IPO),Canada,North America,,5.159055299214529,3.713572066704308,3.713572066704308,1,Severe Single-Wave Resets (Deep Structural Cuts)
Acast,1,False,2022-09-15,2022-09-15,0,,,70.0,70.0,70.0,0.15,0.15,0.15,Media,Marketing & Media,Post-IPO,Public (Post-IPO),Sweden,Europe,126.0,4.844187086458591,4.2626798770413155,4.2626798770413155,1,Severe Single-Wave Resets (Deep Structural Cuts)
Acko,2,True,2020-04-01,2026-04-20,2210,2210.0,2210.0,105.0,52.5,60.0,0.07,0.07,0.09,Finance,Fintech & Financial Services,Unknown,Unspecified / Private,India,Asia-Pacific,143.0,4.969813299576001,4.663439094112067,4.110873864173311,2,"Enterprise Mega-Downscalers (High Capitalization, Scaled Magnitude)"
ActiveFence,1,False,2025-03-13,2025-03-13,0,,,22.0,22.0,22.0,0.07,0.07,0.07,Security,Enterprise & Infrastructure,Series B,Expansion Stage (Series B),United States,North America,100.0,4.61512051684126,3.1354942159291497,3.1354942159291497,1,Severe Single-Wave Resets (Deep Structural Cuts)
Acxiom,2,True,2023-04-11,2025-03-19,708,708.0,708.0,130.0,130.0,130.0,0.03,0.03,0.03,Marketing,Marketing & Media,Post-IPO,Public (Post-IPO),United States,North America,,5.159055299214529,4.875197323201151,4.875197323201151,1,Severe Single-Wave Resets (Deep Structural Cuts)
AdRoll,1,False,2020-03-31,2020-03-31,0,,,210.0,210.0,210.0,0.3,0.3,0.3,Marketing,Marketing & Media,Series C,Late Stage (Series C-D),United States,North America,89.0,4.499809670330265,5.351858133476067,5.351858133476067,1,Severe Single-Wave Resets (Deep Structural Cuts)
Ada,2,True,2022-09-20,2023-02-01,134,134.0,134.0,78.0,78.0,78.0,0.16,0.16,0.16,Support,Enterprise & Infrastructure,Series C,Late Stage (Series C-D),Canada,North America,190.0,5.25227342804663,4.3694478524670215,4.3694478524670215,1,Severe Single-Wave Resets (Deep Structural Cuts)
Ada Support,1,False,2020-04-24,2020-04-24,0,,,36.0,36.0,36.0,0.23,0.23,0.23,Support,Enterprise & Infrastructure,Series B,Expansion Stage (Series B),Canada,North America,60.0,4.110873864173311,3.6109179126442243,3.6109179126442243,1,Severe Single-Wave Resets (Deep Structural Cuts)
Adaptive Biotechnologies,1,False,2022-03-08,2022-03-08,0,,,100.0,100.0,100.0,0.12,0.12,0.12,Healthcare,Healthcare & BioTech,Post-IPO,Public (Post-IPO),United States,North America,406.0,6.008813185442595,4.61512051684126,4.61512051684126,1,Severe Single-Wave Resets (Deep Structural Cuts)
Adda247,2,True,2023-10-14,2026-05-10,939,939.0,939.0,500.0,250.0,300.0,0.2,0.2,0.2,Education,EdTech & Learning,Series B,Expansion Stage (Series B),India,Asia-Pacific,61.0,4.127134385045092,6.2166061010848646,5.707110264748875,2,"Enterprise Mega-Downscalers (High Capitalization, Scaled Magnitude)"
Addepar,1,False,2023-01-18,2023-01-18,0,,,20.0,20.0,20.0,0.03,0.03,0.03,Finance,Fintech & Financial Services,Series F,Growth Stage (Series E+),United States,North America,491.0,6.198478716492308,3.044522437723423,3.044522437723423,1,Severe Single-Wave Resets (Deep Structural Cuts)
Advata,1,False,2022-10-28,2022-10-28,0,,,32.0,32.0,32.0,0.21,0.21,0.21,Healthcare,Healthcare & BioTech,Unknown,Unspecified / Private,United States,North America,,5.159055299214529,3.4965075614664802,3.4965075614664802,1,Severe Single-Wave Resets (Deep Structural Cuts)
Affirm,3,True,2022-11-03,2024-02-21,475,237.5,97.0,560.0,280.0,500.0,0.1,0.1,0.19,Finance,Fintech & Financial Services,Post-IPO,Public (Post-IPO),United States,North America,1500.0,7.313886831633462,6.329720905522696,6.2166061010848646,2,"Enterprise Mega-Downscalers (High Capitalization, Scaled Magnitude)"
Afterverse,1,False,2022-06-03,2022-06-03,0,,,60.0,60.0,60.0,0.2,0.2,0.2,Consumer,Consumer & Retail,Unknown,Unspecified / Private,Brazil,Latin America,,5.159055299214529,4.110873864173311,4.110873864173311,1,Severe Single-Wave Resets (Deep Structural Cuts)
AgentSync,1,False,2023-07-19,2023-07-19,0,,,67.0,67.0,67.0,0.24,0.24,0.24,Finance,Fintech & Financial Services,Series B,Expansion Stage (Series B),United States,North America,111.0,4.718498871295094,4.219507705176107,4.219507705176107,1,Severe Single-Wave Resets (Deep Structural Cuts)
Agoda,1,False,2020-05-18,2020-05-18,0,,,1500.0,1500.0,1500.0,0.25,0.25,0.25,Travel,Travel & Transportation,Acquired,Acquired / Subsidiary,Singapore,Asia-Pacific,,5.159055299214529,7.313886831633462,7.313886831633462,1,Severe Single-Wave Resets (Deep Structural Cuts)
Ahead,1,False,2022-04-14,2022-04-14,0,,,44.0,44.0,44.0,1.0,1.0,1.0,Healthcare,Healthcare & BioTech,Unknown,Unspecified / Private,United States,North America,9.0,2.302585092994046,3.8066624897703196,3.8066624897703196,0,Targeted Multi-Wave Downscalers (Iterative Restructuring)
Airbnb,2,True,2020-05-05,2023-03-03,1032,1032.0,1032.0,1930.0,965.0,1900.0,0.25,0.25,0.25,Travel,Travel & Transportation,Post-IPO,Public (Post-IPO),United States,North America,6400.0,8.764209507142004,7.565793282428515,7.550135342488429,2,"Enterprise Mega-Downscalers (High Capitalization, Scaled Magnitude)"
Airmeet,2,True,2023-05-25,2024-03-19,299,299.0,299.0,75.0,75.0,75.0,0.25,0.25,0.3,Marketing,Marketing & Media,Series B,Expansion Stage (Series B),India,Asia-Pacific,50.0,3.9318256327243257,4.330733340286331,4.330733340286331,1,Severe Single-Wave Resets (Deep Structural Cuts)
Airtable,2,True,2022-12-08,2023-09-14,280,280.0,280.0,491.0,245.5,254.0,0.23500000000000001,0.23500000000000001,0.27,Product,Other / Diversified,Series F,Growth Stage (Series E+),United States,North America,1400.0,7.244941546337007,6.198478716492308,5.541263545158426,2,"Enterprise Mega-Downscalers (High Capitalization, Scaled Magnitude)"
Airtasker,2,True,2022-07-04,2023-04-27,297,297.0,297.0,45.0,45.0,45.0,0.2,0.2,0.2,Retail,Consumer & Retail,Series C,Late Stage (Series C-D),Australia,Asia-Pacific,26.0,3.295836866004329,3.828641396489095,3.828641396489095,1,Severe Single-Wave Resets (Deep Structural Cuts)
Airtime,2,True,2022-05-23,2025-06-04,1108,1108.0,1108.0,55.0,27.5,30.0,0.315,0.315,0.43,Consumer,Consumer & Retail,Series B,Expansion Stage (Series B),United States,North America,33.0,3.5263605246161616,4.02535169073515,3.4339872044851463,1,Severe Single-Wave Resets (Deep Structural Cuts)
Ajaib,1,False,2022-11-28,2022-11-28,0,,,67.0,67.0,67.0,0.08,0.08,0.08,Finance,Fintech & Financial Services,Unknown,Unspecified / Private,Indonesia,Asia-Pacific,245.0,5.5053315359323625,4.219507705176107,4.219507705176107,1,Severe Single-Wave Resets (Deep Structural Cuts)
Akamai,2,True,2023-05-09,2024-11-07,548,548.0,548.0,540.0,270.0,290.0,0.025,0.025,0.03,Security,Enterprise & Infrastructure,Post-IPO,Public (Post-IPO),United States,North America,35.0,3.58351893845611,6.293419278846481,5.673323267171493,1,Severe Single-Wave Resets (Deep Structural Cuts)
Akili Labs,2,True,2023-01-12,2023-09-13,244,244.0,244.0,46.0,46.0,46.0,0.35,0.35,0.4,Healthcare,Healthcare & BioTech,Post-IPO,Public (Post-IPO),United States,North America,301.0,5.71042701737487,3.8501476017100584,3.8501476017100584,1,Severe Single-Wave Resets (Deep Structural Cuts)
AlayaCare,1,False,2022-08-16,2022-08-16,0,,,80.0,80.0,80.0,0.14,0.14,0.14,Healthcare,Healthcare & BioTech,Series D,Late Stage (Series C-D),Canada,North America,293.0,5.683579767338681,4.394449154672439,4.394449154672439,1,Severe Single-Wave Resets (Deep Structural Cuts)
Albert,1,False,2022-06-10,2022-06-10,0,,,20.0,20.0,20.0,0.08,0.08,0.08,Finance,Fintech & Financial Services,Series C,Late Stage (Series C-D),United States,North America,175.0,5.170483995038151,3.044522437723423,3.044522437723423,1,Severe Single-Wave Resets (Deep Structural Cuts)
Aleph Alpha,1,False,2026-01-14,2026-01-14,0,,,50.0,50.0,50.0,0.16,0.16,0.16,AI,Other / Diversified,Series B,Expansion Stage (Series B),Germany,Europe,534.0,6.282266746896006,3.9318256327243257,3.9318256327243257,1,Severe Single-Wave Resets (Deep Structural Cuts)
Aleph Farms,2,True,2024-06-05,2026-06-02,727,727.0,727.0,40.0,20.0,30.0,0.3,0.3,0.3,Food,Consumer & Retail,Unknown,Unspecified / Private,Israel,Middle East,119.0,4.787491742782046,3.713572066704308,3.4339872044851463,1,Severe Single-Wave Resets (Deep Structural Cuts)
AliExpress Russia,1,False,2022-05-14,2022-05-14,0,,,400.0,400.0,400.0,0.4,0.4,0.4,Retail,Consumer & Retail,Acquired,Acquired / Subsidiary,Russia,Other / International,60.0,4.110873864173311,5.993961427306569,5.993961427306569,1,Severe Single-Wave Resets (Deep Structural Cuts)
Alice,2,True,2022-07-11,2022-12-09,151,151.0,151.0,176.0,88.0,113.0,0.16,0.16,0.16,Healthcare,Healthcare & BioTech,Series C,Late Stage (Series C-D),Brazil,Latin America,174.0,5.1647859739235145,5.176149732573829,4.736198448394496,1,Severe Single-Wave Resets (Deep Structural Cuts)
AlphaSense,1,False,2024-11-27,2024-11-27,0,,,150.0,150.0,150.0,0.08,0.08,0.08,Other,Other / Diversified,Series F,Growth Stage (Series E+),United States,North America,1400.0,7.244941546337007,5.017279836814924,5.017279836814924,1,Severe Single-Wave Resets (Deep Structural Cuts)
Alteryx,1,False,2023-04-27,2023-04-27,0,,,320.0,320.0,320.0,0.11,0.11,0.11,Data,Enterprise & Infrastructure,Post-IPO,Public (Post-IPO),United States,North America,613.0,6.419994928147142,5.771441123130016,5.771441123130016,1,Severe Single-Wave Resets (Deep Structural Cuts)
Alto Pharmacy,2,True,2020-09-29,2022-07-14,653,653.0,653.0,47.0,47.0,47.0,0.06,0.06,0.06,Healthcare,Healthcare & BioTech,Series E,Growth Stage (Series E+),United States,North America,560.0,6.329720905522696,3.871201010907891,3.871201010907891,1,Severe Single-Wave Resets (Deep Structural Cuts)
Altruist,2,True,2025-01-07,2025-10-23,289,289.0,289.0,87.0,43.5,50.0,0.125,0.125,0.15,Finance,Fintech & Financial Services,Series E,Growth Stage (Series E+),United States,North America,449.0,6.1092475827643655,4.477336814478207,3.9318256327243257,1,Severe Single-Wave Resets (Deep Structural Cuts)
Amazon,24,True,2022-10-28,2026-09-01,1404,61.04347826086956,0.0,59560.0,3503.529411764706,16000.0,0.02,0.02,0.03,Retail,Consumer & Retail,Post-IPO,Public (Post-IPO),United States,North America,8100.0,8.999742789830492,10.994756276448804,9.680406499268875,3,"Early-Stage Capital-Constrained Exits (High Percentage, Small Scale)"
Amdocs,4,True,2023-01-02,2026-05-28,1242,414.0,185.0,2700.0,1350.0,2000.0,0.05333333333333334,0.06,0.07,Support,Enterprise & Infrastructure,Post-IPO,Public (Post-IPO),United States,North America,,5.159055299214529,7.901377353792616,7.601402334583733,2,"Enterprise Mega-Downscalers (High Capitalization, Scaled Magnitude)"
American Robotics,1,False,2023-01-17,2023-01-17,0,,,50.0,50.0,50.0,0.65,0.65,0.65,Other,Other / Diversified,Acquired,Acquired / Subsidiary,United States,North America,92.0,4.532599493153256,3.9318256327243257,3.9318256327243257,0,Targeted Multi-Wave Downscalers (Iterative Restructuring)
Amount,2,True,2022-06-27,2023-02-27,245,245.0,245.0,130.0,130.0,130.0,0.215,0.215,0.25,Finance,Fintech & Financial Services,Unknown,Unspecified / Private,United States,North America,283.0,5.648974238161206,4.875197323201151,4.875197323201151,1,Severe Single-Wave Resets (Deep Structural Cuts)
Amperity,4,True,2022-08-20,2026-06-25,1405,468.3333333333333,231.0,33.0,16.5,20.0,0.08,0.08,0.13,Marketing,Marketing & Media,Series D,Late Stage (Series C-D),United States,North America,187.0,5.236441962829949,3.5263605246161616,3.044522437723423,2,"Enterprise Mega-Downscalers (High Capitalization, Scaled Magnitude)"
Amplero,1,False,2020-03-29,2020-03-29,0,,,17.0,17.0,17.0,1.0,1.0,1.0,Marketing,Marketing & Media,Series B,Expansion Stage (Series B),United States,North America,25.0,3.258096538021482,2.8903717578961645,2.8903717578961645,0,Targeted Multi-Wave Downscalers (Iterative Restructuring)
Amplitude,1,False,2023-04-05,2023-04-05,0,,,99.0,99.0,99.0,0.13,0.13,0.13,Data,Enterprise & Infrastructure,Post-IPO,Public (Post-IPO),United States,North America,311.0,5.7430031878094825,4.605170185988092,4.605170185988092,1,Severe Single-Wave Resets (Deep Structural Cuts)
Ancestry,1,False,2024-03-14,2024-03-14,0,,,81.0,81.0,81.0,0.06,0.06,0.06,Consumer,Consumer & Retail,Post-IPO,Public (Post-IPO),United States,North America,33.0,3.5263605246161616,4.406719247264253,4.406719247264253,1,Severe Single-Wave Resets (Deep Structural Cuts)
Anchorage Digital,1,False,2023-03-14,2023-03-14,0,,,75.0,75.0,75.0,0.2,0.2,0.2,Crypto,Fintech & Financial Services,Series D,Late Stage (Series C-D),United States,North America,487.0,6.1903154058531475,4.330733340286331,4.330733340286331,1,Severe Single-Wave Resets (Deep Structural Cuts)
Andela,1,False,2020-05-05,2020-05-05,0,,,135.0,135.0,135.0,0.1,0.1,0.1,Recruiting,Professional Services,Series D,Late Stage (Series C-D),United States,North America,181.0,5.204006687076795,4.912654885736052,4.912654885736052,1,Severe Single-Wave Resets (Deep Structural Cuts)
Anodot,2,True,2022-07-06,2022-07-06,0,0.0,0.0,50.0,25.0,35.0,0.23500000000000001,0.23500000000000001,0.27,Data,Enterprise & Infrastructure,Series C,Late Stage (Series C-D),Israel,Middle East,64.0,4.174387269895637,3.9318256327243257,3.58351893845611,1,Severe Single-Wave Resets (Deep Structural Cuts)
Antidote Health,1,False,2022-10-23,2022-10-23,0,,,23.0,23.0,23.0,0.38,0.38,0.38,Healthcare,Healthcare & BioTech,Unknown,Unspecified / Private,Israel,Middle East,36.0,3.6109179126442243,3.1780538303479458,3.1780538303479458,1,Severe Single-Wave Resets (Deep Structural Cuts)
Apartment List,1,False,2022-08-31,2022-08-31,0,,,29.0,29.0,29.0,0.1,0.1,0.1,Real Estate,Real Estate & PropTech,Series D,Late Stage (Series C-D),United States,North America,169.0,5.135798437050262,3.4011973816621555,3.4011973816621555,1,Severe Single-Wave Resets (Deep Structural Cuts)
ApnaMart,1,False,2026-05-06,2026-05-06,0,,,35.0,35.0,35.0,0.1,0.1,0.1,Food,Consumer & Retail,Series B,Expansion Stage (Series B),India,Asia-Pacific,40.0,3.713572066704308,3.58351893845611,3.58351893845611,1,Severe Single-Wave Resets (Deep Structural Cuts)
App Annie,1,False,2020-04-28,2020-04-28,0,,,80.0,80.0,80.0,0.18,0.18,0.18,Data,Enterprise & Infrastructure,Unknown,Unspecified / Private,United States,North America,156.0,5.056245805348308,4.394449154672439,4.394449154672439,1,Severe Single-Wave Resets (Deep Structural Cuts)
AppFolio,2,True,2023-05-22,2023-08-17,87,87.0,87.0,211.0,105.5,149.0,0.09,0.09,0.09,Real Estate,Real Estate & PropTech,Post-IPO,Public (Post-IPO),United States,North America,30.0,3.4339872044851463,5.356586274672012,5.0106352940962555,1,Severe Single-Wave Resets (Deep Structural Cuts)
AppGate,1,False,2022-07-21,2022-07-21,0,,,130.0,130.0,130.0,0.22,0.22,0.22,Security,Enterprise & Infrastructure,Post-IPO,Public (Post-IPO),United States,North America,,5.159055299214529,4.875197323201151,4.875197323201151,1,Severe Single-Wave Resets (Deep Structural Cuts)
AppLovin,7,True,2022-06-27,2025-04-16,1024,170.66666666666666,12.0,790.0,112.85714285714286,300.0,0.12,0.12,0.12,Marketing,Marketing & Media,Post-IPO,Public (Post-IPO),United States,North America,1600.0,7.3783837129967145,6.673297967767654,5.707110264748875,2,"Enterprise Mega-Downscalers (High Capitalization, Scaled Magnitude)"
Appgate,1,False,2023-02-01,2023-02-01,0,,,34.0,34.0,34.0,0.08,0.08,0.08,Security,Enterprise & Infrastructure,Post-IPO,Public (Post-IPO),United States,North America,,5.159055299214529,3.5553480614894135,3.5553480614894135,1,Severe Single-Wave Resets (Deep Structural Cuts)
Applied Material,1,False,2025-10-23,2025-10-23,0,,,1400.0,1400.0,1400.0,0.04,0.04,0.04,Manufacturing,Hardware & Manufacturing,Post-IPO,Public (Post-IPO),United States,North America,2100.0,7.650168700845001,7.244941546337007,7.244941546337007,1,Severe Single-Wave Resets (Deep Structural Cuts)
ApplyBoard,2,True,2022-11-28,2024-09-19,661,661.0,661.0,90.0,90.0,90.0,0.05,0.05,0.06,Education,EdTech & Learning,Series D,Late Stage (Series C-D),Canada,North America,483.0,6.182084906716632,4.51085950651685,4.51085950651685,1,Severe Single-Wave Resets (Deep Structural Cuts)
AppsFlyer,1,False,2025-02-04,2025-02-04,0,,,100.0,100.0,100.0,0.07,0.07,0.07,Data,Enterprise & Infrastructure,Unknown,Unspecified / Private,United States,North America,293.0,5.683579767338681,4.61512051684126,4.61512051684126,1,Severe Single-Wave Resets (Deep Structural Cuts)
Appsmith,1,False,2023-09-22,2023-09-22,0,,,35.0,35.0,35.0,0.25,0.25,0.25,Unknown,Other / Diversified,Series B,Expansion Stage (Series B),United States,North America,51.0,3.9512437185814275,3.58351893845611,3.58351893845611,1,Severe Single-Wave Resets (Deep Structural Cuts)
Aqgromalin,1,False,2022-06-20,2022-06-20,0,,,80.0,80.0,80.0,0.3,0.3,0.3,Food,Consumer & Retail,Unknown,Unspecified / Private,India,Asia-Pacific,12.0,2.5649493574615367,4.394449154672439,4.394449154672439,1,Severe Single-Wave Resets (Deep Structural Cuts)
Aqua Security,5,True,2020-04-01,2025-12-01,2070,517.5,174.0,159.0,39.75,65.0,0.09666666666666668,0.1,0.1,Security,Enterprise & Infrastructure,Series E,Growth Stage (Series E+),United States,North America,325.0,5.786897381366708,5.075173815233827,4.189654742026425,2,"Enterprise Mega-Downscalers (High Capitalization, Scaled Magnitude)"
Archipelago,1,False,2023-08-01,2023-08-01,0,,,40.0,40.0,40.0,0.3,0.3,0.3,Real Estate,Real Estate & PropTech,Series B,Expansion Stage (Series B),United States,North America,57.0,4.060443010546419,3.713572066704308,3.713572066704308,1,Severe Single-Wave Resets (Deep Structural Cuts)
Arctic Wolf,1,False,2026-05-06,2026-05-06,0,,,250.0,250.0,250.0,0.1,0.1,0.1,Security,Enterprise & Infrastructure,Unknown,Unspecified / Private,United States,North America,899.0,6.802394763324311,5.5254529391317835,5.5254529391317835,1,Severe Single-Wave Resets (Deep Structural Cuts)
Argo AI,4,True,2020-06-29,2022-11-01,855,285.0,6.0,682.0,170.5,259.0,0.05,0.05,0.05,Transportation,Travel & Transportation,Unknown,Unspecified / Private,United States,North America,3600.0,8.188966863648876,6.52649485957079,5.560681631015528,2,"Enterprise Mega-Downscalers (High Capitalization, Scaled Magnitude)"
Argyle,1,False,2022-08-26,2022-08-26,0,,,20.0,20.0,20.0,0.07,0.07,0.07,Finance,Fintech & Financial Services,Series B,Expansion Stage (Series B),United States,North America,78.0,4.3694478524670215,3.044522437723423,3.044522437723423,1,Severe Single-Wave Resets (Deep Structural Cuts)
Arkane Studios,1,False,2024-05-08,2024-05-08,0,,,96.0,96.0,96.0,1.0,1.0,1.0,Consumer,Consumer & Retail,Unknown,Unspecified / Private,United States,North America,,5.159055299214529,4.574710978503383,4.574710978503383,0,Targeted Multi-Wave Downscalers (Iterative Restructuring)
Armis,1,False,2022-12-08,2022-12-08,0,,,25.0,25.0,25.0,0.04,0.04,0.04,Security,Enterprise & Infrastructure,Private Equity,Private Equity Owned,United States,North America,537.0,6.2878585601617845,3.258096538021482,3.258096538021482,1,Severe Single-Wave Resets (Deep Structural Cuts)
Arrival,5,True,2022-07-13,2025-03-10,971,242.75,99.0,800.0,800.0,800.0,0.5125,0.4,1.0,Transportation,Travel & Transportation,Post-IPO,Public (Post-IPO),United Kingdom,Europe,629.0,6.4457198193855785,6.68586094706836,6.68586094706836,2,"Enterprise Mega-Downscalers (High Capitalization, Scaled Magnitude)"
Arrive Logistics,1,False,2020-04-03,2020-04-03,0,,,75.0,75.0,75.0,0.07,0.07,0.07,Logistics,Travel & Transportation,Series B,Expansion Stage (Series B),United States,North America,35.0,3.58351893845611,4.330733340286331,4.330733340286331,1,Severe Single-Wave Resets (Deep Structural Cuts)
Article,1,False,2022-08-04,2022-08-04,0,,,216.0,216.0,216.0,0.17,0.17,0.17,Retail,Consumer & Retail,Series B,Expansion Stage (Series B),Canada,North America,,5.159055299214529,5.37989735354046,5.37989735354046,1,Severe Single-Wave Resets (Deep Structural Cuts)
Artlist,1,False,2026-06-16,2026-06-16,0,,,200.0,200.0,200.0,0.4,0.4,0.4,Media,Marketing & Media,Unknown,Unspecified / Private,Israel,Middle East,48.0,3.8918202981106265,5.303304908059076,5.303304908059076,1,Severe Single-Wave Resets (Deep Structural Cuts)
Artnight,1,False,2022-08-31,2022-08-31,0,,,26.0,26.0,26.0,0.36,0.36,0.36,Retail,Consumer & Retail,Unknown,Unspecified / Private,Germany,Europe,,5.159055299214529,3.295836866004329,3.295836866004329,1,Severe Single-Wave Resets (Deep Structural Cuts)
Artsy,1,False,2023-06-29,2023-06-29,0,,,35.0,35.0,35.0,0.15,0.15,0.15,Retail,Consumer & Retail,Series D,Late Stage (Series C-D),United States,North America,100.0,4.61512051684126,3.58351893845611,3.58351893845611,1,Severe Single-Wave Resets (Deep Structural Cuts)
Asana,2,True,2022-11-15,2025-02-04,812,812.0,812.0,280.0,140.0,180.0,0.09,0.09,0.09,Other,Other / Diversified,Post-IPO,Public (Post-IPO),United States,North America,453.0,6.118097198041348,5.638354669333745,5.198497031265826,2,"Enterprise Mega-Downscalers (High Capitalization, Scaled Magnitude)"
Assurance,1,False,2024-05-01,2024-05-01,0,,,112.0,112.0,112.0,1.0,1.0,1.0,Finance,Fintech & Financial Services,Acquired,Acquired / Subsidiary,United States,North America,,5.159055299214529,4.727387818712341,4.727387818712341,0,Targeted Multi-Wave Downscalers (Iterative Restructuring)
Astra,4,True,2020-04-05,2025-07-28,1940,646.6666666666666,269.0,146.0,73.0,106.0,0.41500000000000004,0.25,1.0,Sales,Professional Services,Unknown,Unspecified / Private,India,Asia-Pacific,300.0,5.707110264748875,4.990432586778736,4.672828834461906,2,"Enterprise Mega-Downscalers (High Capitalization, Scaled Magnitude)"
Astronomer,2,True,2023-01-04,2023-04-13,99,99.0,99.0,176.0,88.0,100.0,0.30000000000000004,0.30000000000000004,0.4,Data,Enterprise & Infrastructure,Series C,Late Stage (Series C-D),United States,North America,282.0,5.645446897643238,5.176149732573829,4.61512051684126,1,Severe Single-Wave Resets (Deep Structural Cuts)
At-Bay,2,True,2023-09-12,2026-03-04,904,904.0,904.0,52.0,26.0,27.0,0.09,0.09,0.09,Security,Enterprise & Infrastructure,Unknown,Unspecified / Private,United States,North America,296.0,5.6937321388027,3.970291913552122,3.332204510175204,1,Severe Single-Wave Resets (Deep Structural Cuts)
Atera,1,False,2024-11-03,2024-11-03,0,,,20.0,20.0,20.0,0.06,0.06,0.06,Other,Other / Diversified,Series B,Expansion Stage (Series B),Israel,Middle East,102.0,4.634728988229636,3.044522437723423,3.044522437723423,1,Severe Single-Wave Resets (Deep Structural Cuts)
Atlas,1,False,2023-08-23,2023-08-23,0,,,150.0,150.0,150.0,0.3,0.3,0.3,HR,Other / Diversified,Series B,Expansion Stage (Series B),United States,North America,220.0,5.3981627015177525,5.017279836814924,5.017279836814924,1,Severe Single-Wave Resets (Deep Structural Cuts)
Atlassian,4,True,2023-03-06,2026-03-11,1101,367.0,42.0,2450.0,612.5,1600.0,0.07500000000000001,0.07500000000000001,0.1,Other,Other / Diversified,Post-IPO,Public (Post-IPO),Australia,Asia-Pacific,210.0,5.351858133476067,7.804251383528112,7.3783837129967145,2,"Enterprise Mega-Downscalers (High Capitalization, Scaled Magnitude)"
AtoB,1,False,2022-10-19,2022-10-19,0,,,32.0,32.0,32.0,0.3,0.3,0.3,Finance,Fintech & Financial Services,Series B,Expansion Stage (Series B),United States,North America,177.0,5.181783550292085,3.4965075614664802,3.4965075614664802,1,Severe Single-Wave Resets (Deep Structural Cuts)
Atsu,1,False,2020-04-10,2020-04-10,0,,,6.0,6.0,6.0,1.0,1.0,1.0,Infrastructure,Enterprise & Infrastructure,Unknown,Unspecified / Private,United States,North America,1.0,0.6931471805599453,1.9459101490553132,1.9459101490553132,0,Targeted Multi-Wave Downscalers (Iterative Restructuring)
Audible,1,False,2024-01-11,2024-01-11,0,,,100.0,100.0,100.0,0.05,0.05,0.05,Media,Marketing & Media,Acquired,Acquired / Subsidiary,United States,North America,14.0,2.70805020110221,4.61512051684126,4.61512051684126,1,Severe Single-Wave Resets (Deep Structural Cuts)
AudioCodes,2,True,2023-05-09,2023-07-13,65,65.0,65.0,160.0,80.0,80.0,0.06,0.06,0.06,Other,Other / Diversified,Post-IPO,Public (Post-IPO),Israel,Middle East,91.0,4.5217885770490405,5.081404364984463,4.394449154672439,1,Severe Single-Wave Resets (Deep Structural Cuts)
Augury,3,True,2023-01-04,2025-07-10,918,459.0,210.0,150.0,50.0,70.0,0.13666666666666666,0.18,0.18,Manufacturing,Hardware & Manufacturing,Series E,Growth Stage (Series E+),United States,North America,274.0,5.616771097666572,5.017279836814924,4.2626798770413155,2,"Enterprise Mega-Downscalers (High Capitalization, Scaled Magnitude)"
Aura,1,False,2022-06-23,2022-06-23,0,,,70.0,70.0,70.0,0.09,0.09,0.09,Security,Enterprise & Infrastructure,Series F,Growth Stage (Series E+),United States,North America,500.0,6.2166061010848646,4.2626798770413155,4.2626798770413155,1,Severe Single-Wave Resets (Deep Structural Cuts)
Aurora Labs,1,False,2025-01-27,2025-01-27,0,,,45.0,45.0,45.0,0.6,0.6,0.6,Transportation,Travel & Transportation,Series C,Late Stage (Series C-D),Israel,Middle East,97.0,4.584967478670572,3.828641396489095,3.828641396489095,0,Targeted Multi-Wave Downscalers (Iterative Restructuring)
Aurora Solar,2,True,2024-01-30,2025-01-16,352,352.0,352.0,169.0,84.5,111.0,0.2,0.2,0.2,Energy,Other / Diversified,Series D,Late Stage (Series C-D),United States,North America,523.0,6.261491684321042,5.135798437050262,4.718498871295094,1,Severe Single-Wave Resets (Deep Structural Cuts)
Autodesk,3,True,2023-02-02,2026-01-22,1085,542.5,329.0,2600.0,866.6666666666666,1350.0,0.06,0.07,0.09,Other,Other / Diversified,Post-IPO,Public (Post-IPO),United States,North America,,5.159055299214529,7.8636512654486515,7.208600337960199,2,"Enterprise Mega-Downscalers (High Capitalization, Scaled Magnitude)"
Autograph,2,True,2022-12-16,2023-05-04,139,139.0,139.0,30.0,30.0,30.0,0.33,0.33,0.33,Crypto,Fintech & Financial Services,Series B,Expansion Stage (Series B),United States,North America,205.0,5.327876168789581,3.4339872044851463,3.4339872044851463,1,Severe Single-Wave Resets (Deep Structural Cuts)
Automation Anywhere,1,False,2020-04-27,2020-04-27,0,,,260.0,260.0,260.0,0.1,0.1,0.1,Other,Other / Diversified,Series B,Expansion Stage (Series B),United States,North America,840.0,6.734591659972948,5.564520407322694,5.564520407322694,1,Severe Single-Wave Resets (Deep Structural Cuts)
Automattic,1,False,2025-04-02,2025-04-02,0,,,281.0,281.0,281.0,0.16,0.16,0.16,Other,Other / Diversified,Series E,Growth Stage (Series E+),United States,North America,986.0,6.894670039433482,5.641907070938114,5.641907070938114,1,Severe Single-Wave Resets (Deep Structural Cuts)
AvantStay,3,True,2022-06-29,2023-06-20,356,178.0,133.0,261.0,87.0,144.0,0.22,0.22,0.22,Travel,Travel & Transportation,Private Equity,Private Equity Owned,United States,North America,811.0,6.699500340161678,5.568344503761097,4.976733742420574,2,"Enterprise Mega-Downscalers (High Capitalization, Scaled Magnitude)"
Avantage Entertainment,1,False,2020-04-03,2020-04-03,0,,,5.0,5.0,5.0,0.2,0.2,0.2,Media,Marketing & Media,Unknown,Unspecified / Private,United States,North America,,5.159055299214529,1.791759469228055,1.791759469228055,1,Severe Single-Wave Resets (Deep Structural Cuts)
Avaya,3,True,2023-01-17,2024-11-06,659,329.5,97.0,180.0,180.0,180.0,0.03,0.03,0.03,Other,Other / Diversified,Post-IPO,Public (Post-IPO),United States,North America,700.0,6.55250788703459,5.198497031265826,5.198497031265826,2,"Enterprise Mega-Downscalers (High Capitalization, Scaled Magnitude)"
Avidbots,1,False,2023-03-14,2023-03-14,0,,,50.0,50.0,50.0,0.14,0.14,0.14,Hardware,Hardware & Manufacturing,Series C,Late Stage (Series C-D),Canada,North America,106.0,4.672828834461906,3.9318256327243257,3.9318256327243257,1,Severe Single-Wave Resets (Deep Structural Cuts)
Avo,1,False,2022-05-01,2022-05-01,0,,,500.0,500.0,500.0,0.67,0.67,0.67,Food,Consumer & Retail,Series B,Expansion Stage (Series B),Israel,Middle East,45.0,3.828641396489095,6.2166061010848646,6.2166061010848646,0,Targeted Multi-Wave Downscalers (Iterative Restructuring)
Avocargo,1,False,2023-04-06,2023-04-06,0,,,16.0,16.0,16.0,1.0,1.0,1.0,Transportation,Travel & Transportation,Seed,Early Stage (Seed),Germany,Europe,,5.159055299214529,2.833213344056216,2.833213344056216,0,Targeted Multi-Wave Downscalers (Iterative Restructuring)
Away,3,True,2020-04-07,2024-02-14,1408,704.0,259.0,82.0,41.0,60.0,0.14333333333333334,0.1,0.25,Retail,Consumer & Retail,Series D,Late Stage (Series C-D),United States,North America,181.0,5.204006687076795,4.418840607796598,4.110873864173311,2,"Enterprise Mega-Downscalers (High Capitalization, Scaled Magnitude)"
Axios Media,1,False,2024-08-06,2024-08-06,0,,,50.0,50.0,50.0,0.1,0.1,0.1,Media,Marketing & Media,Acquired,Acquired / Subsidiary,United States,North America,57.0,4.060443010546419,3.9318256327243257,3.9318256327243257,1,Severe Single-Wave Resets (Deep Structural Cuts)
Axonius,2,True,2025-11-06,2026-02-15,101,101.0,101.0,140.0,70.0,100.0,0.075,0.075,0.11,Security,Enterprise & Infrastructure,Series E,Growth Stage (Series E+),United States,North America,865.0,6.763884908562435,4.948759890378168,4.61512051684126,1,Severe Single-Wave Resets (Deep Structural Cuts)
Aya,1,False,2020-11-19,2020-11-19,0,,,5.0,5.0,5.0,0.25,0.25,0.25,Finance,Fintech & Financial Services,Seed,Early Stage (Seed),Canada,North America,3.0,1.3862943611198906,1.791759469228055,1.791759469228055,1,Severe Single-Wave Resets (Deep Structural Cuts)
B8ta,1,False,2020-03-26,2020-03-26,0,,,250.0,250.0,250.0,0.5,0.5,0.5,Retail,Consumer & Retail,Series C,Late Stage (Series C-D),United States,North America,88.0,4.48863636973214,5.5254529391317835,5.5254529391317835,0,Targeted Multi-Wave Downscalers (Iterative Restructuring)
BVAccel,1,False,2020-04-08,2020-04-08,0,,,25.0,25.0,25.0,0.25,0.25,0.25,Marketing,Marketing & Media,Unknown,Unspecified / Private,United States,North America,,5.159055299214529,3.258096538021482,3.258096538021482,1,Severe Single-Wave Resets (Deep Structural Cuts)
Back Market,1,False,2022-12-23,2022-12-23,0,,,93.0,93.0,93.0,0.13,0.13,0.13,Retail,Consumer & Retail,Series E,Growth Stage (Series E+),France,Europe,1000.0,6.90875477931522,4.543294782270004,4.543294782270004,1,Severe Single-Wave Resets (Deep Structural Cuts)
Bakkt,2,True,2022-12-08,2024-05-03,512,512.0,512.0,28.0,28.0,28.0,0.15,0.15,0.15,Crypto,Fintech & Financial Services,Post-IPO,Public (Post-IPO),United States,North America,932.0,6.838405200847344,3.367295829986474,3.367295829986474,1,Severe Single-Wave Resets (Deep Structural Cuts)
Bandcamp,1,False,2023-10-16,2023-10-16,0,,,58.0,58.0,58.0,0.5,0.5,0.5,Other,Other / Diversified,Acquired,Acquired / Subsidiary,United States,North America,,5.159055299214529,4.07753744390572,4.07753744390572,1,Severe Single-Wave Resets (Deep Structural Cuts)
Banxa,1,False,2022-06-27,2022-06-27,0,,,70.0,70.0,70.0,0.3,0.3,0.3,Crypto,Fintech & Financial Services,Post-IPO,Public (Post-IPO),Australia,Asia-Pacific,13.0,2.6390573296152584,4.2626798770413155,4.2626798770413155,1,Severe Single-Wave Resets (Deep Structural Cuts)
Bark,2,True,2023-02-09,2023-07-13,154,154.0,154.0,126.0,126.0,126.0,0.1,0.1,0.12,Retail,Consumer & Retail,Post-IPO,Public (Post-IPO),United States,North America,282.0,5.645446897643238,4.844187086458591,4.844187086458591,1,Severe Single-Wave Resets (Deep Structural Cuts)
Basis Technologies,1,False,2023-02-21,2023-02-21,0,,,40.0,40.0,40.0,0.04,0.04,0.04,Marketing,Marketing & Media,Series B,Expansion Stage (Series B),United States,North America,52.0,3.970291913552122,3.713572066704308,3.713572066704308,1,Severe Single-Wave Resets (Deep Structural Cuts)
Baton,1,False,2022-06-29,2022-06-29,0,,,16.0,16.0,16.0,0.25,0.25,0.25,Transportation,Travel & Transportation,Series A,Early Venture (Series A),United States,North America,13.0,2.6390573296152584,2.833213344056216,2.833213344056216,1,Severe Single-Wave Resets (Deep Structural Cuts)
Beam,1,False,2025-05-01,2025-05-01,0,,,200.0,200.0,200.0,1.0,1.0,1.0,Other,Other / Diversified,Unknown,Unspecified / Private,United Kingdom,Europe,,5.159055299214529,5.303304908059076,5.303304908059076,0,Targeted Multi-Wave Downscalers (Iterative Restructuring)
Beam Benefits,2,True,2023-02-08,2024-01-10,336,336.0,336.0,105.0,52.5,74.0,0.08,0.08,0.08,Healthcare,Healthcare & BioTech,Series E,Growth Stage (Series E+),United States,North America,168.0,5.1298987149230735,4.663439094112067,4.31748811353631,1,Severe Single-Wave Resets (Deep Structural Cuts)
BeepKart,2,True,2024-10-08,2025-08-23,319,319.0,319.0,280.0,140.0,150.0,0.7,0.7,1.0,Retail,Consumer & Retail,Series A,Early Venture (Series A),India,Asia-Pacific,19.0,2.995732273553991,5.638354669333745,5.017279836814924,0,Targeted Multi-Wave Downscalers (Iterative Restructuring)
Bench,3,True,2020-03-27,2025-05-01,1861,930.5,125.0,497.0,248.5,450.0,0.55,0.55,1.0,Finance,Fintech & Financial Services,Acquired,Acquired / Subsidiary,United States,North America,109.0,4.700480365792417,6.210600077024653,6.111467339502679,2,"Enterprise Mega-Downscalers (High Capitalization, Scaled Magnitude)"
BenchSci,3,True,2024-01-08,2026-05-28,871,435.5,289.0,221.0,73.66666666666667,83.0,0.2333333333333333,0.23,0.3,Healthcare,Healthcare & BioTech,Series D,Late Stage (Series C-D),Canada,North America,164.0,5.10594547390058,5.402677381872279,4.430816798843313,2,"Enterprise Mega-Downscalers (High Capitalization, Scaled Magnitude)"
Benchling,1,False,2023-04-21,2023-04-21,0,,,74.0,74.0,74.0,0.09,0.09,0.09,Other,Other / Diversified,Series F,Growth Stage (Series E+),United States,North America,411.0,6.021023349349527,4.31748811353631,4.31748811353631,1,Severe Single-Wave Resets (Deep Structural Cuts)
Benevity,1,False,2023-01-18,2023-01-18,0,,,137.0,137.0,137.0,0.14,0.14,0.14,Other,Other / Diversified,Unknown,Unspecified / Private,Canada,North America,69.0,4.248495242049359,4.927253685157205,4.927253685157205,1,Severe Single-Wave Resets (Deep Structural Cuts)
Berlin Brands Group,1,False,2022-06-10,2022-06-10,0,,,100.0,100.0,100.0,0.1,0.1,0.1,Retail,Consumer & Retail,Unknown,Unspecified / Private,Germany,Europe,1000.0,6.90875477931522,4.61512051684126,4.61512051684126,1,Severe Single-Wave Resets (Deep Structural Cuts)
Bestow,1,False,2022-06-24,2022-06-24,0,,,41.0,41.0,41.0,0.14,0.14,0.14,Finance,Fintech & Financial Services,Series C,Late Stage (Series C-D),United States,North America,137.0,4.927253685157205,3.7376696182833684,3.7376696182833684,1,Severe Single-Wave Resets (Deep Structural Cuts)
Better.com,6,True,2021-12-01,2023-09-06,644,128.8,42.0,3900.0,1950.0,3000.0,0.21000000000000002,0.21000000000000002,0.33,Real Estate,Real Estate & PropTech,Unknown,Unspecified / Private,United States,North America,905.0,6.80903930604298,8.268988209506656,8.006700845440367,2,"Enterprise Mega-Downscalers (High Capitalization, Scaled Magnitude)"
BetterUp,1,False,2023-08-02,2023-08-02,0,,,100.0,100.0,100.0,0.16,0.16,0.16,HR,Other / Diversified,Series E,Growth Stage (Series E+),United States,North America,567.0,6.342121418721152,4.61512051684126,4.61512051684126,1,Severe Single-Wave Resets (Deep Structural Cuts)
Betterfly,2,True,2022-08-11,2023-01-18,160,160.0,160.0,30.0,30.0,30.0,0.3,0.3,0.3,Healthcare,Healthcare & BioTech,Series C,Late Stage (Series C-D),Chile,Latin America,204.0,5.3230099791384085,3.4339872044851463,3.4339872044851463,1,Severe Single-Wave Resets (Deep Structural Cuts)
Bevi,1,False,2020-03-27,2020-03-27,0,,,30.0,30.0,30.0,0.2,0.2,0.2,Food,Consumer & Retail,Series C,Late Stage (Series C-D),United States,North America,60.0,4.110873864173311,3.4339872044851463,3.4339872044851463,1,Severe Single-Wave Resets (Deep Structural Cuts)
Beyond Meat,3,True,2022-08-03,2023-11-02,456,228.0,72.0,305.0,101.66666666666667,200.0,0.10333333333333333,0.08,0.19,Food,Consumer & Retail,Post-IPO,Public (Post-IPO),United States,North America,122.0,4.812184355372417,5.723585101952381,5.303304908059076,2,"Enterprise Mega-Downscalers (High Capitalization, Scaled Magnitude)"
BeyondMinds,1,False,2022-05-23,2022-05-23,0,,,65.0,65.0,65.0,1.0,1.0,1.0,Data,Enterprise & Infrastructure,Series A,Early Venture (Series A),Israel,Middle East,16.0,2.833213344056216,4.189654742026425,4.189654742026425,0,Targeted Multi-Wave Downscalers (Iterative Restructuring)
BharatAgri,2,True,2023-01-15,2025-11-13,1033,1033.0,1033.0,77.0,38.5,40.0,0.715,0.715,1.0,Food,Consumer & Retail,Series A,Early Venture (Series A),India,Asia-Pacific,21.0,3.091042453358316,4.356708826689592,3.713572066704308,0,Targeted Multi-Wave Downscalers (Iterative Restructuring)
BigCommerce,3,True,2022-12-15,2024-11-08,694,347.0,328.0,180.0,180.0,180.0,0.1,0.1,0.13,Retail,Consumer & Retail,Post-IPO,Public (Post-IPO),United States,North America,224.0,5.41610040220442,5.198497031265826,5.198497031265826,2,"Enterprise Mega-Downscalers (High Capitalization, Scaled Magnitude)"
BigPanda,1,False,2023-04-24,2023-04-24,0,,,40.0,40.0,40.0,0.13,0.13,0.13,Infrastructure,Enterprise & Infrastructure,Series E,Growth Stage (Series E+),United States,North America,337.0,5.823045895483019,3.713572066704308,3.713572066704308,1,Severe Single-Wave Resets (Deep Structural Cuts)
Bill.com,3,True,2023-12-05,2026-05-07,884,442.0,204.0,709.0,709.0,709.0,0.17,0.15,0.3,Finance,Fintech & Financial Services,Post-IPO,Public (Post-IPO),United States,North America,280.0,5.638354669333745,6.565264970035361,6.565264970035361,2,"Enterprise Mega-Downscalers (High Capitalization, Scaled Magnitude)"
Binance.US,2,True,2023-06-15,2023-09-12,89,89.0,89.0,100.0,100.0,100.0,0.33,0.33,0.33,Crypto,Fintech & Financial Services,Subsidiary,Unspecified / Private,United States,North America,,5.159055299214529,4.61512051684126,4.61512051684126,1,Severe Single-Wave Resets (Deep Structural Cuts)
BioMarin,1,False,2022-10-07,2022-10-07,0,,,120.0,120.0,120.0,0.04,0.04,0.04,Healthcare,Healthcare & BioTech,Post-IPO,Public (Post-IPO),United States,North America,585.0,6.373319789577012,4.795790545596741,4.795790545596741,1,Severe Single-Wave Resets (Deep Structural Cuts)
Bird,3,True,2020-03-27,2023-10-04,1286,643.0,484.0,544.0,272.0,406.0,0.265,0.265,0.3,Transportation,Travel & Transportation,Post-IPO,Public (Post-IPO),United States,North America,916.0,6.821107472256465,6.300785794663244,6.008813185442595,2,"Enterprise Mega-Downscalers (High Capitalization, Scaled Magnitude)"
Bishop Fox,1,False,2023-05-02,2023-05-02,0,,,50.0,50.0,50.0,0.13,0.13,0.13,Security,Enterprise & Infrastructure,Series B,Expansion Stage (Series B),United States,North America,146.0,4.990432586778736,3.9318256327243257,3.9318256327243257,1,Severe Single-Wave Resets (Deep Structural Cuts)
BitGo,2,True,2020-04-17,2026-06-25,2260,2260.0,2260.0,90.0,90.0,90.0,0.135,0.135,0.15,Crypto,Fintech & Financial Services,Unknown,Unspecified / Private,United States,North America,171.0,5.147494476813453,4.51085950651685,4.51085950651685,2,"Enterprise Mega-Downscalers (High Capitalization, Scaled Magnitude)"
BitMEX,3,True,2022-04-04,2026-07-23,1571,785.5,212.0,75.0,75.0,75.0,0.5166666666666667,0.3,1.0,Crypto,Fintech & Financial Services,Seed,Early Stage (Seed),Seychelles,Other / International,,5.159055299214529,4.330733340286331,4.330733340286331,2,"Enterprise Mega-Downscalers (High Capitalization, Scaled Magnitude)"
BitOasis,1,False,2022-06-19,2022-06-19,0,,,9.0,9.0,9.0,0.05,0.05,0.05,Crypto,Fintech & Financial Services,Series B,Expansion Stage (Series B),United Arab Emirates,Middle East,30.0,3.4339872044851463,2.302585092994046,2.302585092994046,1,Severe Single-Wave Resets (Deep Structural Cuts)
BitTitan,1,False,2021-11-18,2021-11-18,0,,,70.0,70.0,70.0,0.27,0.27,0.27,Data,Enterprise & Infrastructure,Acquired,Acquired / Subsidiary,United States,North America,46.0,3.8501476017100584,4.2626798770413155,4.2626798770413155,1,Severe Single-Wave Resets (Deep Structural Cuts)
Bitpanda,1,False,2022-06-24,2022-06-24,0,,,270.0,270.0,270.0,0.27,0.27,0.27,Crypto,Fintech & Financial Services,Series C,Late Stage (Series C-D),Austria,Europe,546.0,6.304448802421981,5.602118820879701,5.602118820879701,1,Severe Single-Wave Resets (Deep Structural Cuts)
Bitso,2,True,2022-05-26,2022-11-29,187,187.0,187.0,180.0,90.0,100.0,0.11,0.11,0.11,Crypto,Fintech & Financial Services,Series C,Late Stage (Series C-D),Mexico,Latin America,378.0,5.937536205082426,5.198497031265826,4.61512051684126,1,Severe Single-Wave Resets (Deep Structural Cuts)
Bitwise,1,False,2026-08-12,2026-08-12,0,,,25.0,25.0,25.0,0.14,0.14,0.14,Crypto,Fintech & Financial Services,Unknown,Unspecified / Private,United States,North America,154.0,5.043425116919247,3.258096538021482,3.258096538021482,1,Severe Single-Wave Resets (Deep Structural Cuts)
Bitwise Industries,1,False,2023-06-14,2023-06-14,0,,,900.0,900.0,900.0,1.0,1.0,1.0,Education,EdTech & Learning,Series C,Late Stage (Series C-D),United States,North America,158.0,5.0689042022202315,6.803505257608338,6.803505257608338,0,Targeted Multi-Wave Downscalers (Iterative Restructuring)
Bizzabo,3,True,2022-07-05,2026-09-02,1520,760.0,149.0,220.0,110.0,120.0,0.33499999999999996,0.33499999999999996,0.37,Marketing,Marketing & Media,Series E,Growth Stage (Series E+),United States,North America,194.0,5.272999558563747,5.3981627015177525,4.795790545596741,2,"Enterprise Mega-Downscalers (High Capitalization, Scaled Magnitude)"
BlackLine,2,True,2022-12-08,2023-08-23,258,258.0,258.0,190.0,95.0,95.0,0.05,0.05,0.05,Finance,Fintech & Financial Services,Post-IPO,Public (Post-IPO),United States,North America,220.0,5.3981627015177525,5.25227342804663,4.564348191467836,1,Severe Single-Wave Resets (Deep Structural Cuts)
Blackbaud,1,False,2023-02-14,2023-02-14,0,,,500.0,500.0,500.0,0.14,0.14,0.14,Other,Other / Diversified,Post-IPO,Public (Post-IPO),United States,North America,,5.159055299214529,6.2166061010848646,6.2166061010848646,1,Severe Single-Wave Resets (Deep Structural Cuts)
Blend,5,True,2022-04-19,2023-08-09,477,119.25,61.0,1010.0,202.0,340.0,0.15,0.12,0.28,Finance,Fintech & Financial Services,Post-IPO,Public (Post-IPO),United States,North America,665.0,6.501289670540389,6.918695219020472,5.831882477283517,2,"Enterprise Mega-Downscalers (High Capitalization, Scaled Magnitude)"
BlissClub,1,False,2024-02-09,2024-02-09,0,,,21.0,21.0,21.0,0.18,0.18,0.18,Retail,Consumer & Retail,Series A,Early Venture (Series A),India,Asia-Pacific,20.0,3.044522437723423,3.091042453358316,3.091042453358316,1,Severe Single-Wave Resets (Deep Structural Cuts)
Block,4,True,2023-10-04,2026-02-26,876,292.0,118.0,5931.0,1977.0,4000.0,0.19333333333333336,0.1,0.4,Finance,Fintech & Financial Services,Post-IPO,Public (Post-IPO),United States,North America,150.0,5.017279836814924,8.688116703257823,8.294299608857235,2,"Enterprise Mega-Downscalers (High Capitalization, Scaled Magnitude)"
BlockFi,2,True,2022-06-13,2022-11-28,168,168.0,168.0,250.0,250.0,250.0,0.6,0.6,1.0,Crypto,Fintech & Financial Services,Series E,Growth Stage (Series E+),United States,North America,1000.0,6.90875477931522,5.5254529391317835,5.5254529391317835,0,Targeted Multi-Wave Downscalers (Iterative Restructuring)
Blockchain.com,2,True,2022-07-21,2023-01-12,175,175.0,175.0,260.0,130.0,150.0,0.265,0.265,0.28,Crypto,Fintech & Financial Services,Series D,Late Stage (Series C-D),United Kingdom,Europe,490.0,6.19644412779452,5.564520407322694,5.017279836814924,1,Severe Single-Wave Resets (Deep Structural Cuts)
BloomTech,1,False,2022-12-01,2022-12-01,0,,,88.0,88.0,88.0,0.5,0.5,0.5,Education,EdTech & Learning,Unknown,Unspecified / Private,United States,North America,,5.159055299214529,4.48863636973214,4.48863636973214,1,Severe Single-Wave Resets (Deep Structural Cuts)
Blue Origin,3,True,2023-09-06,2025-02-13,526,263.0,33.0,1040.0,520.0,1000.0,0.1,0.1,0.1,Aerospace,Hardware & Manufacturing,Unknown,Unspecified / Private,United States,North America,167.0,5.123963979403259,6.947937068614969,6.90875477931522,2,"Enterprise Mega-Downscalers (High Capitalization, Scaled Magnitude)"
Blueground,1,False,2020-03-27,2020-03-27,0,,,130.0,130.0,130.0,0.25,0.25,0.25,Real Estate,Real Estate & PropTech,Series B,Expansion Stage (Series B),United States,North America,77.0,4.356708826689592,4.875197323201151,4.875197323201151,1,Severe Single-Wave Resets (Deep Structural Cuts)
Bluevine,2,True,2024-06-20,2024-12-10,173,173.0,173.0,100.0,100.0,100.0,0.18,0.18,0.18,Finance,Fintech & Financial Services,Unknown,Unspecified / Private,Israel,Middle East,769.0,6.646390514847729,4.61512051684126,4.61512051684126,1,Severe Single-Wave Resets (Deep Structural Cuts)
Blume Global,1,False,2020-03-30,2020-03-30,0,,,30.0,30.0,30.0,0.1,0.1,0.1,Logistics,Travel & Transportation,Unknown,Unspecified / Private,United States,North America,,5.159055299214529,3.4339872044851463,3.4339872044851463,1,Severe Single-Wave Resets (Deep Structural Cuts)
Bluprint,1,False,2020-05-26,2020-05-26,0,,,137.0,137.0,137.0,1.0,1.0,1.0,Education,EdTech & Learning,Acquired,Acquired / Subsidiary,United States,North America,108.0,4.6913478822291435,4.927253685157205,4.927253685157205,0,Targeted Multi-Wave Downscalers (Iterative Restructuring)
Bolt,5,True,2022-05-25,2026-04-05,1411,352.75,28.0,307.0,102.33333333333333,240.0,0.2475,0.28,0.33,Finance,Fintech & Financial Services,Series E,Growth Stage (Series E+),United States,North America,1300.0,7.170888478512505,5.730099782973574,5.484796933490655,2,"Enterprise Mega-Downscalers (High Capitalization, Scaled Magnitude)"
Bolt.Earth,2,True,2023-12-29,2024-04-06,99,99.0,99.0,70.0,70.0,70.0,0.30000000000000004,0.30000000000000004,0.4,Energy,Other / Diversified,Series B,Expansion Stage (Series B),India,Asia-Pacific,24.0,3.2188758248682006,4.2626798770413155,4.2626798770413155,1,Severe Single-Wave Resets (Deep Structural Cuts)
Bonsai,2,True,2022-04-26,2022-06-20,55,55.0,55.0,59.0,29.5,30.0,0.44500000000000006,0.44500000000000006,0.55,Retail,Consumer & Retail,Series A,Early Venture (Series A),Canada,North America,27.0,3.332204510175204,4.0943445622221,3.4339872044851463,1,Severe Single-Wave Resets (Deep Structural Cuts)
Bonterra,2,True,2023-01-13,2023-09-11,241,241.0,241.0,140.0,140.0,140.0,0.1,0.1,0.1,Other,Other / Diversified,Unknown,Unspecified / Private,United States,North America,,5.159055299214529,4.948759890378168,4.948759890378168,1,Severe Single-Wave Resets (Deep Structural Cuts)
BookClub,1,False,2022-05-31,2022-05-31,0,,,12.0,12.0,12.0,0.25,0.25,0.25,Education,EdTech & Learning,Series A,Early Venture (Series A),United States,North America,26.0,3.295836866004329,2.5649493574615367,2.5649493574615367,1,Severe Single-Wave Resets (Deep Structural Cuts)
BookMyShow,1,False,2020-05-28,2020-05-28,0,,,270.0,270.0,270.0,0.18,0.18,0.18,Consumer,Consumer & Retail,Unknown,Unspecified / Private,India,Asia-Pacific,224.0,5.41610040220442,5.602118820879701,5.602118820879701,1,Severe Single-Wave Resets (Deep Structural Cuts)
Booking.com,3,True,2020-07-30,2024-11-08,1562,781.0,738.0,4601.0,2300.5,4375.0,0.25,0.25,0.25,Travel,Travel & Transportation,Acquired,Acquired / Subsidiary,United States,North America,,5.159055299214529,8.434246270595311,8.383890344101816,2,"Enterprise Mega-Downscalers (High Capitalization, Scaled Magnitude)"
Boost,1,False,2023-04-04,2023-04-04,0,,,15.0,15.0,15.0,0.2,0.2,0.2,Finance,Fintech & Financial Services,Series B,Expansion Stage (Series B),United States,North America,37.0,3.6375861597263857,2.772588722239781,2.772588722239781,1,Severe Single-Wave Resets (Deep Structural Cuts)
Boozt,2,True,2022-06-09,2025-01-13,949,949.0,949.0,70.0,70.0,70.0,0.07500000000000001,0.07500000000000001,0.1,Retail,Consumer & Retail,Post-IPO,Public (Post-IPO),Sweden,Europe,56.0,4.04305126783455,4.2626798770413155,4.2626798770413155,1,Severe Single-Wave Resets (Deep Structural Cuts)
Borrowell,1,False,2020-04-06,2020-04-06,0,,,15.0,15.0,15.0,0.2,0.2,0.2,Finance,Fintech & Financial Services,Series B,Expansion Stage (Series B),Canada,North America,72.0,4.290459441148391,2.772588722239781,2.772588722239781,1,Severe Single-Wave Resets (Deep Structural Cuts)
Bossa Nova,2,True,2020-06-29,2020-11-02,126,126.0,126.0,61.0,61.0,61.0,0.5,0.5,0.5,Retail,Consumer & Retail,Unknown,Unspecified / Private,United States,North America,101.6,4.630837932736669,4.127134385045092,4.127134385045092,0,Targeted Multi-Wave Downscalers (Iterative Restructuring)
Bounce,4,True,2020-03-19,2023-01-06,1023,341.0,102.0,490.0,122.5,200.0,0.22333333333333336,0.22,0.4,Transportation,Travel & Transportation,Series D,Late Stage (Series C-D),India,Asia-Pacific,214.2,5.371567828287629,6.19644412779452,5.303304908059076,2,"Enterprise Mega-Downscalers (High Capitalization, Scaled Magnitude)"
BounceX,1,False,2020-04-06,2020-04-06,0,,,77.0,77.0,77.0,0.2,0.2,0.2,Marketing,Marketing & Media,Series B,Expansion Stage (Series B),United States,North America,75.0,4.330733340286331,4.356708826689592,4.356708826689592,1,Severe Single-Wave Resets (Deep Structural Cuts)
Boxed,1,False,2023-03-15,2023-03-15,0,,,32.0,32.0,32.0,0.25,0.25,0.25,Retail,Consumer & Retail,Post-IPO,Public (Post-IPO),United States,North America,365.0,5.902633333401366,3.4965075614664802,3.4965075614664802,1,Severe Single-Wave Resets (Deep Structural Cuts)
Brainly,2,True,2022-11-06,2023-05-24,199,199.0,199.0,25.0,25.0,25.0,0.3,0.3,0.3,Education,EdTech & Learning,Series D,Late Stage (Series C-D),Poland,Other / International,148.0,5.003946305945459,3.258096538021482,3.258096538021482,1,Severe Single-Wave Resets (Deep Structural Cuts)
Branch,3,True,2020-06-11,2024-01-09,1307,653.5,215.0,274.0,91.33333333333333,186.0,0.27,0.27,0.27,Finance,Fintech & Financial Services,Series C,Late Stage (Series C-D),United States,North America,229.0,5.438079308923196,5.616771097666572,5.231108616854587,2,"Enterprise Mega-Downscalers (High Capitalization, Scaled Magnitude)"
Branch Metrics,1,False,2020-04-07,2020-04-07,0,,,100.0,100.0,100.0,0.2,0.2,0.2,Marketing,Marketing & Media,Series E,Growth Stage (Series E+),United States,North America,367.0,5.908082938168931,4.61512051684126,4.61512051684126,1,Severe Single-Wave Resets (Deep Structural Cuts)
Brave,2,True,2023-10-06,2024-08-28,327,327.0,327.0,27.0,27.0,27.0,0.115,0.115,0.14,Consumer,Consumer & Retail,Series B,Expansion Stage (Series B),United States,North America,42.0,3.7612001156935624,3.332204510175204,3.332204510175204,1,Severe Single-Wave Resets (Deep Structural Cuts)
Brave Care,2,True,2022-09-06,2024-12-31,847,847.0,847.0,40.0,40.0,40.0,0.665,0.665,1.0,Healthcare,Healthcare & BioTech,Series B,Expansion Stage (Series B),United States,North America,43.0,3.784189633918261,3.713572066704308,3.713572066704308,0,Targeted Multi-Wave Downscalers (Iterative Restructuring)
Breathe,1,False,2022-06-14,2022-06-14,0,,,50.0,50.0,50.0,0.33,0.33,0.33,Healthcare,Healthcare & BioTech,Series A,Early Venture (Series A),India,Asia-Pacific,6.0,1.9459101490553132,3.9318256327243257,3.9318256327243257,1,Severe Single-Wave Resets (Deep Structural Cuts)
Breather,1,False,2020-12-16,2020-12-16,0,,,120.0,120.0,120.0,0.8,0.8,0.8,Real Estate,Real Estate & PropTech,Series D,Late Stage (Series C-D),Canada,North America,131.0,4.882801922586371,4.795790545596741,4.795790545596741,0,Targeted Multi-Wave Downscalers (Iterative Restructuring)
Brex,3,True,2020-05-29,2024-01-23,1334,667.0,469.0,480.0,160.0,282.0,0.15333333333333335,0.15,0.2,Finance,Fintech & Financial Services,Series D,Late Stage (Series C-D),United States,North America,1500.0,7.313886831633462,6.175867270105761,5.645446897643238,2,"Enterprise Mega-Downscalers (High Capitalization, Scaled Magnitude)"
Bridge Connector,1,False,2020-11-17,2020-11-17,0,,,154.0,154.0,154.0,1.0,1.0,1.0,Healthcare,Healthcare & BioTech,Series B,Expansion Stage (Series B),United States,North America,45.0,3.828641396489095,5.043425116919247,5.043425116919247,0,Targeted Multi-Wave Downscalers (Iterative Restructuring)
Bridgit,1,False,2022-12-06,2022-12-06,0,,,13.0,13.0,13.0,0.13,0.13,0.13,Construction,Other / Diversified,Series B,Expansion Stage (Series B),Canada,North America,36.0,3.6109179126442243,2.6390573296152584,2.6390573296152584,1,Severe Single-Wave Resets (Deep Structural Cuts)
Bright Machines,1,False,2022-06-28,2022-06-28,0,,,30.0,30.0,30.0,0.08,0.08,0.08,Data,Enterprise & Infrastructure,Unknown,Unspecified / Private,Israel,Middle East,250.0,5.5254529391317835,3.4339872044851463,3.4339872044851463,1,Severe Single-Wave Resets (Deep Structural Cuts)
Bright Money,1,False,2022-07-15,2022-07-15,0,,,100.0,100.0,100.0,0.5,0.5,0.5,Finance,Fintech & Financial Services,Series A,Early Venture (Series A),India,Asia-Pacific,31.0,3.4657359027997265,4.61512051684126,4.61512051684126,0,Targeted Multi-Wave Downscalers (Iterative Restructuring)
Brightcove,2,True,2023-05-03,2025-03-19,686,686.0,686.0,268.0,134.0,198.0,0.21500000000000002,0.21500000000000002,0.33,Marketing,Marketing & Media,Acquired,Acquired / Subsidiary,United States,North America,145.0,4.983606621708336,5.594711379601839,5.293304824724492,2,"Enterprise Mega-Downscalers (High Capitalization, Scaled Magnitude)"
Brighte,2,True,2022-06-20,2022-09-09,81,81.0,81.0,88.0,44.0,58.0,0.15,0.15,0.15,Energy,Other / Diversified,Series C,Late Stage (Series C-D),Australia,Asia-Pacific,145.0,4.983606621708336,4.48863636973214,4.07753744390572,1,Severe Single-Wave Resets (Deep Structural Cuts)
Bringg,1,False,2020-04-21,2020-04-21,0,,,10.0,10.0,10.0,0.1,0.1,0.1,Logistics,Travel & Transportation,Series D,Late Stage (Series C-D),Israel,Middle East,84.0,4.442651256490317,2.3978952727983707,2.3978952727983707,1,Severe Single-Wave Resets (Deep Structural Cuts)
Britishvolt,1,False,2023-01-17,2023-01-17,0,,,206.0,206.0,206.0,1.0,1.0,1.0,Transportation,Travel & Transportation,Unknown,Unspecified / Private,United Kingdom,Europe,2400.0,7.783640596221253,5.332718793265369,5.332718793265369,0,Targeted Multi-Wave Downscalers (Iterative Restructuring)
Briza,1,False,2022-12-20,2022-12-20,0,,,26.0,26.0,26.0,0.4,0.4,0.4,Finance,Fintech & Financial Services,Series A,Early Venture (Series A),Canada,North America,10.0,2.3978952727983707,3.295836866004329,3.295836866004329,1,Severe Single-Wave Resets (Deep Structural Cuts)
Bryter,1,False,2022-07-13,2022-07-13,0,,,100.0,100.0,100.0,0.3,0.3,0.3,Product,Other / Diversified,Series B,Expansion Stage (Series B),Germany,Europe,89.0,4.499809670330265,4.61512051684126,4.61512051684126,1,Severe Single-Wave Resets (Deep Structural Cuts)
Buenbit,1,False,2022-05-23,2022-05-23,0,,,80.0,80.0,80.0,0.45,0.45,0.45,Crypto,Fintech & Financial Services,Series A,Early Venture (Series A),Argentina,Latin America,11.0,2.4849066497880004,4.394449154672439,4.394449154672439,1,Severe Single-Wave Resets (Deep Structural Cuts)
Builder,1,False,2020-06-04,2020-06-04,0,,,39.0,39.0,39.0,0.14,0.14,0.14,Product,Other / Diversified,Series A,Early Venture (Series A),United States,North America,29.0,3.4011973816621555,3.6888794541139363,3.6888794541139363,1,Severe Single-Wave Resets (Deep Structural Cuts)
Built In,2,True,2020-04-10,2022-10-05,908,908.0,908.0,78.0,39.0,50.0,0.25,0.25,0.25,Recruiting,Professional Services,Series C,Late Stage (Series C-D),United States,North America,29.0,3.4011973816621555,4.3694478524670215,3.9318256327243257,1,Severe Single-Wave Resets (Deep Structural Cuts)
Bullhorn,2,True,2020-04-30,2023-10-19,1267,1267.0,1267.0,240.0,120.0,140.0,0.09,0.09,0.09,Sales,Professional Services,Acquired,Acquired / Subsidiary,United States,North America,32.0,3.4965075614664802,5.484796933490655,4.948759890378168,2,"Enterprise Mega-Downscalers (High Capitalization, Scaled Magnitude)"
Bullish,1,False,2022-07-05,2022-07-05,0,,,30.0,30.0,30.0,0.08,0.08,0.08,Crypto,Fintech & Financial Services,Unknown,Unspecified / Private,Hong Kong,Asia-Pacific,300.0,5.707110264748875,3.4339872044851463,3.4339872044851463,1,Severe Single-Wave Resets (Deep Structural Cuts)
Bumble,2,True,2024-02-27,2025-06-25,484,484.0,484.0,590.0,295.0,350.0,0.3,0.3,0.3,Consumer,Consumer & Retail,Post-IPO,Public (Post-IPO),United States,North America,313.0,5.749392985908253,6.3818160174060985,5.860786223465865,2,"Enterprise Mega-Downscalers (High Capitalization, Scaled Magnitude)"
Bungie,3,True,2023-10-30,2026-06-25,969,484.5,275.0,612.0,204.0,292.0,0.125,0.125,0.17,Consumer,Consumer & Retail,Acquired,Acquired / Subsidiary,United States,North America,100.0,4.61512051684126,6.418364935936212,5.680172609017068,2,"Enterprise Mega-Downscalers (High Capitalization, Scaled Magnitude)"
BusBud,1,False,2020-04-06,2020-04-06,0,,,23.0,23.0,23.0,0.32,0.32,0.32,Transportation,Travel & Transportation,Series B,Expansion Stage (Series B),Canada,North America,21.0,3.091042453358316,3.1780538303479458,3.1780538303479458,1,Severe Single-Wave Resets (Deep Structural Cuts)
Buser,1,False,2022-12-08,2022-12-08,0,,,160.0,160.0,160.0,0.3,0.3,0.3,Transportation,Travel & Transportation,Series C,Late Stage (Series C-D),Brazil,Latin America,138.0,4.9344739331306915,5.081404364984463,5.081404364984463,1,Severe Single-Wave Resets (Deep Structural Cuts)
Bustle Digital Group,3,True,2020-04-03,2023-02-01,1034,517.0,0.0,43.0,21.5,24.0,0.08,0.08,0.08,Media,Marketing & Media,Series E,Growth Stage (Series E+),United States,North America,80.0,4.394449154672439,3.784189633918261,3.2188758248682006,2,"Enterprise Mega-Downscalers (High Capitalization, Scaled Magnitude)"
Butler Hospitality,1,False,2022-07-08,2022-07-08,0,,,1000.0,1000.0,1000.0,1.0,1.0,1.0,Food,Consumer & Retail,Series B,Expansion Stage (Series B),United States,North America,50.0,3.9318256327243257,6.90875477931522,6.90875477931522,0,Targeted Multi-Wave Downscalers (Iterative Restructuring)
Button,1,False,2020-04-08,2020-04-08,0,,,48.0,48.0,48.0,0.35,0.35,0.35,Marketing,Marketing & Media,Series C,Late Stage (Series C-D),United States,North America,64.0,4.174387269895637,3.8918202981106265,3.8918202981106265,1,Severe Single-Wave Resets (Deep Structural Cuts)
Buy.com / Rakuten,1,False,2020-07-30,2020-07-30,0,,,87.0,87.0,87.0,1.0,1.0,1.0,Retail,Consumer & Retail,Acquired,Acquired / Subsidiary,United States,North America,42.4,3.770459441106359,4.477336814478207,4.477336814478207,0,Targeted Multi-Wave Downscalers (Iterative Restructuring)
BuzzFeed,4,True,2022-12-06,2026-07-27,1329,443.0,135.0,540.0,180.0,180.0,0.195,0.155,0.35,Media,Marketing & Media,Post-IPO,Public (Post-IPO),United States,North America,696.0,6.546785410760524,6.293419278846481,5.198497031265826,2,"Enterprise Mega-Downscalers (High Capitalization, Scaled Magnitude)"
Bybit,3,True,2022-06-20,2022-12-03,166,83.0,0.0,600.0,600.0,600.0,0.3,0.3,0.3,Crypto,Fintech & Financial Services,Unknown,Unspecified / Private,Singapore,Asia-Pacific,,5.159055299214529,6.398594934535208,6.398594934535208,2,"Enterprise Mega-Downscalers (High Capitalization, Scaled Magnitude)"
Byju's,4,True,2022-10-12,2024-04-02,538,179.33333333333334,113.0,5500.0,1375.0,2500.0,0.04,0.04,0.05,Education,EdTech & Learning,Private Equity,Private Equity Owned,India,Asia-Pacific,5500.0,8.612685172875459,8.612685172875459,7.824445930877619,2,"Enterprise Mega-Downscalers (High Capitalization, Scaled Magnitude)"
Bytedance,7,True,2021-01-27,2024-10-11,1353,225.5,121.0,5700.0,950.0,1800.0,0.1,0.1,0.1,Consumer,Consumer & Retail,Unknown,Unspecified / Private,Indonesia,Asia-Pacific,9400.0,9.148571345578551,8.648396877031582,7.496097345175956,2,"Enterprise Mega-Downscalers (High Capitalization, Scaled Magnitude)"
C2FO,3,True,2022-12-09,2024-06-18,557,278.5,246.0,116.0,38.666666666666664,80.0,0.025,0.025,0.03,Finance,Fintech & Financial Services,Series H,Growth Stage (Series E+),United States,North America,537.0,6.2878585601617845,4.762173934797756,4.394449154672439,2,"Enterprise Mega-Downscalers (High Capitalization, Scaled Magnitude)"
C3.ai,2,True,2023-11-20,2026-02-25,828,828.0,828.0,280.0,280.0,280.0,0.26,0.26,0.26,AI,Other / Diversified,Series F,Growth Stage (Series E+),United States,North America,228.0,5.43372200355424,5.638354669333745,5.638354669333745,2,"Enterprise Mega-Downscalers (High Capitalization, Scaled Magnitude)"
C6 Bank,2,True,2020-04-06,2023-02-06,1036,1036.0,1036.0,60.0,60.0,60.0,0.06,0.06,0.06,Finance,Fintech & Financial Services,Unknown,Unspecified / Private,Brazil,Latin America,2300.0,7.741099090035366,4.110873864173311,4.110873864173311,2,"Enterprise Mega-Downscalers (High Capitalization, Scaled Magnitude)"
CNET,1,False,2023-03-02,2023-03-02,0,,,12.0,12.0,12.0,0.1,0.1,0.1,Media,Marketing & Media,Acquired,Acquired / Subsidiary,United States,North America,20.0,3.044522437723423,2.5649493574615367,2.5649493574615367,1,Severe Single-Wave Resets (Deep Structural Cuts)
CS Disco,2,True,2023-01-19,2023-05-11,112,112.0,112.0,62.0,62.0,62.0,0.08499999999999999,0.08499999999999999,0.09,Legal,Professional Services,Post-IPO,Public (Post-IPO),United States,North America,233.0,5.455321115357702,4.143134726391533,4.143134726391533,1,Severe Single-Wave Resets (Deep Structural Cuts)
CTO.ai,1,False,2020-03-20,2020-03-20,0,,,30.0,30.0,30.0,0.5,0.5,0.5,Infrastructure,Enterprise & Infrastructure,Seed,Early Stage (Seed),Canada,North America,7.0,2.0794415416798357,3.4339872044851463,3.4339872044851463,0,Targeted Multi-Wave Downscalers (Iterative Restructuring)
Cadre,1,False,2020-05-11,2020-05-11,0,,,28.0,28.0,28.0,0.25,0.25,0.25,Real Estate,Real Estate & PropTech,Series C,Late Stage (Series C-D),United States,North America,133.0,4.897839799950911,3.367295829986474,3.367295829986474,1,Severe Single-Wave Resets (Deep Structural Cuts)
Cake Group,1,False,2023-11-14,2023-11-14,0,,,50.0,50.0,50.0,0.3,0.3,0.3,Crypto,Fintech & Financial Services,Unknown,Unspecified / Private,Singapore,Asia-Pacific,,5.159055299214529,3.9318256327243257,3.9318256327243257,1,Severe Single-Wave Resets (Deep Structural Cuts)
Calendly,2,True,2023-07-26,2024-12-11,504,504.0,504.0,130.0,65.0,70.0,0.115,0.115,0.13,Other,Other / Diversified,Series B,Expansion Stage (Series B),United States,North America,351.0,5.863631175598097,4.875197323201151,4.2626798770413155,1,Severe Single-Wave Resets (Deep Structural Cuts)
Calibrate,2,True,2022-07-08,2023-04-14,280,280.0,280.0,156.0,156.0,156.0,0.21,0.21,0.24,Healthcare,Healthcare & BioTech,Series B,Expansion Stage (Series B),United States,North America,127.0,4.852030263919617,5.056245805348308,5.056245805348308,1,Severe Single-Wave Resets (Deep Structural Cuts)
Callisto Media,2,True,2022-07-21,2022-10-25,96,96.0,96.0,140.0,140.0,140.0,0.35,0.35,0.35,Media,Marketing & Media,Series D,Late Stage (Series C-D),United States,North America,,5.159055299214529,4.948759890378168,4.948759890378168,1,Severe Single-Wave Resets (Deep Structural Cuts)
Calm,1,False,2022-08-11,2022-08-11,0,,,90.0,90.0,90.0,0.2,0.2,0.2,Healthcare,Healthcare & BioTech,Series C,Late Stage (Series C-D),United States,North America,218.0,5.389071729816501,4.51085950651685,4.51085950651685,1,Severe Single-Wave Resets (Deep Structural Cuts)
Cameo,3,True,2022-05-04,2023-07-18,440,220.0,189.0,247.0,82.33333333333333,87.0,0.25,0.25,0.25,Consumer,Consumer & Retail,Unknown,Unspecified / Private,United States,North America,165.0,5.111987788356544,5.5134287461649825,4.477336814478207,2,"Enterprise Mega-Downscalers (High Capitalization, Scaled Magnitude)"
Candy Digital,2,True,2022-11-28,2023-06-29,213,213.0,213.0,63.0,31.5,33.0,0.33,0.33,0.33,Crypto,Fintech & Financial Services,Series A,Early Venture (Series A),United States,North America,138.0,4.9344739331306915,4.1588830833596715,3.5263605246161616,1,Severe Single-Wave Resets (Deep Structural Cuts)
Canoo,2,True,2022-07-01,2024-12-11,894,894.0,894.0,78.0,39.0,58.0,0.06,0.06,0.06,Transportation,Travel & Transportation,Post-IPO,Public (Post-IPO),United States,North America,300.0,5.707110264748875,4.3694478524670215,4.07753744390572,1,Severe Single-Wave Resets (Deep Structural Cuts)
Capitolis,2,True,2022-11-17,2022-11-18,1,1.0,1.0,37.0,37.0,37.0,0.25,0.25,0.25,Finance,Fintech & Financial Services,Series D,Late Stage (Series C-D),United States,North America,281.0,5.641907070938114,3.6375861597263857,3.6375861597263857,1,Severe Single-Wave Resets (Deep Structural Cuts)
Captiv8,1,False,2023-08-24,2023-08-24,0,,,8.0,8.0,8.0,0.03,0.03,0.03,Marketing,Marketing & Media,Unknown,Unspecified / Private,United States,North America,4.0,1.6094379124341003,2.1972245773362196,2.1972245773362196,1,Severe Single-Wave Resets (Deep Structural Cuts)
CaptivateIQ,1,False,2022-11-15,2022-11-15,0,,,31.0,31.0,31.0,0.1,0.1,0.1,Sales,Professional Services,Series C,Late Stage (Series C-D),United States,North America,164.0,5.10594547390058,3.4657359027997265,3.4657359027997265,1,Severe Single-Wave Resets (Deep Structural Cuts)
CarGurus,1,False,2020-04-16,2020-04-16,0,,,130.0,130.0,130.0,0.13,0.13,0.13,Transportation,Travel & Transportation,Post-IPO,Public (Post-IPO),United States,North America,1.0,0.6931471805599453,4.875197323201151,4.875197323201151,1,Severe Single-Wave Resets (Deep Structural Cuts)
CarTrawler,1,False,2024-09-19,2024-09-19,0,,,40.0,40.0,40.0,0.1,0.1,0.1,Transportation,Travel & Transportation,Acquired,Acquired / Subsidiary,Ireland,Europe,,5.159055299214529,3.713572066704308,3.713572066704308,1,Severe Single-Wave Resets (Deep Structural Cuts)
Carbon Health,4,True,2022-06-02,2024-02-23,631,210.33333333333334,137.0,620.0,155.0,250.0,0.065,0.065,0.08,Healthcare,Healthcare & BioTech,Series D,Late Stage (Series C-D),United States,North America,522.0,6.259581464064923,6.431331081933479,5.5254529391317835,2,"Enterprise Mega-Downscalers (High Capitalization, Scaled Magnitude)"
Care/of,1,False,2024-06-15,2024-06-15,0,,,143.0,143.0,143.0,1.0,1.0,1.0,Healthcare,Healthcare & BioTech,Acquired,Acquired / Subsidiary,United States,North America,83.0,4.430816798843313,4.969813299576001,4.969813299576001,0,Targeted Multi-Wave Downscalers (Iterative Restructuring)
CareRev,2,True,2023-01-25,2023-06-15,141,141.0,141.0,100.0,100.0,100.0,0.33,0.33,0.33,Healthcare,Healthcare & BioTech,Series A,Early Venture (Series A),United States,North America,51.0,3.9512437185814275,4.61512051684126,4.61512051684126,1,Severe Single-Wave Resets (Deep Structural Cuts)
Careem,2,True,2020-05-04,2026-05-05,2192,2192.0,2192.0,536.0,536.0,536.0,0.31,0.31,0.31,Transportation,Travel & Transportation,Acquired,Acquired / Subsidiary,United Arab Emirates,Middle East,771.0,6.648984550024776,6.285998094508865,6.285998094508865,2,"Enterprise Mega-Downscalers (High Capitalization, Scaled Magnitude)"
Career Karma,2,True,2022-07-28,2023-01-12,168,168.0,168.0,82.0,41.0,60.0,0.33,0.33,0.33,Education,EdTech & Learning,Series B,Expansion Stage (Series B),United States,North America,51.0,3.9512437185814275,4.418840607796598,4.110873864173311,1,Severe Single-Wave Resets (Deep Structural Cuts)
CareerBuilder + Monster,1,False,2024-10-10,2024-10-10,0,,,200.0,200.0,200.0,0.15,0.15,0.15,Recruiting,Professional Services,Acquired,Acquired / Subsidiary,United States,North America,,5.159055299214529,5.303304908059076,5.303304908059076,1,Severe Single-Wave Resets (Deep Structural Cuts)
Carousell,2,True,2022-12-01,2024-12-06,736,736.0,736.0,186.0,93.0,110.0,0.085,0.085,0.1,Retail,Consumer & Retail,Unknown,Unspecified / Private,Singapore,Asia-Pacific,375.0,5.929589143389895,5.231108616854587,4.709530201312334,2,"Enterprise Mega-Downscalers (High Capitalization, Scaled Magnitude)"
Cars24,4,True,2022-05-19,2025-05-27,1104,368.0,31.0,1020.0,255.0,600.0,0.06,0.06,0.06,Transportation,Travel & Transportation,Series G,Growth Stage (Series E+),India,Asia-Pacific,1300.0,7.170888478512505,6.928537818164665,6.398594934535208,2,"Enterprise Mega-Downscalers (High Capitalization, Scaled Magnitude)"
Cart.com,2,True,2023-01-10,2023-01-10,0,0.0,0.0,25.0,25.0,25.0,0.04,0.04,0.04,Retail,Consumer & Retail,Unknown,Unspecified / Private,United States,North America,383.0,5.950642552587727,3.258096538021482,3.258096538021482,1,Severe Single-Wave Resets (Deep Structural Cuts)
Carta,3,True,2020-04-15,2023-11-09,1303,651.5,302.0,161.0,161.0,161.0,0.13,0.13,0.16,HR,Other / Diversified,Series G,Growth Stage (Series E+),United States,North America,1100.0,7.00397413672268,5.087596335232384,5.087596335232384,2,"Enterprise Mega-Downscalers (High Capitalization, Scaled Magnitude)"
Carvana,3,True,2022-05-10,2023-01-13,248,124.0,56.0,4000.0,2000.0,2500.0,0.1,0.1,0.12,Transportation,Travel & Transportation,Post-IPO,Public (Post-IPO),United States,North America,1600.0,7.3783837129967145,8.294299608857235,7.824445930877619,2,"Enterprise Mega-Downscalers (High Capitalization, Scaled Magnitude)"
Carwow,1,False,2022-11-25,2022-11-25,0,,,70.0,70.0,70.0,0.2,0.2,0.2,Transportation,Travel & Transportation,Unknown,Unspecified / Private,United Kingdom,Europe,157.0,5.062595033026967,4.2626798770413155,4.2626798770413155,1,Severe Single-Wave Resets (Deep Structural Cuts)
Casper,2,True,2020-04-21,2021-09-14,511,511.0,511.0,78.0,78.0,78.0,0.21,0.21,0.21,Retail,Consumer & Retail,Post-IPO,Public (Post-IPO),United States,North America,339.0,5.8289456176102075,4.3694478524670215,4.3694478524670215,1,Severe Single-Wave Resets (Deep Structural Cuts)
Cazoo,2,True,2022-06-07,2023-01-18,225,225.0,225.0,750.0,750.0,750.0,0.15,0.15,0.15,Transportation,Travel & Transportation,Post-IPO,Public (Post-IPO),United Kingdom,Europe,2000.0,7.601402334583733,6.621405651764134,6.621405651764134,2,"Enterprise Mega-Downscalers (High Capitalization, Scaled Magnitude)"
Cellebrite,1,False,2025-12-03,2025-12-03,0,,,20.0,20.0,20.0,0.01,0.01,0.01,Other,Other / Diversified,Post-IPO,Public (Post-IPO),Israel,Middle East,410.0,6.018593214496234,3.044522437723423,3.044522437723423,1,Severe Single-Wave Resets (Deep Structural Cuts)
Celsius,1,False,2022-07-03,2022-07-03,0,,,150.0,150.0,150.0,0.25,0.25,0.25,Crypto,Fintech & Financial Services,Series B,Expansion Stage (Series B),United States,North America,864.0,6.762729506931879,5.017279836814924,5.017279836814924,1,Severe Single-Wave Resets (Deep Structural Cuts)
Center,1,False,2024-09-07,2024-09-07,0,,,8.0,8.0,8.0,0.04,0.04,0.04,Finance,Fintech & Financial Services,Series C,Late Stage (Series C-D),United States,North America,102.0,4.634728988229636,2.1972245773362196,2.1972245773362196,1,Severe Single-Wave Resets (Deep Structural Cuts)
Cerebral,3,True,2022-05-31,2023-02-27,272,136.0,126.0,685.0,342.5,400.0,0.175,0.175,0.2,Healthcare,Healthcare & BioTech,Series C,Late Stage (Series C-D),United States,North America,462.0,6.137727054086234,6.530877627725885,5.993961427306569,2,"Enterprise Mega-Downscalers (High Capitalization, Scaled Magnitude)"
Cerner,2,True,2023-05-16,2023-06-15,30,30.0,30.0,3000.0,3000.0,3000.0,0.11,0.11,0.11,Healthcare,Healthcare & BioTech,Acquired,Acquired / Subsidiary,United States,North America,,5.159055299214529,8.006700845440367,8.006700845440367,2,"Enterprise Mega-Downscalers (High Capitalization, Scaled Magnitude)"
Chainalysis,2,True,2023-02-01,2023-10-02,243,243.0,243.0,194.0,97.0,150.0,0.1,0.1,0.15,Crypto,Fintech & Financial Services,Series F,Growth Stage (Series E+),United States,North America,536.0,6.285998094508865,5.272999558563747,5.017279836814924,1,Severe Single-Wave Resets (Deep Structural Cuts)
Character.ai,1,False,2024-08-29,2024-08-29,0,,,6.0,6.0,6.0,0.05,0.05,0.05,AI,Other / Diversified,Series A,Early Venture (Series A),United States,North America,150.0,5.017279836814924,1.9459101490553132,1.9459101490553132,1,Severe Single-Wave Resets (Deep Structural Cuts)
ChargePoint,4,True,2023-09-08,2026-07-31,1057,352.3333333333333,124.0,394.0,197.0,250.0,0.1175,0.11,0.15,Manufacturing,Hardware & Manufacturing,Unknown,Unspecified / Private,United States,North America,1400.0,7.244941546337007,5.978885764901122,5.5254529391317835,2,"Enterprise Mega-Downscalers (High Capitalization, Scaled Magnitude)"
Chargebee,2,True,2022-11-02,2023-09-11,313,313.0,313.0,242.0,121.0,142.0,0.1,0.1,0.1,Finance,Fintech & Financial Services,Series H,Growth Stage (Series E+),United States,North America,468.0,6.150602768446279,5.493061443340548,4.962844630259907,1,Severe Single-Wave Resets (Deep Structural Cuts)
Checkmarx,2,True,2020-05-18,2022-11-02,898,898.0,898.0,100.0,100.0,100.0,0.1,0.1,0.1,Security,Enterprise & Infrastructure,Series C,Late Stage (Series C-D),Israel,Middle East,92.0,4.532599493153256,4.61512051684126,4.61512051684126,1,Severe Single-Wave Resets (Deep Structural Cuts)
Checkout.com,3,True,2022-09-13,2023-12-18,461,230.5,202.0,180.0,90.0,100.0,0.05,0.05,0.05,Finance,Fintech & Financial Services,Series D,Late Stage (Series C-D),United Kingdom,Europe,1800.0,7.496097345175956,5.198497031265826,4.61512051684126,2,"Enterprise Mega-Downscalers (High Capitalization, Scaled Magnitude)"
Checkr,2,True,2020-07-23,2024-04-09,1356,1356.0,1356.0,446.0,223.0,382.0,0.22,0.22,0.32,HR,Other / Diversified,Series D,Late Stage (Series C-D),United States,North America,679.0,6.522092798170152,6.102558594613569,5.948034989180646,2,"Enterprise Mega-Downscalers (High Capitalization, Scaled Magnitude)"
Chegg,5,True,2023-06-12,2025-10-27,868,217.0,148.0,1476.0,295.2,441.0,0.22999999999999998,0.22,0.45,Education,EdTech & Learning,Post-IPO,Public (Post-IPO),United States,North America,227.0,5.429345628954441,7.29776828253138,6.091309882077698,2,"Enterprise Mega-Downscalers (High Capitalization, Scaled Magnitude)"
Chia Network,1,False,2023-10-02,2023-10-02,0,,,26.0,26.0,26.0,0.37,0.37,0.37,Crypto,Fintech & Financial Services,Series D,Late Stage (Series C-D),United States,North America,70.0,4.2626798770413155,3.295836866004329,3.295836866004329,1,Severe Single-Wave Resets (Deep Structural Cuts)
Chief,3,True,2023-04-27,2024-10-20,542,271.0,259.0,43.0,43.0,43.0,0.14,0.14,0.14,HR,Other / Diversified,Series B,Expansion Stage (Series B),United States,North America,140.0,4.948759890378168,3.784189633918261,3.784189633918261,1,Severe Single-Wave Resets (Deep Structural Cuts)
Chime,2,True,2022-11-02,2026-07-31,1367,1367.0,1367.0,306.0,153.0,156.0,0.11,0.11,0.12,Finance,Fintech & Financial Services,Series G,Growth Stage (Series E+),United States,North America,2300.0,7.741099090035366,5.726847747587197,5.056245805348308,2,"Enterprise Mega-Downscalers (High Capitalization, Scaled Magnitude)"
Chingari,2,True,2023-06-19,2023-08-24,66,66.0,66.0,48.0,48.0,48.0,0.35,0.35,0.5,Media,Marketing & Media,Unknown,Unspecified / Private,India,Asia-Pacific,88.0,4.48863636973214,3.8918202981106265,3.8918202981106265,1,Severe Single-Wave Resets (Deep Structural Cuts)
Chipper Cash,4,True,2022-12-06,2024-03-15,465,155.0,73.0,185.0,46.25,100.0,0.26166666666666666,0.33,0.33,Finance,Fintech & Financial Services,Series C,Late Stage (Series C-D),United States,North America,302.0,5.713732805509369,5.225746673713202,4.61512051684126,2,"Enterprise Mega-Downscalers (High Capitalization, Scaled Magnitude)"
Chope,1,False,2022-12-20,2022-12-20,0,,,65.0,65.0,65.0,0.24,0.24,0.24,Food,Consumer & Retail,Series E,Growth Stage (Series E+),Singapore,Asia-Pacific,50.0,3.9318256327243257,4.189654742026425,4.189654742026425,1,Severe Single-Wave Resets (Deep Structural Cuts)
ChowNow,3,True,2022-07-13,2024-03-28,624,312.0,154.0,200.0,66.66666666666667,100.0,0.16666666666666666,0.2,0.2,Food,Consumer & Retail,Series C,Late Stage (Series C-D),United States,North America,64.0,4.174387269895637,5.303304908059076,4.61512051684126,2,"Enterprise Mega-Downscalers (High Capitalization, Scaled Magnitude)"
Chrono24,3,True,2022-12-08,2025-01-16,770,385.0,53.0,255.0,85.0,110.0,0.185,0.185,0.24,Retail,Consumer & Retail,Series C,Late Stage (Series C-D),Germany,Europe,205.0,5.327876168789581,5.545177444479562,4.709530201312334,2,"Enterprise Mega-Downscalers (High Capitalization, Scaled Magnitude)"
Circle,2,True,2023-07-12,2024-12-05,512,512.0,512.0,50.0,50.0,50.0,0.06,0.06,0.06,Crypto,Fintech & Financial Services,Private Equity,Private Equity Owned,United States,North America,1100.0,7.00397413672268,3.9318256327243257,3.9318256327243257,1,Severe Single-Wave Resets (Deep Structural Cuts)
CircleCI,3,True,2022-12-07,2024-01-31,420,210.0,167.0,100.0,100.0,100.0,0.17,0.17,0.17,Product,Other / Diversified,Series F,Growth Stage (Series E+),United States,North America,315.0,5.755742213586912,4.61512051684126,4.61512051684126,2,"Enterprise Mega-Downscalers (High Capitalization, Scaled Magnitude)"
Cisco,6,True,2022-11-16,2026-05-13,1274,254.8,150.0,18521.0,3086.8333333333335,5600.0,0.05500000000000001,0.05,0.07,Infrastructure,Enterprise & Infrastructure,Post-IPO,Public (Post-IPO),United States,North America,2.0,1.0986122886681098,9.826714493730215,8.630700432209832,2,"Enterprise Mega-Downscalers (High Capitalization, Scaled Magnitude)"
Citrine Informatics,1,False,2023-01-20,2023-01-20,0,,,22.0,22.0,22.0,0.27,0.27,0.27,Data,Enterprise & Infrastructure,Series C,Late Stage (Series C-D),United States,North America,64.0,4.174387269895637,3.1354942159291497,3.1354942159291497,1,Severe Single-Wave Resets (Deep Structural Cuts)
Citrix,2,True,2023-01-10,2024-01-10,365,365.0,365.0,1000.0,1000.0,1000.0,0.135,0.135,0.15,Infrastructure,Enterprise & Infrastructure,Acquired,Acquired / Subsidiary,United States,North America,20.0,3.044522437723423,6.90875477931522,6.90875477931522,2,"Enterprise Mega-Downscalers (High Capitalization, Scaled Magnitude)"
CityMall,2,True,2022-06-19,2023-10-16,484,484.0,484.0,281.0,140.5,191.0,0.3,0.3,0.3,Retail,Consumer & Retail,Series C,Late Stage (Series C-D),India,Asia-Pacific,112.0,4.727387818712341,5.641907070938114,5.2574953720277815,1,Severe Single-Wave Resets (Deep Structural Cuts)
Cityblock Health,1,False,2023-06-08,2023-06-08,0,,,155.0,155.0,155.0,0.12,0.12,0.12,Healthcare,Healthcare & BioTech,Series D,Late Stage (Series C-D),United States,North America,891.0,6.79346613258001,5.049856007249537,5.049856007249537,1,Severe Single-Wave Resets (Deep Structural Cuts)
Clarify Health,1,False,2022-07-22,2022-07-22,0,,,15.0,15.0,15.0,0.05,0.05,0.05,Healthcare,Healthcare & BioTech,Series D,Late Stage (Series C-D),United States,North America,328.0,5.796057750765372,2.772588722239781,2.772588722239781,1,Severe Single-Wave Resets (Deep Structural Cuts)
ClassPass,1,False,2020-04-02,2020-04-02,0,,,154.0,154.0,154.0,0.22,0.22,0.22,Fitness,Other / Diversified,Series E,Growth Stage (Series E+),United States,North America,549.0,6.309918278226516,5.043425116919247,5.043425116919247,1,Severe Single-Wave Resets (Deep Structural Cuts)
Clear,2,True,2022-09-16,2025-08-01,1050,1050.0,1050.0,335.0,167.5,190.0,0.18,0.18,0.2,Finance,Fintech & Financial Services,Series C,Late Stage (Series C-D),India,Asia-Pacific,140.0,4.948759890378168,5.817111159963204,5.25227342804663,2,"Enterprise Mega-Downscalers (High Capitalization, Scaled Magnitude)"
Clear Capital,2,True,2022-10-14,2023-01-25,103,103.0,103.0,628.0,314.0,378.0,0.26,0.26,0.27,Real Estate,Real Estate & PropTech,Unknown,Unspecified / Private,United States,North America,,5.159055299214529,6.444131256700441,5.937536205082426,1,Severe Single-Wave Resets (Deep Structural Cuts)
ClearCo,1,False,2023-01-16,2023-01-16,0,,,50.0,50.0,50.0,0.3,0.3,0.3,Finance,Fintech & Financial Services,Series C,Late Stage (Series C-D),Canada,North America,698.0,6.54965074223381,3.9318256327243257,3.9318256327243257,1,Severe Single-Wave Resets (Deep Structural Cuts)
Clearbanc,1,False,2020-04-13,2020-04-13,0,,,17.0,17.0,17.0,0.08,0.08,0.08,Finance,Fintech & Financial Services,Series B,Expansion Stage (Series B),Canada,North America,119.0,4.787491742782046,2.8903717578961645,2.8903717578961645,1,Severe Single-Wave Resets (Deep Structural Cuts)
Clearco,3,True,2022-06-06,2022-07-29,53,26.5,0.0,185.0,92.5,125.0,0.25,0.25,0.25,Finance,Fintech & Financial Services,Series C,Late Stage (Series C-D),Canada,North America,681.0,6.525029657843462,5.225746673713202,4.836281906951478,2,"Enterprise Mega-Downscalers (High Capitalization, Scaled Magnitude)"
Clearcover,2,True,2023-04-17,2023-09-01,137,137.0,137.0,81.0,81.0,81.0,0.21500000000000002,0.21500000000000002,0.28,Finance,Fintech & Financial Services,Series D,Late Stage (Series C-D),United States,North America,304.0,5.720311776607412,4.406719247264253,4.406719247264253,1,Severe Single-Wave Resets (Deep Structural Cuts)
CleverTap,1,False,2020-04-16,2020-04-16,0,,,60.0,60.0,60.0,0.2,0.2,0.2,Marketing,Marketing & Media,Series C,Late Stage (Series C-D),India,Asia-Pacific,76.0,4.343805421853684,4.110873864173311,4.110873864173311,1,Severe Single-Wave Resets (Deep Structural Cuts)
ClickUp,3,True,2022-05-23,2026-05-21,1459,729.5,401.0,150.0,75.0,90.0,0.13,0.1,0.22,Other,Other / Diversified,Series C,Late Stage (Series C-D),United States,North America,537.0,6.2878585601617845,5.017279836814924,4.51085950651685,2,"Enterprise Mega-Downscalers (High Capitalization, Scaled Magnitude)"
Climeworks,1,False,2025-05-21,2025-05-21,0,,,106.0,106.0,106.0,0.22,0.22,0.22,Energy,Other / Diversified,Private Equity,Private Equity Owned,Switzerland,Europe,734.0,6.5998704992128365,4.672828834461906,4.672828834461906,1,Severe Single-Wave Resets (Deep Structural Cuts)
Clinc,1,False,2020-04-09,2020-04-09,0,,,40.0,40.0,40.0,0.32,0.32,0.32,Support,Enterprise & Infrastructure,Series B,Expansion Stage (Series B),United States,North America,59.0,4.0943445622221,3.713572066704308,3.713572066704308,1,Severe Single-Wave Resets (Deep Structural Cuts)
Cloudflare,2,True,2024-01-11,2026-05-07,847,847.0,847.0,1140.0,570.0,1100.0,0.2,0.2,0.2,Security,Enterprise & Infrastructure,Post-IPO,Public (Post-IPO),United States,North America,332.0,5.808142489980444,7.039660349862076,7.00397413672268,2,"Enterprise Mega-Downscalers (High Capitalization, Scaled Magnitude)"
Cloudinary,1,False,2022-11-14,2022-11-14,0,,,40.0,40.0,40.0,0.08,0.08,0.08,Media,Marketing & Media,Unknown,Unspecified / Private,United States,North America,100.0,4.61512051684126,3.713572066704308,3.713572066704308,1,Severe Single-Wave Resets (Deep Structural Cuts)
Clue,1,False,2023-01-18,2023-01-18,0,,,31.0,31.0,31.0,0.31,0.31,0.31,Healthcare,Healthcare & BioTech,Unknown,Unspecified / Private,Germany,Europe,47.0,3.871201010907891,3.4657359027997265,3.4657359027997265,1,Severe Single-Wave Resets (Deep Structural Cuts)
Clutch,2,True,2022-06-29,2023-01-17,202,202.0,202.0,226.0,113.0,150.0,0.22,0.22,0.22,Transportation,Travel & Transportation,Unknown,Unspecified / Private,Canada,North America,253.0,5.537334267018537,5.424950017481403,5.017279836814924,1,Severe Single-Wave Resets (Deep Structural Cuts)
Code42,3,True,2020-04-09,2023-07-17,1194,597.0,252.0,25.0,25.0,25.0,0.1,0.1,0.15,Security,Enterprise & Infrastructure,Unknown,Unspecified / Private,United States,North America,137.5,4.930870325627393,3.258096538021482,3.258096538021482,2,"Enterprise Mega-Downscalers (High Capitalization, Scaled Magnitude)"
CodeClan,1,False,2023-08-04,2023-08-04,0,,,57.0,57.0,57.0,1.0,1.0,1.0,Education,EdTech & Learning,Seed,Early Stage (Seed),United Kingdom,Europe,,5.159055299214529,4.060443010546419,4.060443010546419,0,Targeted Multi-Wave Downscalers (Iterative Restructuring)
Coding Dojo,1,False,2020-04-02,2020-04-02,0,,,7.0,7.0,7.0,0.07,0.07,0.07,Education,EdTech & Learning,Unknown,Unspecified / Private,United States,North America,2.0,1.0986122886681098,2.0794415416798357,2.0794415416798357,1,Severe Single-Wave Resets (Deep Structural Cuts)
Cogito,2,True,2020-04-06,2023-04-29,1118,1118.0,1118.0,201.0,100.5,177.0,0.14,0.14,0.14,Data,Enterprise & Infrastructure,Unknown,Unspecified / Private,India,Asia-Pacific,92.0,4.532599493153256,5.308267697401205,5.181783550292085,2,"Enterprise Mega-Downscalers (High Capitalization, Scaled Magnitude)"
Cognyte,1,False,2022-12-02,2022-12-02,0,,,100.0,100.0,100.0,0.05,0.05,0.05,Security,Enterprise & Infrastructure,Unknown,Unspecified / Private,Israel,Middle East,,5.159055299214529,4.61512051684126,4.61512051684126,1,Severe Single-Wave Resets (Deep Structural Cuts)
Cohere,1,False,2024-07-23,2024-07-23,0,,,20.0,20.0,20.0,0.05,0.05,0.05,AI,Other / Diversified,Series D,Late Stage (Series C-D),Canada,North America,935.0,6.841615476477592,3.044522437723423,3.044522437723423,1,Severe Single-Wave Resets (Deep Structural Cuts)
CoinDCX,2,True,2023-01-11,2023-08-22,223,223.0,223.0,80.0,80.0,80.0,0.12,0.12,0.12,Crypto,Fintech & Financial Services,Series D,Late Stage (Series C-D),India,Asia-Pacific,247.0,5.5134287461649825,4.394449154672439,4.394449154672439,1,Severe Single-Wave Resets (Deep Structural Cuts)
CoinJar,1,False,2022-11-29,2022-11-29,0,,,10.0,10.0,10.0,0.2,0.2,0.2,Crypto,Fintech & Financial Services,Unknown,Unspecified / Private,Australia,Asia-Pacific,1.0,0.6931471805599453,2.3978952727983707,2.3978952727983707,1,Severe Single-Wave Resets (Deep Structural Cuts)
Coinbase,4,True,2022-06-14,2026-05-05,1421,473.6666666666667,61.0,2810.0,702.5,1100.0,0.17333333333333334,0.18,0.2,Crypto,Fintech & Financial Services,Post-IPO,Public (Post-IPO),United States,North America,549.0,6.309918278226516,7.941295570906532,7.00397413672268,2,"Enterprise Mega-Downscalers (High Capitalization, Scaled Magnitude)"
Coinsquare,1,False,2022-07-27,2022-07-27,0,,,30.0,30.0,30.0,0.24,0.24,0.24,Crypto,Fintech & Financial Services,Unknown,Unspecified / Private,Canada,North America,98.0,4.59511985013459,3.4339872044851463,3.4339872044851463,1,Severe Single-Wave Resets (Deep Structural Cuts)
CommerceHub,1,False,2023-02-14,2023-02-14,0,,,371.0,371.0,371.0,0.31,0.31,0.31,Retail,Consumer & Retail,Acquired,Acquired / Subsidiary,United States,North America,,5.159055299214529,5.918893854273146,5.918893854273146,1,Severe Single-Wave Resets (Deep Structural Cuts)
CommonBond,2,True,2022-05-13,2022-09-09,119,119.0,119.0,22.0,22.0,22.0,1.0,1.0,1.0,Finance,Fintech & Financial Services,Series D,Late Stage (Series C-D),United States,North America,130.0,4.875197323201151,3.1354942159291497,3.1354942159291497,0,Targeted Multi-Wave Downscalers (Iterative Restructuring)
Community,1,False,2022-06-21,2022-06-21,0,,,40.0,40.0,40.0,0.3,0.3,0.3,Marketing,Marketing & Media,Unknown,Unspecified / Private,United States,North America,40.0,3.713572066704308,3.713572066704308,3.713572066704308,1,Severe Single-Wave Resets (Deep Structural Cuts)
Community Gaming,1,False,2023-04-14,2023-04-14,0,,,17.0,17.0,17.0,0.17,0.17,0.17,Crypto,Fintech & Financial Services,Series A,Early Venture (Series A),United States,North America,18.0,2.9444389791664403,2.8903717578961645,2.8903717578961645,1,Severe Single-Wave Resets (Deep Structural Cuts)
Compass,4,True,2020-03-23,2023-01-05,1018,339.3333333333333,98.0,1096.0,365.3333333333333,450.0,0.125,0.125,0.15,Real Estate,Real Estate & PropTech,Post-IPO,Public (Post-IPO),United States,North America,1600.0,7.3783837129967145,7.00033446027523,6.111467339502679,2,"Enterprise Mega-Downscalers (High Capitalization, Scaled Magnitude)"
Compete,1,False,2022-09-12,2022-09-12,0,,,11.0,11.0,11.0,0.28,0.28,0.28,HR,Other / Diversified,Series A,Early Venture (Series A),Israel,Middle East,17.0,2.8903717578961645,2.4849066497880004,2.4849066497880004,1,Severe Single-Wave Resets (Deep Structural Cuts)
Confluent,1,False,2023-01-26,2023-01-26,0,,,221.0,221.0,221.0,0.08,0.08,0.08,Data,Enterprise & Infrastructure,Post-IPO,Public (Post-IPO),United States,North America,455.0,6.1224928095143865,5.402677381872279,5.402677381872279,1,Severe Single-Wave Resets (Deep Structural Cuts)
Connected,1,False,2020-04-08,2020-04-08,0,,,17.0,17.0,17.0,0.1,0.1,0.1,Product,Other / Diversified,Unknown,Unspecified / Private,Canada,North America,,5.159055299214529,2.8903717578961645,2.8903717578961645,1,Severe Single-Wave Resets (Deep Structural Cuts)
ConsenSys,4,True,2020-04-20,2025-07-22,1919,639.6666666666666,266.0,401.0,100.25,163.0,0.13,0.125,0.2,Crypto,Fintech & Financial Services,Series D,Late Stage (Series C-D),United States,North America,726.0,6.588926477533519,5.996452088619021,5.099866427824199,2,"Enterprise Mega-Downscalers (High Capitalization, Scaled Magnitude)"
Consider.co,1,False,2020-03-26,2020-03-26,0,,,13.0,13.0,13.0,1.0,1.0,1.0,Other,Other / Diversified,Seed,Early Stage (Seed),United States,North America,5.0,1.791759469228055,2.6390573296152584,2.6390573296152584,0,Targeted Multi-Wave Downscalers (Iterative Restructuring)
ContaAzul,1,False,2020-04-17,2020-04-17,0,,,140.0,140.0,140.0,0.35,0.35,0.35,Education,EdTech & Learning,Series D,Late Stage (Series C-D),Brazil,Latin America,37.0,3.6375861597263857,4.948759890378168,4.948759890378168,1,Severe Single-Wave Resets (Deep Structural Cuts)
ContraFect,1,False,2022-08-15,2022-08-15,0,,,16.0,16.0,16.0,0.37,0.37,0.37,Healthcare,Healthcare & BioTech,Post-IPO,Public (Post-IPO),United States,North America,380.0,5.942799375126701,2.833213344056216,2.833213344056216,1,Severe Single-Wave Resets (Deep Structural Cuts)
Convene,2,True,2020-03-23,2022-12-10,992,992.0,992.0,150.0,150.0,150.0,0.18,0.18,0.18,Real Estate,Real Estate & PropTech,Unknown,Unspecified / Private,United States,North America,281.0,5.641907070938114,5.017279836814924,5.017279836814924,2,"Enterprise Mega-Downscalers (High Capitalization, Scaled Magnitude)"
Convoy,6,True,2020-04-23,2023-10-19,1274,254.8,114.0,620.0,206.66666666666666,500.0,0.2825,0.060000000000000005,1.0,Logistics,Travel & Transportation,Series E,Growth Stage (Series E+),United States,North America,1100.0,7.00397413672268,6.431331081933479,6.2166061010848646,2,"Enterprise Mega-Downscalers (High Capitalization, Scaled Magnitude)"
Copia,2,True,2023-07-26,2024-06-06,316,316.0,316.0,1410.0,705.0,1060.0,0.25,0.25,0.25,Retail,Consumer & Retail,Series C,Late Stage (Series C-D),Kenya,Africa,103.0,4.6443908991413725,7.252053951852814,6.966967138613983,2,"Enterprise Mega-Downscalers (High Capitalization, Scaled Magnitude)"
Copper,2,True,2020-04-02,2023-03-22,1084,1084.0,1084.0,35.0,35.0,35.0,0.15,0.15,0.15,Crypto,Fintech & Financial Services,Series C,Late Stage (Series C-D),United Kingdom,Europe,281.0,5.641907070938114,3.58351893845611,3.58351893845611,1,Severe Single-Wave Resets (Deep Structural Cuts)
Cornershop,2,True,2023-05-11,2024-04-10,335,335.0,335.0,450.0,225.0,250.0,0.11,0.11,0.11,Food,Consumer & Retail,Acquired,Acquired / Subsidiary,Chile,Latin America,32.0,3.4965075614664802,6.111467339502679,5.5254529391317835,1,Severe Single-Wave Resets (Deep Structural Cuts)
Coterie Insurance,1,False,2022-05-25,2022-05-25,0,,,30.0,30.0,30.0,0.2,0.2,0.2,Finance,Fintech & Financial Services,Series B,Expansion Stage (Series B),United States,North America,70.0,4.2626798770413155,3.4339872044851463,3.4339872044851463,1,Severe Single-Wave Resets (Deep Structural Cuts)
Course Hero,2,True,2023-03-16,2023-12-05,264,264.0,264.0,42.0,42.0,42.0,0.2,0.2,0.25,Education,EdTech & Learning,Series C,Late Stage (Series C-D),United States,North America,477.0,6.169610732491456,3.7612001156935624,3.7612001156935624,1,Severe Single-Wave Resets (Deep Structural Cuts)
Coursera,3,True,2022-11-09,2026-07-06,1335,667.5,619.0,150.0,150.0,150.0,0.1,0.1,0.1,Education,EdTech & Learning,Acquired,Acquired / Subsidiary,United States,North America,458.0,6.129050210060545,5.017279836814924,5.017279836814924,2,"Enterprise Mega-Downscalers (High Capitalization, Scaled Magnitude)"
Cowbell,1,False,2023-09-29,2023-09-29,0,,,28.0,28.0,28.0,0.12,0.12,0.12,Finance,Fintech & Financial Services,Series B,Expansion Stage (Series B),United States,North America,123.0,4.820281565605037,3.367295829986474,3.367295829986474,1,Severe Single-Wave Resets (Deep Structural Cuts)
Crayon,1,False,2020-04-01,2020-04-01,0,,,20.0,20.0,20.0,0.2,0.2,0.2,Marketing,Marketing & Media,Series A,Early Venture (Series A),United States,North America,16.0,2.833213344056216,3.044522437723423,3.044522437723423,1,Severe Single-Wave Resets (Deep Structural Cuts)
Credit Sesame,1,False,2020-06-03,2020-06-03,0,,,22.0,22.0,22.0,0.14,0.14,0.14,Finance,Fintech & Financial Services,Series F,Growth Stage (Series E+),United States,North America,120.0,4.795790545596741,3.1354942159291497,3.1354942159291497,1,Severe Single-Wave Resets (Deep Structural Cuts)
Crejo.Fun,1,False,2022-06-30,2022-06-30,0,,,170.0,170.0,170.0,1.0,1.0,1.0,Education,EdTech & Learning,Seed,Early Stage (Seed),India,Asia-Pacific,3.0,1.3862943611198906,5.14166355650266,5.14166355650266,0,Targeted Multi-Wave Downscalers (Iterative Restructuring)
Criteo,2,True,2023-02-21,2024-04-12,416,416.0,416.0,140.0,140.0,140.0,0.04,0.04,0.04,Marketing,Marketing & Media,Post-IPO,Public (Post-IPO),France,Europe,61.0,4.127134385045092,4.948759890378168,4.948759890378168,1,Severe Single-Wave Resets (Deep Structural Cuts)
Crossbeam,1,False,2023-03-30,2023-03-30,0,,,17.0,17.0,17.0,0.15,0.15,0.15,Sales,Professional Services,Series C,Late Stage (Series C-D),United States,North America,116.0,4.762173934797756,2.8903717578961645,2.8903717578961645,1,Severe Single-Wave Resets (Deep Structural Cuts)
CrowdStreet,1,False,2020-06-01,2020-06-01,0,,,24.0,24.0,24.0,0.22,0.22,0.22,Real Estate,Real Estate & PropTech,Series C,Late Stage (Series C-D),United States,North America,24.0,3.2188758248682006,3.2188758248682006,3.2188758248682006,1,Severe Single-Wave Resets (Deep Structural Cuts)
CrowdStrike,1,False,2025-05-07,2025-05-07,0,,,500.0,500.0,500.0,0.05,0.05,0.05,Security,Enterprise & Infrastructure,Post-IPO,Public (Post-IPO),United States,North America,1200.0,7.0909098220799835,6.2166061010848646,6.2166061010848646,1,Severe Single-Wave Resets (Deep Structural Cuts)
Cruise,3,True,2020-05-14,2025-02-04,1727,863.5,418.0,2050.0,683.3333333333334,1000.0,0.2733333333333334,0.24,0.5,Transportation,Travel & Transportation,Acquired,Acquired / Subsidiary,United States,North America,15000.0,9.61587214452889,7.62608275807238,6.90875477931522,2,"Enterprise Mega-Downscalers (High Capitalization, Scaled Magnitude)"
Crypto.com,5,True,2022-06-10,2026-03-19,1378,344.5,51.0,2260.0,1130.0,2000.0,0.1675,0.16,0.3,Crypto,Fintech & Financial Services,Unknown,Unspecified / Private,Singapore,Asia-Pacific,156.0,5.056245805348308,7.72356247227797,7.601402334583733,2,"Enterprise Mega-Downscalers (High Capitalization, Scaled Magnitude)"
Cue Health,5,True,2023-04-28,2024-05-22,390,97.5,19.0,1075.0,215.0,326.0,0.44399999999999995,0.3,1.0,Healthcare,Healthcare & BioTech,Post-IPO,Public (Post-IPO),United States,North America,899.0,6.802394763324311,6.98100574072173,5.7899601708972535,2,"Enterprise Mega-Downscalers (High Capitalization, Scaled Magnitude)"
Culture Amp,4,True,2020-05-28,2026-06-26,2220,740.0,220.0,256.0,64.0,90.0,0.07999999999999999,0.08499999999999999,0.09,HR,Other / Diversified,Series F,Growth Stage (Series E+),Australia,Asia-Pacific,257.0,5.552959584921617,5.54907608489522,4.51085950651685,2,"Enterprise Mega-Downscalers (High Capitalization, Scaled Magnitude)"
Culture Trip,1,False,2020-05-01,2020-05-01,0,,,95.0,95.0,95.0,0.32,0.32,0.32,Media,Marketing & Media,Series B,Expansion Stage (Series B),United Kingdom,Europe,102.0,4.634728988229636,4.564348191467836,4.564348191467836,1,Severe Single-Wave Resets (Deep Structural Cuts)
Curefit,2,True,2020-05-04,2020-07-17,74,74.0,74.0,920.0,460.0,800.0,0.16,0.16,0.16,Fitness,Other / Diversified,Series D,Late Stage (Series C-D),India,Asia-Pacific,404.6,6.005367452276974,6.825460036255307,6.68586094706836,2,"Enterprise Mega-Downscalers (High Capitalization, Scaled Magnitude)"
Curve,1,False,2022-06-01,2022-06-01,0,,,65.0,65.0,65.0,0.1,0.1,0.1,Finance,Fintech & Financial Services,Series C,Late Stage (Series C-D),United Kingdom,Europe,182.0,5.209486152841421,4.189654742026425,4.189654742026425,1,Severe Single-Wave Resets (Deep Structural Cuts)
Cvent,1,False,2020-05-21,2020-05-21,0,,,400.0,400.0,400.0,0.1,0.1,0.1,Marketing,Marketing & Media,Acquired,Acquired / Subsidiary,United States,North America,146.0,4.990432586778736,5.993961427306569,5.993961427306569,1,Severe Single-Wave Resets (Deep Structural Cuts)
CyCognito,1,False,2022-12-08,2022-12-08,0,,,30.0,30.0,30.0,0.15,0.15,0.15,Security,Enterprise & Infrastructure,Series C,Late Stage (Series C-D),United States,North America,153.0,5.0369526024136295,3.4339872044851463,3.4339872044851463,1,Severe Single-Wave Resets (Deep Structural Cuts)
Cyberark,1,False,2026-02-17,2026-02-17,0,,,500.0,500.0,500.0,0.12,0.12,0.12,Security,Enterprise & Infrastructure,Acquired,Acquired / Subsidiary,United States,North America,1700.0,7.438971592395862,6.2166061010848646,6.2166061010848646,1,Severe Single-Wave Resets (Deep Structural Cuts)
Cybereason,3,True,2022-06-01,2024-03-20,658,329.0,147.0,300.0,150.0,200.0,0.115,0.115,0.17,Security,Enterprise & Infrastructure,Series F,Growth Stage (Series E+),United States,North America,750.0,6.621405651764134,5.707110264748875,5.303304908059076,2,"Enterprise Mega-Downscalers (High Capitalization, Scaled Magnitude)"
D-ID,1,False,2025-03-10,2025-03-10,0,,,22.0,22.0,22.0,0.25,0.25,0.25,AI,Other / Diversified,Series B,Expansion Stage (Series B),Israel,Middle East,48.0,3.8918202981106265,3.1354942159291497,3.1354942159291497,1,Severe Single-Wave Resets (Deep Structural Cuts)
D2iQ,2,True,2020-04-03,2023-12-08,1344,1344.0,1344.0,34.0,34.0,34.0,0.565,0.565,1.0,Infrastructure,Enterprise & Infrastructure,Series D,Late Stage (Series C-D),United States,North America,247.0,5.5134287461649825,3.5553480614894135,3.5553480614894135,0,Targeted Multi-Wave Downscalers (Iterative Restructuring)
DHI Group,1,False,2023-05-26,2023-05-26,0,,,53.0,53.0,53.0,0.1,0.1,0.1,Recruiting,Professional Services,Post-IPO,Public (Post-IPO),United States,North America,,5.159055299214529,3.9889840465642745,3.9889840465642745,1,Severe Single-Wave Resets (Deep Structural Cuts)
Daily Harvest,2,True,2022-02-10,2022-08-08,179,179.0,179.0,60.0,60.0,60.0,0.175,0.175,0.2,Food,Consumer & Retail,Series D,Late Stage (Series C-D),United States,North America,120.0,4.795790545596741,4.110873864173311,4.110873864173311,1,Severe Single-Wave Resets (Deep Structural Cuts)
Daniel Wellington,1,False,2022-06-09,2022-06-09,0,,,200.0,200.0,200.0,0.15,0.15,0.15,Retail,Consumer & Retail,Unknown,Unspecified / Private,Sweden,Europe,,5.159055299214529,5.303304908059076,5.303304908059076,1,Severe Single-Wave Resets (Deep Structural Cuts)
Dapper Labs,3,True,2022-11-02,2023-07-12,252,126.0,113.0,185.0,92.5,134.0,0.21000000000000002,0.21000000000000002,0.22,Crypto,Fintech & Financial Services,Unknown,Unspecified / Private,Canada,North America,607.0,6.410174881966167,5.225746673713202,4.90527477843843,2,"Enterprise Mega-Downscalers (High Capitalization, Scaled Magnitude)"
Dark,1,False,2020-06-23,2020-06-23,0,,,6.0,6.0,6.0,1.0,1.0,1.0,Product,Other / Diversified,Seed,Early Stage (Seed),United States,North America,3.0,1.3862943611198906,1.9459101490553132,1.9459101490553132,0,Targeted Multi-Wave Downscalers (Iterative Restructuring)
Darrow,1,False,2026-07-07,2026-07-07,0,,,60.0,60.0,60.0,0.33,0.33,0.33,Legal,Professional Services,Series B,Expansion Stage (Series B),Israel,Middle East,63.0,4.1588830833596715,4.110873864173311,4.110873864173311,1,Severe Single-Wave Resets (Deep Structural Cuts)
DataRails,1,False,2022-12-05,2022-12-05,0,,,30.0,30.0,30.0,0.18,0.18,0.18,Finance,Fintech & Financial Services,Series B,Expansion Stage (Series B),Israel,Middle East,103.0,4.6443908991413725,3.4339872044851463,3.4339872044851463,1,Severe Single-Wave Resets (Deep Structural Cuts)
DataRobot,4,True,2020-03-27,2022-08-23,879,293.0,15.0,270.0,135.0,200.0,0.165,0.165,0.26,Data,Enterprise & Infrastructure,Series G,Growth Stage (Series E+),United States,North America,1000.0,6.90875477931522,5.602118820879701,5.303304908059076,2,"Enterprise Mega-Downscalers (High Capitalization, Scaled Magnitude)"
Dataminr,1,False,2023-11-28,2023-11-28,0,,,150.0,150.0,150.0,0.2,0.2,0.2,AI,Other / Diversified,Series F,Growth Stage (Series E+),United States,North America,1100.0,7.00397413672268,5.017279836814924,5.017279836814924,1,Severe Single-Wave Resets (Deep Structural Cuts)
Dazn,1,False,2022-05-26,2022-05-26,0,,,50.0,50.0,50.0,0.02,0.02,0.02,Consumer,Consumer & Retail,Unknown,Unspecified / Private,United Kingdom,Europe,,5.159055299214529,3.9318256327243257,3.9318256327243257,1,Severe Single-Wave Resets (Deep Structural Cuts)
Deadspin,1,False,2024-03-11,2024-03-11,0,,,11.0,11.0,11.0,1.0,1.0,1.0,Media,Marketing & Media,Acquired,Acquired / Subsidiary,United States,North America,,5.159055299214529,2.4849066497880004,2.4849066497880004,0,Targeted Multi-Wave Downscalers (Iterative Restructuring)
DealShare,2,True,2023-01-27,2023-09-21,237,237.0,237.0,230.0,115.0,130.0,0.06,0.06,0.06,Retail,Consumer & Retail,Series E,Growth Stage (Series E+),India,Asia-Pacific,390.0,5.968707559985366,5.442417710521793,4.875197323201151,1,Severe Single-Wave Resets (Deep Structural Cuts)
Dealtale,1,False,2023-08-09,2023-08-09,0,,,70.0,70.0,70.0,1.0,1.0,1.0,Sales,Professional Services,Acquired,Acquired / Subsidiary,Israel,Middle East,2.0,1.0986122886681098,4.2626798770413155,4.2626798770413155,0,Targeted Multi-Wave Downscalers (Iterative Restructuring)
Deep Instict,1,False,2023-07-25,2023-07-25,0,,,46.0,46.0,46.0,0.15,0.15,0.15,Security,Enterprise & Infrastructure,Unknown,Unspecified / Private,United States,North America,322.0,5.777652323222656,3.8501476017100584,3.8501476017100584,1,Severe Single-Wave Resets (Deep Structural Cuts)
Deep Instinct,2,True,2022-06-06,2025-05-04,1063,1063.0,1063.0,20.0,20.0,20.0,0.1,0.1,0.1,Security,Enterprise & Infrastructure,Unknown,Unspecified / Private,Israel,Middle East,322.0,5.777652323222656,3.044522437723423,3.044522437723423,1,Severe Single-Wave Resets (Deep Structural Cuts)
DeepL,1,False,2026-05-07,2026-05-07,0,,,250.0,250.0,250.0,0.21,0.21,0.21,AI,Other / Diversified,Unknown,Unspecified / Private,Germany,Europe,400.0,5.993961427306569,5.5254529391317835,5.5254529391317835,1,Severe Single-Wave Resets (Deep Structural Cuts)
DeepVerge,1,False,2023-07-12,2023-07-12,0,,,50.0,50.0,50.0,1.0,1.0,1.0,Healthcare,Healthcare & BioTech,Post-IPO,Public (Post-IPO),Ireland,Europe,20.0,3.044522437723423,3.9318256327243257,3.9318256327243257,0,Targeted Multi-Wave Downscalers (Iterative Restructuring)
Deepgram,1,False,2023-10-11,2023-10-11,0,,,20.0,20.0,20.0,0.2,0.2,0.2,AI,Other / Diversified,Series B,Expansion Stage (Series B),United States,North America,86.0,4.465908118654584,3.044522437723423,3.044522437723423,1,Severe Single-Wave Resets (Deep Structural Cuts)
Deepwatch,2,True,2023-07-13,2025-11-12,853,853.0,853.0,110.0,55.0,80.0,0.195,0.195,0.32,Security,Enterprise & Infrastructure,Series C,Late Stage (Series C-D),United States,North America,256.0,5.54907608489522,4.709530201312334,4.394449154672439,1,Severe Single-Wave Resets (Deep Structural Cuts)
Definitive Healthcare,1,False,2023-01-12,2023-01-12,0,,,55.0,55.0,55.0,0.06,0.06,0.06,Healthcare,Healthcare & BioTech,Post-IPO,Public (Post-IPO),United States,North America,,5.159055299214529,4.02535169073515,4.02535169073515,1,Severe Single-Wave Resets (Deep Structural Cuts)
Deliv,1,False,2020-05-13,2020-05-13,0,,,669.0,669.0,669.0,1.0,1.0,1.0,Retail,Consumer & Retail,Series C,Late Stage (Series C-D),United States,North America,80.0,4.394449154672439,6.507277712385012,6.507277712385012,0,Targeted Multi-Wave Downscalers (Iterative Restructuring)
Deliveroo,3,True,2020-04-28,2026-02-25,2129,1064.5,1017.0,904.0,301.3333333333333,367.0,0.12,0.12,0.15,Food,Consumer & Retail,Post-IPO,Public (Post-IPO),United Kingdom,Europe,1700.0,7.438971592395862,6.807934943699926,5.908082938168931,2,"Enterprise Mega-Downscalers (High Capitalization, Scaled Magnitude)"
Deliveroo Australia,1,False,2022-11-15,2022-11-15,0,,,120.0,120.0,120.0,1.0,1.0,1.0,Food,Consumer & Retail,Post-IPO,Public (Post-IPO),Australia,Asia-Pacific,1700.0,7.438971592395862,4.795790545596741,4.795790545596741,0,Targeted Multi-Wave Downscalers (Iterative Restructuring)
Delivery Hero,5,True,2021-12-22,2024-07-31,952,238.0,88.0,756.0,189.0,300.0,0.04,0.04,0.04,Food,Consumer & Retail,Post-IPO,Public (Post-IPO),Germany,Europe,9900.0,9.200391041122515,6.6293632534374485,5.707110264748875,2,"Enterprise Mega-Downscalers (High Capitalization, Scaled Magnitude)"
Dell,5,True,2023-02-06,2026-03-16,1134,283.5,133.0,23650.0,7883.333333333333,11000.0,0.06666666666666667,0.05,0.1,Hardware,Hardware & Manufacturing,Post-IPO,Public (Post-IPO),United States,North America,,5.159055299214529,10.071160676324263,9.305741456739435,2,"Enterprise Mega-Downscalers (High Capitalization, Scaled Magnitude)"
Demandbase,1,False,2022-09-07,2022-09-07,0,,,27.0,27.0,27.0,0.03,0.03,0.03,Sales,Professional Services,Series H,Growth Stage (Series E+),United States,North America,143.0,4.969813299576001,3.332204510175204,3.332204510175204,1,Severe Single-Wave Resets (Deep Structural Cuts)
Deputy,1,False,2020-05-04,2020-05-04,0,,,60.0,60.0,60.0,0.3,0.3,0.3,HR,Other / Diversified,Series B,Expansion Stage (Series B),Australia,Asia-Pacific,106.0,4.672828834461906,4.110873864173311,4.110873864173311,1,Severe Single-Wave Resets (Deep Structural Cuts)
Descartes Labs,1,False,2020-06-02,2020-06-02,0,,,12.0,12.0,12.0,0.16,0.16,0.16,Data,Enterprise & Infrastructure,Series B,Expansion Stage (Series B),United States,North America,58.0,4.07753744390572,2.5649493574615367,2.5649493574615367,1,Severe Single-Wave Resets (Deep Structural Cuts)
DialSource,1,False,2020-03-31,2020-03-31,0,,,5.0,5.0,5.0,0.14,0.14,0.14,Marketing,Marketing & Media,Series B,Expansion Stage (Series B),United States,North America,26.0,3.295836866004329,1.791759469228055,1.791759469228055,1,Severe Single-Wave Resets (Deep Structural Cuts)
Digimarc,2,True,2023-02-17,2025-02-27,741,741.0,741.0,90.0,90.0,90.0,0.4,0.4,0.4,Other,Other / Diversified,Post-IPO,Public (Post-IPO),United States,North America,105.0,4.663439094112067,4.51085950651685,4.51085950651685,1,Severe Single-Wave Resets (Deep Structural Cuts)
Digital Currency Gruop,1,False,2022-11-02,2022-11-02,0,,,10.0,10.0,10.0,0.13,0.13,0.13,Crypto,Fintech & Financial Services,Unknown,Unspecified / Private,United States,North America,,5.159055299214529,2.3978952727983707,2.3978952727983707,1,Severe Single-Wave Resets (Deep Structural Cuts)
DigitalOcean,1,False,2023-02-15,2023-02-15,0,,,200.0,200.0,200.0,0.11,0.11,0.11,Infrastructure,Enterprise & Infrastructure,Post-IPO,Public (Post-IPO),United States,North America,491.0,6.198478716492308,5.303304908059076,5.303304908059076,1,Severe Single-Wave Resets (Deep Structural Cuts)
Discord,2,True,2023-08-03,2024-01-11,161,161.0,161.0,207.0,103.5,170.0,0.10500000000000001,0.10500000000000001,0.17,Consumer,Consumer & Retail,Series H,Growth Stage (Series E+),United States,North America,995.0,6.903747257584598,5.337538079701318,5.14166355650266,1,Severe Single-Wave Resets (Deep Structural Cuts)
Divergent 3D,1,False,2020-04-24,2020-04-24,0,,,57.0,57.0,57.0,0.36,0.36,0.36,Transportation,Travel & Transportation,Series B,Expansion Stage (Series B),United States,North America,88.0,4.48863636973214,4.060443010546419,4.060443010546419,1,Severe Single-Wave Resets (Deep Structural Cuts)
Divvy Homes,4,True,2020-03-25,2023-09-11,1265,421.6666666666667,141.0,134.0,67.0,94.0,0.1,0.1,0.12,Real Estate,Real Estate & PropTech,Series B,Expansion Stage (Series B),United States,North America,180.0,5.198497031265826,4.90527477843843,4.553876891600541,2,"Enterprise Mega-Downscalers (High Capitalization, Scaled Magnitude)"
Dock,1,False,2022-11-07,2022-11-07,0,,,190.0,190.0,190.0,0.12,0.12,0.12,Finance,Fintech & Financial Services,Private Equity,Private Equity Owned,Brazil,Latin America,280.0,5.638354669333745,5.25227342804663,5.25227342804663,1,Severe Single-Wave Resets (Deep Structural Cuts)
Docly,1,False,2020-08-19,2020-08-19,0,,,8.0,8.0,8.0,0.8,0.8,0.8,Healthcare,Healthcare & BioTech,Seed,Early Stage (Seed),United Kingdom,Europe,15.5,2.803360380906535,2.1972245773362196,2.1972245773362196,0,Targeted Multi-Wave Downscalers (Iterative Restructuring)
DocuSign,3,True,2022-09-28,2024-02-06,496,248.0,141.0,1791.0,597.0,680.0,0.08333333333333333,0.09,0.1,Sales,Professional Services,Post-IPO,Public (Post-IPO),United States,North America,536.0,6.285998094508865,7.491087593534876,6.523562306149512,2,"Enterprise Mega-Downscalers (High Capitalization, Scaled Magnitude)"
Doma,3,True,2022-05-10,2022-12-06,210,105.0,86.0,1075.0,358.3333333333333,515.0,0.22666666666666668,0.15,0.4,Finance,Fintech & Financial Services,Post-IPO,Public (Post-IPO),United States,North America,679.0,6.522092798170152,6.98100574072173,6.246106765481563,2,"Enterprise Mega-Downscalers (High Capitalization, Scaled Magnitude)"
Domestika,2,True,2022-04-28,2023-03-31,337,337.0,337.0,239.0,119.5,150.0,0.32,0.32,0.45,Education,EdTech & Learning,Series D,Late Stage (Series C-D),Spain,Europe,130.0,4.875197323201151,5.480638923341991,5.017279836814924,1,Severe Single-Wave Resets (Deep Structural Cuts)
Domo,2,True,2020-04-09,2023-11-30,1330,1330.0,1330.0,90.0,90.0,90.0,0.085,0.085,0.1,Data,Enterprise & Infrastructure,Post-IPO,Public (Post-IPO),United States,North America,689.0,6.536691597591305,4.51085950651685,4.51085950651685,2,"Enterprise Mega-Downscalers (High Capitalization, Scaled Magnitude)"
DoorDash,1,False,2022-11-30,2022-11-30,0,,,1250.0,1250.0,1250.0,0.06,0.06,0.06,Food,Consumer & Retail,Post-IPO,Public (Post-IPO),United States,North America,2500.0,7.824445930877619,7.1316985104669115,7.1316985104669115,1,Severe Single-Wave Resets (Deep Structural Cuts)
Dotscience,1,False,2020-05-19,2020-05-19,0,,,10.0,10.0,10.0,1.0,1.0,1.0,Product,Other / Diversified,Unknown,Unspecified / Private,United Kingdom,Europe,,5.159055299214529,2.3978952727983707,2.3978952727983707,0,Targeted Multi-Wave Downscalers (Iterative Restructuring)
Dover,1,False,2022-07-26,2022-07-26,0,,,23.0,23.0,23.0,0.3,0.3,0.3,Recruiting,Professional Services,Series A,Early Venture (Series A),United States,North America,22.0,3.1354942159291497,3.1780538303479458,3.1780538303479458,1,Severe Single-Wave Resets (Deep Structural Cuts)
Doximity,1,False,2023-08-08,2023-08-08,0,,,100.0,100.0,100.0,0.1,0.1,0.1,Healthcare,Healthcare & BioTech,Post-IPO,Public (Post-IPO),United States,North America,82.0,4.418840607796598,4.61512051684126,4.61512051684126,1,Severe Single-Wave Resets (Deep Structural Cuts)
DraftKings,2,True,2023-02-01,2026-02-24,1119,1119.0,1119.0,140.0,140.0,140.0,0.04,0.04,0.04,Consumer,Consumer & Retail,Post-IPO,Public (Post-IPO),United States,North America,719.0,6.579251212010101,4.948759890378168,4.948759890378168,2,"Enterprise Mega-Downscalers (High Capitalization, Scaled Magnitude)"
Dragos,1,False,2023-06-06,2023-06-06,0,,,50.0,50.0,50.0,0.09,0.09,0.09,Security,Enterprise & Infrastructure,Series D,Late Stage (Series C-D),United States,North America,364.0,5.8998973535824915,3.9318256327243257,3.9318256327243257,1,Severe Single-Wave Resets (Deep Structural Cuts)
Drata,1,False,2024-09-26,2024-09-26,0,,,40.0,40.0,40.0,0.09,0.09,0.09,Security,Enterprise & Infrastructure,Series C,Late Stage (Series C-D),United States,North America,328.0,5.796057750765372,3.713572066704308,3.713572066704308,1,Severe Single-Wave Resets (Deep Structural Cuts)
Drift,2,True,2023-02-06,2023-09-07,213,213.0,213.0,159.0,79.5,100.0,0.25,0.25,0.25,Marketing,Marketing & Media,Acquired,Acquired / Subsidiary,United States,North America,107.0,4.68213122712422,5.075173815233827,4.61512051684126,1,Severe Single-Wave Resets (Deep Structural Cuts)
Drip Capital,1,False,2023-04-14,2023-04-14,0,,,75.0,75.0,75.0,0.2,0.2,0.2,Finance,Fintech & Financial Services,Series C,Late Stage (Series C-D),United States,North America,85.0,4.454347296253507,4.330733340286331,4.330733340286331,1,Severe Single-Wave Resets (Deep Structural Cuts)
Drizly,2,True,2023-03-29,2024-02-05,313,313.0,313.0,268.0,134.0,168.0,1.0,1.0,1.0,Retail,Consumer & Retail,Acquired,Acquired / Subsidiary,United States,North America,119.0,4.787491742782046,5.594711379601839,5.1298987149230735,0,Targeted Multi-Wave Downscalers (Iterative Restructuring)
Dropbox,3,True,2021-01-13,2024-10-30,1386,693.0,552.0,1342.0,447.3333333333333,527.0,0.17,0.16,0.2,Other,Other / Diversified,Post-IPO,Public (Post-IPO),United States,North America,1700.0,7.438971592395862,7.202661196523238,6.269096283706261,2,"Enterprise Mega-Downscalers (High Capitalization, Scaled Magnitude)"
Dropp,1,False,2023-02-14,2023-02-14,0,,,60.0,60.0,60.0,1.0,1.0,1.0,Retail,Consumer & Retail,Unknown,Unspecified / Private,Germany,Europe,2.0,1.0986122886681098,4.110873864173311,4.110873864173311,0,Targeted Multi-Wave Downscalers (Iterative Restructuring)
Dukaan,3,True,2022-10-31,2023-07-11,253,126.5,118.0,79.0,39.5,56.0,0.3,0.3,0.3,Retail,Consumer & Retail,Series A,Early Venture (Series A),India,Asia-Pacific,17.0,2.8903717578961645,4.382026634673881,4.04305126783455,1,Severe Single-Wave Resets (Deep Structural Cuts)
Dunzo,5,True,2023-01-16,2024-08-31,593,148.25,68.0,600.0,200.0,300.0,0.345,0.3,0.75,Food,Consumer & Retail,Unknown,Unspecified / Private,India,Asia-Pacific,458.0,6.129050210060545,6.398594934535208,5.707110264748875,2,"Enterprise Mega-Downscalers (High Capitalization, Scaled Magnitude)"
Dutchie,1,False,2022-06-06,2022-06-06,0,,,50.0,50.0,50.0,0.07,0.07,0.07,Other,Other / Diversified,Series D,Late Stage (Series C-D),United States,North America,603.0,6.403574197934815,3.9318256327243257,3.9318256327243257,1,Severe Single-Wave Resets (Deep Structural Cuts)
Dynamic Signal,1,False,2020-04-02,2020-04-02,0,,,35.0,35.0,35.0,0.19,0.19,0.19,HR,Other / Diversified,Series E,Growth Stage (Series E+),United States,North America,114.0,4.74493212836325,3.58351893845611,3.58351893845611,1,Severe Single-Wave Resets (Deep Structural Cuts)
EMX Digital,1,False,2023-02-13,2023-02-13,0,,,100.0,100.0,100.0,1.0,1.0,1.0,Marketing,Marketing & Media,Unknown,Unspecified / Private,United States,North America,,5.159055299214529,4.61512051684126,4.61512051684126,0,Targeted Multi-Wave Downscalers (Iterative Restructuring)
Earnin,1,False,2020-04-01,2020-04-01,0,,,50.0,50.0,50.0,0.2,0.2,0.2,Finance,Fintech & Financial Services,Series C,Late Stage (Series C-D),United States,North America,190.0,5.25227342804663,3.9318256327243257,3.9318256327243257,1,Severe Single-Wave Resets (Deep Structural Cuts)
Earnix,1,False,2023-05-04,2023-05-04,0,,,30.0,30.0,30.0,0.1,0.1,0.1,Finance,Fintech & Financial Services,Unknown,Unspecified / Private,Israel,Middle East,100.0,4.61512051684126,3.4339872044851463,3.4339872044851463,1,Severe Single-Wave Resets (Deep Structural Cuts)
Easee,1,False,2023-08-14,2023-08-14,0,,,200.0,200.0,200.0,0.57,0.57,0.57,Energy,Other / Diversified,Unknown,Unspecified / Private,Norway,Europe,,5.159055299214529,5.303304908059076,5.303304908059076,0,Targeted Multi-Wave Downscalers (Iterative Restructuring)
EasyPost,2,True,2020-03-11,2020-04-13,33,33.0,33.0,125.0,62.5,75.0,0.25,0.25,0.25,Logistics,Travel & Transportation,Series A,Early Venture (Series A),United States,North America,12.0,2.5649493574615367,4.836281906951478,4.330733340286331,1,Severe Single-Wave Resets (Deep Structural Cuts)
Eatsy,1,False,2020-08-08,2020-08-08,0,,,20.0,20.0,20.0,1.0,1.0,1.0,Food,Consumer & Retail,Seed,Early Stage (Seed),Singapore,Asia-Pacific,0.9755,0.6808215308693084,3.044522437723423,3.044522437723423,0,Targeted Multi-Wave Downscalers (Iterative Restructuring)
Eaze,2,True,2022-06-01,2024-10-07,859,859.0,859.0,525.0,262.5,500.0,1.0,1.0,1.0,Consumer,Consumer & Retail,Series D,Late Stage (Series C-D),United States,North America,202.0,5.313205979041787,6.26530121273771,6.2166061010848646,0,Targeted Multi-Wave Downscalers (Iterative Restructuring)
Ebanx,2,True,2020-05-27,2022-06-21,755,755.0,755.0,402.0,201.0,340.0,0.14,0.14,0.2,Finance,Fintech & Financial Services,Series B,Expansion Stage (Series B),Brazil,Latin America,460.0,6.133398042996649,5.998936561946683,5.831882477283517,2,"Enterprise Mega-Downscalers (High Capitalization, Scaled Magnitude)"
Ecobee,1,False,2020-03-26,2020-03-26,0,,,47.0,47.0,47.0,0.1,0.1,0.1,Energy,Other / Diversified,Series C,Late Stage (Series C-D),Canada,North America,149.0,5.0106352940962555,3.871201010907891,3.871201010907891,1,Severe Single-Wave Resets (Deep Structural Cuts)
Eden / Managed By Q,1,False,2020-04-08,2020-04-08,0,,,40.0,40.0,40.0,0.4,0.4,0.4,Real Estate,Real Estate & PropTech,Series B,Expansion Stage (Series B),United States,North America,40.0,3.713572066704308,3.713572066704308,3.713572066704308,1,Severe Single-Wave Resets (Deep Structural Cuts)
Edgio,3,True,2022-12-13,2024-03-04,447,223.5,175.0,309.0,103.0,134.0,0.10666666666666667,0.1,0.12,Infrastructure,Enterprise & Infrastructure,Post-IPO,Public (Post-IPO),United States,North America,462.0,6.137727054086234,5.736572297479192,4.90527477843843,2,"Enterprise Mega-Downscalers (High Capitalization, Scaled Magnitude)"
Eigen Labs,1,False,2025-07-08,2025-07-08,0,,,29.0,29.0,29.0,0.25,0.25,0.25,Crypto,Fintech & Financial Services,Unknown,Unspecified / Private,United States,North America,234.0,5.459585514144159,3.4011973816621555,3.4011973816621555,1,Severe Single-Wave Resets (Deep Structural Cuts)
Eightfold AI,1,False,2023-02-03,2023-02-03,0,,,90.0,90.0,90.0,0.15,0.15,0.15,HR,Other / Diversified,Series E,Growth Stage (Series E+),United States,North America,396.0,5.983936280687191,4.51085950651685,4.51085950651685,1,Severe Single-Wave Resets (Deep Structural Cuts)
Ejento,1,False,2020-03-19,2020-03-19,0,,,84.0,84.0,84.0,1.0,1.0,1.0,Recruiting,Professional Services,Unknown,Unspecified / Private,United States,North America,,5.159055299214529,4.442651256490317,4.442651256490317,0,Targeted Multi-Wave Downscalers (Iterative Restructuring)
Electric,2,True,2022-08-30,2023-02-13,167,167.0,167.0,222.0,111.0,141.0,0.25,0.25,0.25,Other,Other / Diversified,Series D,Late Stage (Series C-D),United States,North America,212.0,5.3612921657094255,5.407171771460119,4.955827057601261,1,Severe Single-Wave Resets (Deep Structural Cuts)
Electronic Arts,4,True,2023-02-28,2025-04-29,791,263.6666666666667,29.0,1950.0,487.5,780.0,0.055,0.055,0.06,Consumer,Consumer & Retail,Post-IPO,Public (Post-IPO),United States,North America,2.0,1.0986122886681098,7.576097340623111,6.660575149839686,2,"Enterprise Mega-Downscalers (High Capitalization, Scaled Magnitude)"
Element AI,1,False,2020-05-04,2020-05-04,0,,,62.0,62.0,62.0,0.15,0.15,0.15,Other,Other / Diversified,Series B,Expansion Stage (Series B),Canada,North America,257.0,5.552959584921617,4.143134726391533,4.143134726391533,1,Severe Single-Wave Resets (Deep Structural Cuts)
Elementor,2,True,2022-06-15,2026-06-29,1475,1475.0,1475.0,160.0,80.0,100.0,0.22499999999999998,0.22499999999999998,0.3,Media,Marketing & Media,Series B,Expansion Stage (Series B),Israel,Middle East,65.0,4.189654742026425,5.081404364984463,4.61512051684126,2,"Enterprise Mega-Downscalers (High Capitalization, Scaled Magnitude)"
Elinvar,1,False,2022-10-21,2022-10-21,0,,,43.0,43.0,43.0,0.33,0.33,0.33,Finance,Fintech & Financial Services,Unknown,Unspecified / Private,Germany,Europe,30.0,3.4339872044851463,3.784189633918261,3.784189633918261,1,Severe Single-Wave Resets (Deep Structural Cuts)
Embark Trucks,1,False,2023-03-03,2023-03-03,0,,,230.0,230.0,230.0,0.7,0.7,0.7,Transportation,Travel & Transportation,Post-IPO,Public (Post-IPO),United States,North America,317.0,5.762051382780177,5.442417710521793,5.442417710521793,0,Targeted Multi-Wave Downscalers (Iterative Restructuring)
Embroker,1,False,2022-10-25,2022-10-25,0,,,30.0,30.0,30.0,0.12,0.12,0.12,Finance,Fintech & Financial Services,Series C,Late Stage (Series C-D),United States,North America,142.0,4.962844630259907,3.4339872044851463,3.4339872044851463,1,Severe Single-Wave Resets (Deep Structural Cuts)
Emma Sleep,1,False,2024-06-19,2024-06-19,0,,,200.0,200.0,200.0,0.18,0.18,0.18,Retail,Consumer & Retail,Acquired,Acquired / Subsidiary,Germany,Europe,,5.159055299214529,5.303304908059076,5.303304908059076,1,Severe Single-Wave Resets (Deep Structural Cuts)
Emotive,1,False,2022-07-07,2022-07-07,0,,,30.0,30.0,30.0,0.18,0.18,0.18,Marketing,Marketing & Media,Series B,Expansion Stage (Series B),United States,North America,78.0,4.3694478524670215,3.4339872044851463,3.4339872044851463,1,Severe Single-Wave Resets (Deep Structural Cuts)
Enjoei,1,False,2023-01-20,2023-01-20,0,,,31.0,31.0,31.0,0.1,0.1,0.1,Retail,Consumer & Retail,Unknown,Unspecified / Private,Brazil,Latin America,14.0,2.70805020110221,3.4657359027997265,3.4657359027997265,1,Severe Single-Wave Resets (Deep Structural Cuts)
Enjoy,1,False,2022-06-30,2022-06-30,0,,,400.0,400.0,400.0,0.18,0.18,0.18,Retail,Consumer & Retail,Post-IPO,Public (Post-IPO),United States,North America,310.0,5.739792912179234,5.993961427306569,5.993961427306569,1,Severe Single-Wave Resets (Deep Structural Cuts)
Enovix,2,True,2023-10-05,2024-05-06,214,214.0,214.0,355.0,177.5,185.0,0.33,0.33,0.33,Energy,Other / Diversified,Post-IPO,Public (Post-IPO),United States,North America,516.0,6.248042874508429,5.87493073085203,5.225746673713202,1,Severe Single-Wave Resets (Deep Structural Cuts)
Enphase Energy,2,True,2023-12-18,2024-11-11,329,329.0,329.0,850.0,425.0,500.0,0.135,0.135,0.17,Energy,Other / Diversified,Post-IPO,Public (Post-IPO),United States,North America,116.0,4.762173934797756,6.7464121285733745,6.2166061010848646,2,"Enterprise Mega-Downscalers (High Capitalization, Scaled Magnitude)"
Envato,2,True,2022-06-02,2026-03-04,1371,1371.0,1371.0,300.0,150.0,200.0,0.3,0.3,0.3,Marketing,Marketing & Media,Unknown,Unspecified / Private,Australia,Asia-Pacific,,5.159055299214529,5.707110264748875,5.303304908059076,2,"Enterprise Mega-Downscalers (High Capitalization, Scaled Magnitude)"
Envoy,1,False,2020-04-14,2020-04-14,0,,,58.0,58.0,58.0,0.3,0.3,0.3,HR,Other / Diversified,Series B,Expansion Stage (Series B),United States,North America,59.0,4.0943445622221,4.07753744390572,4.07753744390572,1,Severe Single-Wave Resets (Deep Structural Cuts)
Epic Games,2,True,2023-09-28,2026-03-24,908,908.0,908.0,1870.0,935.0,1000.0,0.16,0.16,0.16,Consumer,Consumer & Retail,Unknown,Unspecified / Private,United States,North America,6400.0,8.764209507142004,7.534228326274089,6.90875477931522,2,"Enterprise Mega-Downscalers (High Capitalization, Scaled Magnitude)"
Epidemic Sound,1,False,2026-04-21,2026-04-21,0,,,150.0,150.0,150.0,0.33,0.33,0.33,Media,Marketing & Media,Private Equity,Private Equity Owned,Sweden,Europe,509.0,6.234410725718371,5.017279836814924,5.017279836814924,1,Severe Single-Wave Resets (Deep Structural Cuts)
EquityZen,1,False,2022-10-31,2022-10-31,0,,,30.0,30.0,30.0,0.27,0.27,0.27,Finance,Fintech & Financial Services,Series B,Expansion Stage (Series B),United States,North America,11.0,2.4849066497880004,3.4339872044851463,3.4339872044851463,1,Severe Single-Wave Resets (Deep Structural Cuts)
Equitybee,2,True,2022-10-31,2023-02-08,100,100.0,100.0,49.0,24.5,25.0,0.225,0.225,0.25,Finance,Fintech & Financial Services,Series B,Expansion Stage (Series B),United States,North America,85.0,4.454347296253507,3.912023005428146,3.258096538021482,1,Severe Single-Wave Resets (Deep Structural Cuts)
Ericsson,2,True,2023-02-24,2026-01-15,1056,1056.0,1056.0,10100.0,5050.0,8500.0,0.08,0.08,0.08,Other,Other / Diversified,Post-IPO,Public (Post-IPO),Sweden,Europe,663.0,6.498282149476434,9.220389707829185,9.04793908261736,2,"Enterprise Mega-Downscalers (High Capitalization, Scaled Magnitude)"
Ermetic,1,False,2023-01-23,2023-01-23,0,,,30.0,30.0,30.0,0.17,0.17,0.17,Security,Enterprise & Infrastructure,Series B,Expansion Stage (Series B),United States,North America,97.0,4.584967478670572,3.4339872044851463,3.4339872044851463,1,Severe Single-Wave Resets (Deep Structural Cuts)
Eroad,1,False,2023-07-28,2023-07-28,0,,,200.0,200.0,200.0,0.31,0.31,0.31,Transportation,Travel & Transportation,Unknown,Unspecified / Private,New Zealand,Asia-Pacific,46.0,3.8501476017100584,5.303304908059076,5.303304908059076,1,Severe Single-Wave Resets (Deep Structural Cuts)
Ethereum Foundation,1,False,2026-06-23,2026-06-23,0,,,54.0,54.0,54.0,0.2,0.2,0.2,Crypto,Fintech & Financial Services,Unknown,Unspecified / Private,Switzerland,Europe,18.0,2.9444389791664403,4.007333185232471,4.007333185232471,1,Severe Single-Wave Resets (Deep Structural Cuts)
Ethos Life,3,True,2020-06-05,2023-02-21,991,495.5,242.0,108.0,36.0,50.0,0.13,0.13,0.14,Finance,Fintech & Financial Services,Series D,Late Stage (Series C-D),United States,North America,406.0,6.008813185442595,4.6913478822291435,3.9318256327243257,2,"Enterprise Mega-Downscalers (High Capitalization, Scaled Magnitude)"
Etsy,2,True,2023-12-13,2026-08-05,966,966.0,966.0,445.0,222.5,225.0,0.11499999999999999,0.11499999999999999,0.12,Retail,Consumer & Retail,Post-IPO,Public (Post-IPO),United States,North America,97.0,4.584967478670572,6.100318952020064,5.420534999272286,2,"Enterprise Mega-Downscalers (High Capitalization, Scaled Magnitude)"
Eucalyptus,1,False,2022-07-22,2022-07-22,0,,,50.0,50.0,50.0,0.2,0.2,0.2,Healthcare,Healthcare & BioTech,Series C,Late Stage (Series C-D),Australia,Asia-Pacific,69.0,4.248495242049359,3.9318256327243257,3.9318256327243257,1,Severe Single-Wave Resets (Deep Structural Cuts)
Even Healthcare,1,False,2026-08-27,2026-08-27,0,,,350.0,350.0,350.0,0.3,0.3,0.3,Healthcare,Healthcare & BioTech,Series A,Early Venture (Series A),India,Asia-Pacific,91.0,4.5217885770490405,5.860786223465865,5.860786223465865,1,Severe Single-Wave Resets (Deep Structural Cuts)
Eventbrite,4,True,2020-04-08,2026-04-13,2196,732.0,526.0,680.0,226.66666666666666,500.0,0.21333333333333335,0.11,0.45,Consumer,Consumer & Retail,Acquired,Acquired / Subsidiary,United States,North America,557.0,6.324358962381311,6.523562306149512,6.2166061010848646,2,"Enterprise Mega-Downscalers (High Capitalization, Scaled Magnitude)"
EverC,1,False,2024-07-17,2024-07-17,0,,,16.0,16.0,16.0,0.1,0.1,0.1,Security,Enterprise & Infrastructure,Unknown,Unspecified / Private,Israel,Middle East,61.0,4.127134385045092,2.833213344056216,2.833213344056216,1,Severe Single-Wave Resets (Deep Structural Cuts)
Everlane,2,True,2020-03-27,2023-01-05,1014,1014.0,1014.0,257.0,128.5,227.0,0.17,0.17,0.17,Retail,Consumer & Retail,Unknown,Unspecified / Private,United States,North America,176.0,5.176149732573829,5.552959584921617,5.429345628954441,2,"Enterprise Mega-Downscalers (High Capitalization, Scaled Magnitude)"
Evolve,2,True,2023-05-29,2023-09-12,106,106.0,106.0,339.0,169.5,175.0,0.17,0.17,0.2,Travel,Travel & Transportation,Series F,Growth Stage (Series E+),United States,North America,224.0,5.41610040220442,5.8289456176102075,5.170483995038151,1,Severe Single-Wave Resets (Deep Structural Cuts)
Examedi,1,False,2023-04-11,2023-04-11,0,,,45.0,45.0,45.0,0.25,0.25,0.25,Healthcare,Healthcare & BioTech,Unknown,Unspecified / Private,Chile,Latin America,19.0,2.995732273553991,3.828641396489095,3.828641396489095,1,Severe Single-Wave Resets (Deep Structural Cuts)
Exodus,1,False,2022-11-04,2022-11-04,0,,,59.0,59.0,59.0,0.22,0.22,0.22,Crypto,Fintech & Financial Services,Unknown,Unspecified / Private,United States,North America,60.0,4.110873864173311,4.0943445622221,4.0943445622221,1,Severe Single-Wave Resets (Deep Structural Cuts)
Exotel,1,False,2023-01-17,2023-01-17,0,,,142.0,142.0,142.0,0.15,0.15,0.15,Support,Enterprise & Infrastructure,Series D,Late Stage (Series C-D),India,Asia-Pacific,87.0,4.477336814478207,4.962844630259907,4.962844630259907,1,Severe Single-Wave Resets (Deep Structural Cuts)
Expedia,10,True,2023-03-21,2026-02-01,1048,116.44444444444444,6.0,1700.0,566.6666666666666,1500.0,0.055,0.055,0.08,Travel,Travel & Transportation,Post-IPO,Public (Post-IPO),United States,North America,3300.0,8.101980731853192,7.438971592395862,7.313886831633462,3,"Early-Stage Capital-Constrained Exits (High Percentage, Small Scale)"
Expel,1,False,2023-06-09,2023-06-09,0,,,60.0,60.0,60.0,0.1,0.1,0.1,Security,Enterprise & Infrastructure,Series E,Growth Stage (Series E+),United States,North America,288.0,5.666426688112432,4.110873864173311,4.110873864173311,1,Severe Single-Wave Resets (Deep Structural Cuts)
Exterro,1,False,2023-02-01,2023-02-01,0,,,24.0,24.0,24.0,0.03,0.03,0.03,Legal,Professional Services,Private Equity,Private Equity Owned,United States,North America,100.0,4.61512051684126,3.2188758248682006,3.2188758248682006,1,Severe Single-Wave Resets (Deep Structural Cuts)
Ezoic,3,True,2022-12-31,2023-07-17,198,99.0,59.0,45.0,22.5,35.0,0.28,0.28,0.28,Infrastructure,Enterprise & Infrastructure,Series A,Early Venture (Series A),United States,North America,39.0,3.6888794541139363,3.828641396489095,3.58351893845611,1,Severe Single-Wave Resets (Deep Structural Cuts)
F5,6,True,2022-10-21,2025-08-13,1027,205.4,35.0,1049.0,209.8,623.0,0.031999999999999994,0.02,0.09,Security,Enterprise & Infrastructure,Post-IPO,Public (Post-IPO),United States,North America,,5.159055299214529,6.956545443151569,6.436150368369428,2,"Enterprise Mega-Downscalers (High Capitalization, Scaled Magnitude)"
FNZ,5,True,2022-12-02,2026-06-16,1292,323.0,152.0,1240.0,620.0,1000.0,0.09,0.09,0.15,Finance,Fintech & Financial Services,Private Equity,Private Equity Owned,United Kingdom,Europe,3500.0,8.160803920954665,7.123672785204607,6.90875477931522,2,"Enterprise Mega-Downscalers (High Capitalization, Scaled Magnitude)"
FabHotels,1,False,2020-03-30,2020-03-30,0,,,80.0,80.0,80.0,0.2,0.2,0.2,Travel,Travel & Transportation,Series B,Expansion Stage (Series B),India,Asia-Pacific,48.0,3.8918202981106265,4.394449154672439,4.394449154672439,1,Severe Single-Wave Resets (Deep Structural Cuts)
Fable,2,True,2023-07-31,2024-10-15,442,442.0,442.0,13.0,13.0,13.0,0.545,0.545,1.0,Product,Other / Diversified,Series A,Early Venture (Series A),United States,North America,19.0,2.995732273553991,2.6390573296152584,2.6390573296152584,0,Targeted Multi-Wave Downscalers (Iterative Restructuring)
Fabric,2,True,2022-07-13,2024-04-11,638,638.0,638.0,150.0,75.0,120.0,0.275,0.275,0.4,Logistics,Travel & Transportation,Series C,Late Stage (Series C-D),United States,North America,336.0,5.820082930352362,5.017279836814924,4.795790545596741,1,Severe Single-Wave Resets (Deep Structural Cuts)
Facily,1,False,2022-04-20,2022-04-20,0,,,260.0,260.0,260.0,0.3,0.3,0.3,Retail,Consumer & Retail,Series D,Late Stage (Series C-D),Brazil,Latin America,502.0,6.220590170099739,5.564520407322694,5.564520407322694,1,Severe Single-Wave Resets (Deep Structural Cuts)
Faire,2,True,2022-10-18,2023-11-01,379,379.0,379.0,334.0,167.0,250.0,0.135,0.135,0.2,Retail,Consumer & Retail,Series G,Growth Stage (Series E+),United States,North America,1700.0,7.438971592395862,5.814130531825066,5.5254529391317835,2,"Enterprise Mega-Downscalers (High Capitalization, Scaled Magnitude)"
FanClash,1,False,2023-03-30,2023-03-30,0,,,100.0,100.0,100.0,0.75,0.75,0.75,Consumer,Consumer & Retail,Series B,Expansion Stage (Series B),India,Asia-Pacific,50.0,3.9318256327243257,4.61512051684126,4.61512051684126,0,Targeted Multi-Wave Downscalers (Iterative Restructuring)
FarEye,2,True,2022-06-10,2023-02-03,238,238.0,238.0,340.0,170.0,250.0,0.3,0.3,0.3,Logistics,Travel & Transportation,Series E,Growth Stage (Series E+),India,Asia-Pacific,150.0,5.017279836814924,5.831882477283517,5.5254529391317835,1,Severe Single-Wave Resets (Deep Structural Cuts)
Farfetch,1,False,2024-02-16,2024-02-16,0,,,2000.0,2000.0,2000.0,0.25,0.25,0.25,Retail,Consumer & Retail,Acquired,Acquired / Subsidiary,United Kingdom,Europe,1700.0,7.438971592395862,7.601402334583733,7.601402334583733,1,Severe Single-Wave Resets (Deep Structural Cuts)
Fate Therapeutics,1,False,2023-01-09,2023-01-09,0,,,315.0,315.0,315.0,0.5700000000000001,0.5700000000000001,0.5700000000000001,Healthcare,Healthcare & BioTech,Post-IPO,Public (Post-IPO),United States,North America,1200.0,7.0909098220799835,5.755742213586912,5.755742213586912,0,Targeted Multi-Wave Downscalers (Iterative Restructuring)
Fetch,1,False,2023-03-14,2023-03-14,0,,,100.0,100.0,100.0,0.1,0.1,0.1,Retail,Consumer & Retail,Series E,Growth Stage (Series E+),United States,North America,581.0,6.366470447731438,4.61512051684126,4.61512051684126,1,Severe Single-Wave Resets (Deep Structural Cuts)
Fi.Money,2,True,2023-09-27,2026-02-10,867,867.0,867.0,30.0,30.0,30.0,0.25,0.25,0.4,Finance,Fintech & Financial Services,Series C,Late Stage (Series C-D),India,Asia-Pacific,137.0,4.927253685157205,3.4339872044851463,3.4339872044851463,1,Severe Single-Wave Resets (Deep Structural Cuts)
Fifth Season,1,False,2022-10-28,2022-10-28,0,,,100.0,100.0,100.0,1.0,1.0,1.0,Food,Consumer & Retail,Series B,Expansion Stage (Series B),United States,North America,35.0,3.58351893845611,4.61512051684126,4.61512051684126,0,Targeted Multi-Wave Downscalers (Iterative Restructuring)
Figure,1,False,2023-07-26,2023-07-26,0,,,90.0,90.0,90.0,0.2,0.2,0.2,Crypto,Fintech & Financial Services,Unknown,Unspecified / Private,United States,North America,1500.0,7.313886831633462,4.51085950651685,4.51085950651685,1,Severe Single-Wave Resets (Deep Structural Cuts)
Finder,3,True,2023-02-03,2024-02-21,383,191.5,60.0,100.0,50.0,60.0,0.16,0.16,0.17,Retail,Consumer & Retail,Unknown,Unspecified / Private,Australia,Asia-Pacific,30.0,3.4339872044851463,4.61512051684126,4.110873864173311,1,Severe Single-Wave Resets (Deep Structural Cuts)
Finite State,1,False,2022-06-17,2022-06-17,0,,,16.0,16.0,16.0,0.2,0.2,0.2,Security,Enterprise & Infrastructure,Series B,Expansion Stage (Series B),United States,North America,49.0,3.912023005428146,2.833213344056216,2.833213344056216,1,Severe Single-Wave Resets (Deep Structural Cuts)
Finleap Connect,1,False,2022-06-30,2022-06-30,0,,,14.0,14.0,14.0,0.1,0.1,0.1,Finance,Fintech & Financial Services,Series A,Early Venture (Series A),Germany,Europe,22.0,3.1354942159291497,2.70805020110221,2.70805020110221,1,Severe Single-Wave Resets (Deep Structural Cuts)
Fireblocks,2,True,2023-02-20,2024-02-07,352,352.0,352.0,50.0,25.0,30.0,0.04,0.04,0.05,Crypto,Fintech & Financial Services,Series E,Growth Stage (Series E+),United States,North America,1000.0,6.90875477931522,3.9318256327243257,3.4339872044851463,1,Severe Single-Wave Resets (Deep Structural Cuts)
First Mode,1,False,2024-01-16,2024-01-16,0,,,48.0,48.0,48.0,0.2,0.2,0.2,Transportation,Travel & Transportation,Acquired,Acquired / Subsidiary,United States,North America,9.0,2.302585092994046,3.8918202981106265,3.8918202981106265,1,Severe Single-Wave Resets (Deep Structural Cuts)
Fittr,1,False,2023-03-02,2023-03-02,0,,,30.0,30.0,30.0,0.11,0.11,0.11,Fitness,Other / Diversified,Series A,Early Venture (Series A),India,Asia-Pacific,13.0,2.6390573296152584,3.4339872044851463,3.4339872044851463,1,Severe Single-Wave Resets (Deep Structural Cuts)
Five9,2,True,2024-08-20,2025-04-03,226,226.0,226.0,313.0,156.5,190.0,0.05500000000000001,0.05500000000000001,0.07,Support,Enterprise & Infrastructure,Post-IPO,Public (Post-IPO),United States,North America,862.0,6.760414691083428,5.749392985908253,5.25227342804663,1,Severe Single-Wave Resets (Deep Structural Cuts)
Fiverr,2,True,2022-07-26,2025-09-15,1147,1147.0,1147.0,310.0,155.0,250.0,0.19,0.19,0.3,Other,Other / Diversified,Post-IPO,Public (Post-IPO),Israel,Middle East,111.0,4.718498871295094,5.739792912179234,5.5254529391317835,2,"Enterprise Mega-Downscalers (High Capitalization, Scaled Magnitude)"
Flexe,2,True,2023-09-26,2024-01-08,104,104.0,104.0,230.0,115.0,131.0,0.355,0.355,0.38,Logistics,Travel & Transportation,Series D,Late Stage (Series C-D),United States,North America,263.0,5.575949103146316,5.442417710521793,4.882801922586371,1,Severe Single-Wave Resets (Deep Structural Cuts)
Flexport,4,True,2023-01-11,2024-10-02,630,210.0,105.0,640.0,640.0,640.0,0.15500000000000003,0.2,0.2,Logistics,Travel & Transportation,Series E,Growth Stage (Series E+),United States,North America,2400.0,7.783640596221253,6.46302945692067,6.46302945692067,2,"Enterprise Mega-Downscalers (High Capitalization, Scaled Magnitude)"
Flink,2,True,2023-04-24,2023-05-24,30,30.0,30.0,8100.0,4050.0,8000.0,0.28,0.28,0.4,Food,Consumer & Retail,Series B,Expansion Stage (Series B),Germany,Europe,1000.0,6.90875477931522,8.999742789830492,8.987321812850125,2,"Enterprise Mega-Downscalers (High Capitalization, Scaled Magnitude)"
Flipboard,1,False,2022-10-16,2022-10-16,0,,,24.0,24.0,24.0,0.21,0.21,0.21,Media,Marketing & Media,Unknown,Unspecified / Private,United States,North America,235.0,5.4638318050256105,3.2188758248682006,3.2188758248682006,1,Severe Single-Wave Resets (Deep Structural Cuts)
Flipkart,4,True,2023-03-02,2026-03-06,1100,366.6666666666667,110.0,1640.0,546.6666666666666,1100.0,0.05,0.05,0.05,Retail,Consumer & Retail,Acquired,Acquired / Subsidiary,India,Asia-Pacific,12900.0,9.465060106725137,7.403061091090091,7.00397413672268,2,"Enterprise Mega-Downscalers (High Capitalization, Scaled Magnitude)"
Flock Freight,2,True,2023-04-10,2024-03-16,341,341.0,341.0,99.0,49.5,54.0,0.08,0.08,0.08,Logistics,Travel & Transportation,Series D,Late Stage (Series C-D),United States,North America,399.0,5.991464547107982,4.605170185988092,4.007333185232471,1,Severe Single-Wave Resets (Deep Structural Cuts)
Flockjay,1,False,2021-08-24,2021-08-24,0,,,37.0,37.0,37.0,0.5,0.5,0.5,Education,EdTech & Learning,Series A,Early Venture (Series A),United States,North America,14.0,2.70805020110221,3.6375861597263857,3.6375861597263857,0,Targeted Multi-Wave Downscalers (Iterative Restructuring)
Fluke,1,False,2022-08-17,2022-08-17,0,,,83.0,83.0,83.0,0.8200000000000001,0.8200000000000001,0.8200000000000001,Other,Other / Diversified,Seed,Early Stage (Seed),Brazil,Latin America,,5.159055299214529,4.430816798843313,4.430816798843313,0,Targeted Multi-Wave Downscalers (Iterative Restructuring)
Flutterwave,1,False,2024-06-24,2024-06-24,0,,,30.0,30.0,30.0,0.03,0.03,0.03,Finance,Fintech & Financial Services,Unknown,Unspecified / Private,Nigeria,Africa,509.0,6.234410725718371,3.4339872044851463,3.4339872044851463,1,Severe Single-Wave Resets (Deep Structural Cuts)
Flyhomes,4,True,2022-07-20,2023-12-14,512,170.66666666666666,112.0,500.0,250.0,300.0,0.30000000000000004,0.30000000000000004,0.4,Real Estate,Real Estate & PropTech,Series C,Late Stage (Series C-D),United States,North America,310.0,5.739792912179234,6.2166061010848646,5.707110264748875,2,"Enterprise Mega-Downscalers (High Capitalization, Scaled Magnitude)"
Flymya,1,False,2020-04-01,2020-04-01,0,,,200.0,200.0,200.0,0.33,0.33,0.33,Travel,Travel & Transportation,Unknown,Unspecified / Private,Myanmar,Other / International,,5.159055299214529,5.303304908059076,5.303304908059076,1,Severe Single-Wave Resets (Deep Structural Cuts)
Flytedesk,1,False,2020-03-18,2020-03-18,0,,,4.0,4.0,4.0,0.2,0.2,0.2,Marketing,Marketing & Media,Seed,Early Stage (Seed),United States,North America,4.0,1.6094379124341003,1.6094379124341003,1.6094379124341003,1,Severe Single-Wave Resets (Deep Structural Cuts)
Flywheel Sports,1,False,2020-03-20,2020-03-20,0,,,784.0,784.0,784.0,0.98,0.98,0.98,Fitness,Other / Diversified,Acquired,Acquired / Subsidiary,United States,North America,120.0,4.795790545596741,6.665683717782408,6.665683717782408,0,Targeted Multi-Wave Downscalers (Iterative Restructuring)
Flywire,2,True,2020-05-07,2025-02-26,1756,1756.0,1756.0,185.0,92.5,125.0,0.12,0.12,0.12,Finance,Fintech & Financial Services,Series E,Growth Stage (Series E+),United States,North America,263.0,5.575949103146316,5.225746673713202,4.836281906951478,2,"Enterprise Mega-Downscalers (High Capitalization, Scaled Magnitude)"
Food52,3,True,2020-04-17,2022-06-03,777,388.5,56.0,41.0,20.5,21.0,0.125,0.125,0.15,Food,Consumer & Retail,Acquired,Acquired / Subsidiary,United States,North America,176.0,5.176149732573829,3.7376696182833684,3.091042453358316,1,Severe Single-Wave Resets (Deep Structural Cuts)
Foodsby,1,False,2020-03-24,2020-03-24,0,,,87.0,87.0,87.0,0.67,0.67,0.67,Food,Consumer & Retail,Series B,Expansion Stage (Series B),United States,North America,20.0,3.044522437723423,4.477336814478207,4.477336814478207,0,Targeted Multi-Wave Downscalers (Iterative Restructuring)
ForeScout,2,True,2023-01-10,2023-09-06,239,239.0,239.0,140.0,70.0,100.0,0.1,0.1,0.1,Security,Enterprise & Infrastructure,Acquired,Acquired / Subsidiary,Israel,Middle East,125.0,4.836281906951478,4.948759890378168,4.61512051684126,1,Severe Single-Wave Resets (Deep Structural Cuts)
Foretellix,1,False,2026-01-08,2026-01-08,0,,,29.0,29.0,29.0,0.18,0.18,0.18,Transportation,Travel & Transportation,Series C,Late Stage (Series C-D),Israel,Middle East,132.0,4.890349128221754,3.4011973816621555,3.4011973816621555,1,Severe Single-Wave Resets (Deep Structural Cuts)
FormFactor,1,False,2026-01-09,2026-01-09,0,,,220.0,220.0,220.0,0.11,0.11,0.11,Manufacturing,Hardware & Manufacturing,Post-IPO,Public (Post-IPO),United States,North America,15.0,2.772588722239781,5.3981627015177525,5.3981627015177525,1,Severe Single-Wave Resets (Deep Structural Cuts)
Forma.ai,1,False,2022-07-20,2022-07-20,0,,,15.0,15.0,15.0,0.09,0.09,0.09,Sales,Professional Services,Series B,Expansion Stage (Series B),Canada,North America,58.0,4.07753744390572,2.772588722239781,2.772588722239781,1,Severe Single-Wave Resets (Deep Structural Cuts)
Forto,2,True,2022-11-11,2025-04-12,883,883.0,883.0,260.0,130.0,200.0,0.08,0.08,0.08,Logistics,Travel & Transportation,Series D,Late Stage (Series C-D),Germany,Europe,593.0,6.386879319362645,5.564520407322694,5.303304908059076,2,"Enterprise Mega-Downscalers (High Capitalization, Scaled Magnitude)"
Forward,3,True,2020-04-20,2024-11-12,1667,833.5,812.0,210.0,105.0,200.0,0.36000000000000004,0.05,1.0,Healthcare,Healthcare & BioTech,Series E,Growth Stage (Series E+),United States,North America,325.0,5.786897381366708,5.351858133476067,5.303304908059076,2,"Enterprise Mega-Downscalers (High Capitalization, Scaled Magnitude)"
Foundry,1,False,2024-12-11,2024-12-11,0,,,74.0,74.0,74.0,0.27,0.27,0.27,Crypto,Fintech & Financial Services,Subsidiary,Unspecified / Private,United States,North America,,5.159055299214529,4.31748811353631,4.31748811353631,1,Severe Single-Wave Resets (Deep Structural Cuts)
FourKites,2,True,2022-08-11,2023-12-13,489,489.0,489.0,60.0,60.0,60.0,0.11499999999999999,0.11499999999999999,0.15,Logistics,Travel & Transportation,Unknown,Unspecified / Private,United States,North America,241.0,5.488937726156687,4.110873864173311,4.110873864173311,1,Severe Single-Wave Resets (Deep Structural Cuts)
Foursquare,1,False,2024-05-23,2024-05-23,0,,,105.0,105.0,105.0,0.25,0.25,0.25,Marketing,Marketing & Media,Series G,Growth Stage (Series E+),United States,North America,390.0,5.968707559985366,4.663439094112067,4.663439094112067,1,Severe Single-Wave Resets (Deep Structural Cuts)
Foxtrot,1,False,2022-09-23,2022-09-23,0,,,26.0,26.0,26.0,0.035,0.035,0.035,Food,Consumer & Retail,Series C,Late Stage (Series C-D),United States,North America,166.0,5.117993812416755,3.295836866004329,3.295836866004329,1,Severe Single-Wave Resets (Deep Structural Cuts)
Freenome,1,False,2024-04-23,2024-04-23,0,,,100.0,100.0,100.0,0.2,0.2,0.2,Healthcare,Healthcare & BioTech,Series E,Growth Stage (Series E+),United States,North America,1400.0,7.244941546337007,4.61512051684126,4.61512051684126,1,Severe Single-Wave Resets (Deep Structural Cuts)
Freetrade,1,False,2022-06-10,2022-06-10,0,,,45.0,45.0,45.0,0.15,0.15,0.15,Finance,Fintech & Financial Services,Unknown,Unspecified / Private,United Kingdom,Europe,133.0,4.897839799950911,3.828641396489095,3.828641396489095,1,Severe Single-Wave Resets (Deep Structural Cuts)
Freightos,1,False,2023-07-12,2023-07-12,0,,,50.0,50.0,50.0,0.13,0.13,0.13,Logistics,Travel & Transportation,Post-IPO,Public (Post-IPO),United States,North America,118.0,4.77912349311153,3.9318256327243257,3.9318256327243257,1,Severe Single-Wave Resets (Deep Structural Cuts)
FreshBooks,4,True,2022-12-16,2024-10-01,655,218.33333333333334,95.0,220.0,110.0,140.0,0.08,0.08,0.1,Finance,Fintech & Financial Services,Unknown,Unspecified / Private,Canada,North America,331.0,5.805134968916488,5.3981627015177525,4.948759890378168,2,"Enterprise Mega-Downscalers (High Capitalization, Scaled Magnitude)"
FreshDirect,2,True,2022-08-25,2024-01-10,503,503.0,503.0,140.0,70.0,100.0,0.03,0.03,0.03,Food,Consumer & Retail,Acquired,Acquired / Subsidiary,United States,North America,280.0,5.638354669333745,4.948759890378168,4.61512051684126,1,Severe Single-Wave Resets (Deep Structural Cuts)
Freshbooks,1,False,2020-04-21,2020-04-21,0,,,38.0,38.0,38.0,0.09,0.09,0.09,Finance,Fintech & Financial Services,Series B,Expansion Stage (Series B),Canada,North America,75.0,4.330733340286331,3.6635616461296463,3.6635616461296463,1,Severe Single-Wave Resets (Deep Structural Cuts)
Freshly,2,True,2022-07-18,2022-12-12,147,147.0,147.0,329.0,329.0,329.0,0.25,0.25,0.25,Food,Consumer & Retail,Acquired,Acquired / Subsidiary,United States,North America,107.0,4.68213122712422,5.799092654460526,5.799092654460526,1,Severe Single-Wave Resets (Deep Structural Cuts)
Freshworks,5,True,2022-12-15,2026-05-05,1237,309.25,84.0,1364.0,341.0,660.0,0.07,0.065,0.13,Support,Enterprise & Infrastructure,Post-IPO,Public (Post-IPO),United States,North America,484.0,6.184148890937483,7.21890970761906,6.493753839851686,2,"Enterprise Mega-Downscalers (High Capitalization, Scaled Magnitude)"
FrontRow,4,True,2022-05-27,2023-07-10,409,136.33333333333334,25.0,275.0,137.5,145.0,0.7375,0.825,1.0,Education,EdTech & Learning,Series A,Early Venture (Series A),India,Asia-Pacific,17.0,2.8903717578961645,5.62040086571715,4.983606621708336,0,Targeted Multi-Wave Downscalers (Iterative Restructuring)
Frontdesk,2,True,2020-04-10,2024-01-02,1362,1362.0,1362.0,235.0,117.5,200.0,0.58,0.58,1.0,Travel,Travel & Transportation,Unknown,Unspecified / Private,United States,North America,26.0,3.295836866004329,5.4638318050256105,5.303304908059076,0,Targeted Multi-Wave Downscalers (Iterative Restructuring)
FullStory,3,True,2020-04-16,2024-01-09,1363,681.5,483.0,50.0,50.0,50.0,0.11,0.11,0.12,Marketing,Marketing & Media,Unknown,Unspecified / Private,United States,North America,197.0,5.288267030694535,3.9318256327243257,3.9318256327243257,2,"Enterprise Mega-Downscalers (High Capitalization, Scaled Magnitude)"
Fundbox,2,True,2020-06-02,2022-10-25,875,875.0,875.0,164.0,82.0,150.0,0.285,0.285,0.42,Finance,Fintech & Financial Services,Series D,Late Stage (Series C-D),United States,North America,553.0,6.317164686747284,5.10594547390058,5.017279836814924,2,"Enterprise Mega-Downscalers (High Capitalization, Scaled Magnitude)"
Funding Societies,1,False,2020-04-16,2020-04-16,0,,,65.0,65.0,65.0,0.18,0.18,0.18,Finance,Fintech & Financial Services,Series B,Expansion Stage (Series B),Singapore,Asia-Pacific,42.0,3.7612001156935624,4.189654742026425,4.189654742026425,1,Severe Single-Wave Resets (Deep Structural Cuts)
G/O Media Group,1,False,2020-04-03,2020-04-03,0,,,14.0,14.0,14.0,0.05,0.05,0.05,Media,Marketing & Media,Unknown,Unspecified / Private,United States,North America,,5.159055299214529,2.70805020110221,2.70805020110221,1,Severe Single-Wave Resets (Deep Structural Cuts)
G2,1,False,2020-06-30,2020-06-30,0,,,17.0,17.0,17.0,0.05,0.05,0.05,Marketing,Marketing & Media,Series C,Late Stage (Series C-D),United States,North America,100.8,4.623010104116422,2.8903717578961645,2.8903717578961645,1,Severe Single-Wave Resets (Deep Structural Cuts)
Gather,1,False,2022-06-02,2022-06-02,0,,,30.0,30.0,30.0,0.33,0.33,0.33,Consumer,Consumer & Retail,Series B,Expansion Stage (Series B),United States,North America,76.0,4.343805421853684,3.4339872044851463,3.4339872044851463,1,Severe Single-Wave Resets (Deep Structural Cuts)
Geekwire,1,False,2020-04-10,2020-04-10,0,,,5.0,5.0,5.0,0.31,0.31,0.31,Media,Marketing & Media,Unknown,Unspecified / Private,United States,North America,,5.159055299214529,1.791759469228055,1.791759469228055,1,Severe Single-Wave Resets (Deep Structural Cuts)
Gem,2,True,2022-11-01,2023-08-02,274,274.0,274.0,170.0,85.0,100.0,0.33,0.33,0.33,Recruiting,Professional Services,Series C,Late Stage (Series C-D),United States,North America,148.0,5.003946305945459,5.14166355650266,4.61512051684126,1,Severe Single-Wave Resets (Deep Structural Cuts)
Gemini,5,True,2022-06-02,2026-03-20,1387,346.75,46.0,368.0,122.66666666666667,200.0,0.14250000000000002,0.1,0.3,Crypto,Fintech & Financial Services,Unknown,Unspecified / Private,United States,North America,423.0,6.049733455231958,5.910796644040527,5.303304908059076,2,"Enterprise Mega-Downscalers (High Capitalization, Scaled Magnitude)"
GenWise,2,True,2025-05-05,2025-12-09,218,218.0,218.0,15.0,15.0,15.0,0.6,0.6,1.0,Other,Other / Diversified,Seed,Early Stage (Seed),India,Asia-Pacific,3.0,1.3862943611198906,2.772588722239781,2.772588722239781,0,Targeted Multi-Wave Downscalers (Iterative Restructuring)
Genesis,2,True,2022-08-17,2023-01-05,141,141.0,141.0,112.0,56.0,60.0,0.25,0.25,0.3,Crypto,Fintech & Financial Services,Series A,Early Venture (Series A),United States,North America,,5.159055299214529,4.727387818712341,4.110873864173311,1,Severe Single-Wave Resets (Deep Structural Cuts)
GeoComply,1,False,2026-04-21,2026-04-21,0,,,68.0,68.0,68.0,0.15,0.15,0.15,Security,Enterprise & Infrastructure,Private Equity,Private Equity Owned,United States,North America,,5.159055299214529,4.23410650459726,4.23410650459726,1,Severe Single-Wave Resets (Deep Structural Cuts)
GetNinjas,1,False,2020-04-08,2020-04-08,0,,,11.0,11.0,11.0,0.1,0.1,0.1,Consumer,Consumer & Retail,Series B,Expansion Stage (Series B),Brazil,Latin America,16.0,2.833213344056216,2.4849066497880004,2.4849066497880004,1,Severe Single-Wave Resets (Deep Structural Cuts)
GetYourGuide,1,False,2020-10-14,2020-10-14,0,,,90.0,90.0,90.0,0.17,0.17,0.17,Travel,Travel & Transportation,Series E,Growth Stage (Series E+),Germany,Europe,656.0,6.48768401848461,4.51085950651685,4.51085950651685,1,Severe Single-Wave Resets (Deep Structural Cuts)
Getaround,4,True,2020-03-27,2025-02-12,1783,594.3333333333334,370.0,100.0,100.0,100.0,0.21666666666666665,0.25,0.3,Transportation,Travel & Transportation,Series D,Late Stage (Series C-D),United States,North America,948.0,6.855408798609928,4.61512051684126,4.61512051684126,2,"Enterprise Mega-Downscalers (High Capitalization, Scaled Magnitude)"
Getir,5,True,2022-05-25,2024-04-29,705,176.25,11.0,5900.0,1966.6666666666667,3300.0,0.125,0.125,0.14,Food,Consumer & Retail,Series E,Growth Stage (Series E+),United Kingdom,Europe,1800.0,7.496097345175956,8.682877107057168,8.101980731853192,2,"Enterprise Mega-Downscalers (High Capitalization, Scaled Magnitude)"
Ghost Autonomy,1,False,2024-04-03,2024-04-03,0,,,100.0,100.0,100.0,1.0,1.0,1.0,Transportation,Travel & Transportation,Series E,Growth Stage (Series E+),United States,North America,247.0,5.5134287461649825,4.61512051684126,4.61512051684126,0,Targeted Multi-Wave Downscalers (Iterative Restructuring)
Ginkgo Bioworks,2,True,2024-06-20,2024-06-24,4,4.0,4.0,400.0,400.0,400.0,0.35,0.35,0.35,Healthcare,Healthcare & BioTech,Post-IPO,Public (Post-IPO),United States,North America,1600.0,7.3783837129967145,5.993961427306569,5.993961427306569,1,Severe Single-Wave Resets (Deep Structural Cuts)
GitLab,2,True,2023-02-09,2026-06-02,1209,1209.0,1209.0,480.0,240.0,350.0,0.10500000000000001,0.10500000000000001,0.14,Product,Other / Diversified,Post-IPO,Public (Post-IPO),United States,North America,413.0,6.025865973825314,6.175867270105761,5.860786223465865,2,"Enterprise Mega-Downscalers (High Capitalization, Scaled Magnitude)"
Gitpod,1,False,2023-01-24,2023-01-24,0,,,21.0,21.0,21.0,0.28,0.28,0.28,Product,Other / Diversified,Series A,Early Venture (Series A),Germany,Europe,41.0,3.7376696182833684,3.091042453358316,3.091042453358316,1,Severe Single-Wave Resets (Deep Structural Cuts)
Glassdoor,2,True,2020-05-07,2023-03-22,1049,1049.0,1049.0,440.0,220.0,300.0,0.22499999999999998,0.22499999999999998,0.3,HR,Other / Diversified,Acquired,Acquired / Subsidiary,United States,North America,204.0,5.3230099791384085,6.089044875446846,5.707110264748875,2,"Enterprise Mega-Downscalers (High Capitalization, Scaled Magnitude)"
Glints,1,False,2022-12-08,2022-12-08,0,,,198.0,198.0,198.0,0.18,0.18,0.18,HR,Other / Diversified,Series D,Late Stage (Series C-D),Singapore,Asia-Pacific,82.0,4.418840607796598,5.293304824724492,5.293304824724492,1,Severe Single-Wave Resets (Deep Structural Cuts)
Glisser,1,False,2023-01-26,2023-01-26,0,,,25.0,25.0,25.0,1.0,1.0,1.0,Travel,Travel & Transportation,Unknown,Unspecified / Private,United Kingdom,Europe,1.0,0.6931471805599453,3.258096538021482,3.258096538021482,0,Targeted Multi-Wave Downscalers (Iterative Restructuring)
Glitch,1,False,2020-05-21,2020-05-21,0,,,18.0,18.0,18.0,0.36,0.36,0.36,Product,Other / Diversified,Series A,Early Venture (Series A),United States,North America,30.0,3.4339872044851463,2.9444389791664403,2.9444389791664403,1,Severe Single-Wave Resets (Deep Structural Cuts)
Gloat,1,False,2023-04-20,2023-04-20,0,,,35.0,35.0,35.0,0.12,0.12,0.12,HR,Other / Diversified,Series D,Late Stage (Series C-D),United States,North America,192.0,5.262690188904886,3.58351893845611,3.58351893845611,1,Severe Single-Wave Resets (Deep Structural Cuts)
Glossier,4,True,2020-08-07,2026-02-11,2014,671.3333333333334,188.0,299.0,74.75,150.0,0.27999999999999997,0.33,0.38,Retail,Consumer & Retail,Series E,Growth Stage (Series E+),United States,North America,266.0,5.58724865840025,5.703782474656201,5.017279836814924,2,"Enterprise Mega-Downscalers (High Capitalization, Scaled Magnitude)"
Glovo,4,True,2023-01-30,2024-05-25,481,160.33333333333334,43.0,437.0,109.25,250.0,0.06,0.06,0.06,Food,Consumer & Retail,Acquired,Acquired / Subsidiary,Spain,Europe,1200.0,7.0909098220799835,6.082218910376446,5.5254529391317835,2,"Enterprise Mega-Downscalers (High Capitalization, Scaled Magnitude)"
GoBear,1,False,2020-09-01,2020-09-01,0,,,22.0,22.0,22.0,0.11,0.11,0.11,Finance,Fintech & Financial Services,Unknown,Unspecified / Private,Singapore,Asia-Pacific,97.0,4.584967478670572,3.1354942159291497,3.1354942159291497,1,Severe Single-Wave Resets (Deep Structural Cuts)
GoBolt,1,False,2023-01-10,2023-01-10,0,,,55.0,55.0,55.0,0.05,0.05,0.05,Logistics,Travel & Transportation,Series C,Late Stage (Series C-D),Canada,North America,178.0,5.187385805840755,4.02535169073515,4.02535169073515,1,Severe Single-Wave Resets (Deep Structural Cuts)
GoCardless,3,True,2020-04-24,2026-04-14,2181,1090.5,1037.0,240.0,120.0,150.0,0.17,0.17,0.17,Finance,Fintech & Financial Services,Series G,Growth Stage (Series E+),United Kingdom,Europe,529.0,6.272877006546167,5.484796933490655,5.017279836814924,2,"Enterprise Mega-Downscalers (High Capitalization, Scaled Magnitude)"
GoDaddy,2,True,2020-06-24,2023-02-08,959,959.0,959.0,981.0,490.5,530.0,0.07,0.07,0.08,Marketing,Marketing & Media,Post-IPO,Public (Post-IPO),United States,North America,800.0,6.68586094706836,6.889591308354466,6.274762021241939,2,"Enterprise Mega-Downscalers (High Capitalization, Scaled Magnitude)"
GoFundMe,1,False,2022-10-26,2022-10-26,0,,,94.0,94.0,94.0,0.12,0.12,0.12,Finance,Fintech & Financial Services,Series A,Early Venture (Series A),United States,North America,,5.159055299214529,4.553876891600541,4.553876891600541,1,Severe Single-Wave Resets (Deep Structural Cuts)
GoHealth,1,False,2022-08-09,2022-08-09,0,,,800.0,800.0,800.0,0.2,0.2,0.2,Healthcare,Healthcare & BioTech,Post-IPO,Public (Post-IPO),United States,North America,75.0,4.330733340286331,6.68586094706836,6.68586094706836,1,Severe Single-Wave Resets (Deep Structural Cuts)
GoLemon,1,False,2026-07-30,2026-07-30,0,,,33.0,33.0,33.0,1.0,1.0,1.0,Retail,Consumer & Retail,Unknown,Unspecified / Private,Nigeria,Africa,,5.159055299214529,3.5263605246161616,3.5263605246161616,0,Targeted Multi-Wave Downscalers (Iterative Restructuring)
GoPro,4,True,2020-04-15,2026-04-07,2183,727.6666666666666,146.0,484.0,161.33333333333334,200.0,0.155,0.175,0.23,Consumer,Consumer & Retail,Post-IPO,Public (Post-IPO),United States,North America,288.0,5.666426688112432,6.184148890937483,5.303304908059076,2,"Enterprise Mega-Downscalers (High Capitalization, Scaled Magnitude)"
GoSpotCheck,1,False,2020-03-26,2020-03-26,0,,,23.0,23.0,23.0,0.2,0.2,0.2,Retail,Consumer & Retail,Series B,Expansion Stage (Series B),United States,North America,47.0,3.871201010907891,3.1780538303479458,3.1780538303479458,1,Severe Single-Wave Resets (Deep Structural Cuts)
GoTo Group,2,True,2022-11-10,2023-03-10,120,120.0,120.0,1900.0,950.0,1300.0,0.12,0.12,0.12,Transportation,Travel & Transportation,Post-IPO,Public (Post-IPO),Indonesia,Asia-Pacific,1300.0,7.170888478512505,7.550135342488429,7.170888478512505,2,"Enterprise Mega-Downscalers (High Capitalization, Scaled Magnitude)"
Gojek,1,False,2020-06-23,2020-06-23,0,,,430.0,430.0,430.0,0.09,0.09,0.09,Transportation,Travel & Transportation,Series F,Growth Stage (Series E+),Indonesia,Asia-Pacific,4800.0,8.476579508530941,6.066108090103747,6.066108090103747,1,Severe Single-Wave Resets (Deep Structural Cuts)
Gong,1,False,2023-02-08,2023-02-08,0,,,80.0,80.0,80.0,0.07,0.07,0.07,Sales,Professional Services,Series E,Growth Stage (Series E+),United States,North America,583.0,6.369900982828227,4.394449154672439,4.394449154672439,1,Severe Single-Wave Resets (Deep Structural Cuts)
GoodRx,1,False,2022-08-31,2022-08-31,0,,,140.0,140.0,140.0,0.16,0.16,0.16,Healthcare,Healthcare & BioTech,Post-IPO,Public (Post-IPO),United States,North America,910.0,6.814542897259958,4.948759890378168,4.948759890378168,1,Severe Single-Wave Resets (Deep Structural Cuts)
Google,19,True,2023-01-20,2026-08-05,1293,71.83333333333333,1.0,13749.0,1249.909090909091,12000.0,0.06,0.06,0.06,Consumer,Consumer & Retail,Post-IPO,Public (Post-IPO),United States,North America,26.0,3.295836866004329,9.528794103094718,9.392745258631441,3,"Early-Stage Capital-Constrained Exits (High Percentage, Small Scale)"
Goop,1,False,2024-09-06,2024-09-06,0,,,39.0,39.0,39.0,0.18,0.18,0.18,Retail,Consumer & Retail,Unknown,Unspecified / Private,United States,North America,75.0,4.330733340286331,3.6888794541139363,3.6888794541139363,1,Severe Single-Wave Resets (Deep Structural Cuts)
Gopuff,6,True,2022-01-26,2024-05-16,841,168.2,62.0,2400.0,480.0,1500.0,0.0525,0.045,0.1,Food,Consumer & Retail,Series H,Growth Stage (Series E+),United States,North America,3400.0,8.131824785007195,7.783640596221253,7.313886831633462,2,"Enterprise Mega-Downscalers (High Capitalization, Scaled Magnitude)"
Gorillas,2,True,2022-05-24,2022-07-03,40,40.0,40.0,840.0,420.0,540.0,0.5,0.5,0.5,Food,Consumer & Retail,Series C,Late Stage (Series C-D),Germany,Europe,1300.0,7.170888478512505,6.734591659972948,6.293419278846481,2,"Enterprise Mega-Downscalers (High Capitalization, Scaled Magnitude)"
Grab,2,True,2020-06-16,2023-06-20,1099,1099.0,1099.0,1360.0,680.0,1000.0,0.08,0.08,0.11,Transportation,Travel & Transportation,Post-IPO,Public (Post-IPO),Singapore,Asia-Pacific,16500.0,9.711176264112805,7.215975002651466,6.90875477931522,2,"Enterprise Mega-Downscalers (High Capitalization, Scaled Magnitude)"
Grabango,2,True,2023-09-11,2024-10-09,394,394.0,394.0,34.0,34.0,34.0,0.7,0.7,1.0,Food,Consumer & Retail,Unknown,Unspecified / Private,United States,North America,94.0,4.553876891600541,3.5553480614894135,3.5553480614894135,0,Targeted Multi-Wave Downscalers (Iterative Restructuring)
Graphy,1,False,2023-10-26,2023-10-26,0,,,50.0,50.0,50.0,0.2,0.2,0.2,Education,EdTech & Learning,Subsidiary,Unspecified / Private,India,Asia-Pacific,,5.159055299214529,3.9318256327243257,3.9318256327243257,1,Severe Single-Wave Resets (Deep Structural Cuts)
GrayMeta,1,False,2020-03-23,2020-03-23,0,,,20.0,20.0,20.0,0.4,0.4,0.4,Data,Enterprise & Infrastructure,Unknown,Unspecified / Private,United States,North America,7.0,2.0794415416798357,3.044522437723423,3.044522437723423,1,Severe Single-Wave Resets (Deep Structural Cuts)
Green Labs,1,False,2023-02-21,2023-02-21,0,,,350.0,350.0,350.0,0.7,0.7,0.7,Food,Consumer & Retail,Series C,Late Stage (Series C-D),South Korea,Asia-Pacific,214.0,5.3706380281276624,5.860786223465865,5.860786223465865,0,Targeted Multi-Wave Downscalers (Iterative Restructuring)
Greenhouse,2,True,2020-04-17,2023-04-27,1105,1105.0,1105.0,220.0,110.0,120.0,0.2,0.2,0.28,Recruiting,Professional Services,Private Equity,Private Equity Owned,United States,North America,110.0,4.709530201312334,5.3981627015177525,4.795790545596741,2,"Enterprise Mega-Downscalers (High Capitalization, Scaled Magnitude)"
Greenlight,1,False,2023-01-12,2023-01-12,0,,,104.0,104.0,104.0,0.21,0.21,0.21,Finance,Fintech & Financial Services,Series D,Late Stage (Series C-D),United States,North America,556.0,6.322565239927284,4.653960350157523,4.653960350157523,1,Severe Single-Wave Resets (Deep Structural Cuts)
Grin,3,True,2022-11-30,2024-04-25,512,256.0,111.0,60.0,60.0,60.0,0.13,0.13,0.13,Marketing,Marketing & Media,Series B,Expansion Stage (Series B),United States,North America,145.0,4.983606621708336,4.110873864173311,4.110873864173311,1,Severe Single-Wave Resets (Deep Structural Cuts)
Gro Intelligence,3,True,2024-02-15,2024-05-31,106,53.0,15.0,110.0,55.0,90.0,0.26666666666666666,0.1,0.6,Food,Consumer & Retail,Series B,Expansion Stage (Series B),United States,North America,118.0,4.77912349311153,4.709530201312334,4.51085950651685,1,Severe Single-Wave Resets (Deep Structural Cuts)
Group Nine Media,1,False,2020-04-07,2020-04-07,0,,,50.0,50.0,50.0,0.07,0.07,0.07,Media,Marketing & Media,Unknown,Unspecified / Private,United States,North America,190.0,5.25227342804663,3.9318256327243257,3.9318256327243257,1,Severe Single-Wave Resets (Deep Structural Cuts)
Groupon,4,True,2020-04-13,2026-05-26,2234,744.6666666666666,175.0,4200.0,1050.0,2800.0,0.27999999999999997,0.25,0.44,Retail,Consumer & Retail,Post-IPO,Public (Post-IPO),United States,North America,1400.0,7.244941546337007,8.343077871169383,7.937731775260109,2,"Enterprise Mega-Downscalers (High Capitalization, Scaled Magnitude)"
Grover,1,False,2022-12-07,2022-12-07,0,,,40.0,40.0,40.0,0.1,0.1,0.1,Retail,Consumer & Retail,Unknown,Unspecified / Private,Germany,Europe,2300.0,7.741099090035366,3.713572066704308,3.713572066704308,1,Severe Single-Wave Resets (Deep Structural Cuts)
Grubhub,2,True,2023-06-12,2025-02-28,627,627.0,627.0,900.0,450.0,500.0,0.19,0.19,0.23,Food,Consumer & Retail,Acquired,Acquired / Subsidiary,United States,North America,284.0,5.652489180268651,6.803505257608338,6.2166061010848646,2,"Enterprise Mega-Downscalers (High Capitalization, Scaled Magnitude)"
Guardant Health,1,False,2023-01-25,2023-01-25,0,,,130.0,130.0,130.0,0.07,0.07,0.07,Healthcare,Healthcare & BioTech,Post-IPO,Public (Post-IPO),United States,North America,550.0,6.311734809152915,4.875197323201151,4.875197323201151,1,Severe Single-Wave Resets (Deep Structural Cuts)
Guesty,1,False,2026-05-13,2026-05-13,0,,,20.0,20.0,20.0,0.02,0.02,0.02,Travel,Travel & Transportation,Series F,Growth Stage (Series E+),Israel,Middle East,411.0,6.021023349349527,3.044522437723423,3.044522437723423,1,Severe Single-Wave Resets (Deep Structural Cuts)
Guideline,1,False,2023-04-03,2023-04-03,0,,,48.0,48.0,48.0,0.11,0.11,0.11,Finance,Fintech & Financial Services,Series E,Growth Stage (Series E+),United States,North America,339.0,5.8289456176102075,3.8918202981106265,3.8918202981106265,1,Severe Single-Wave Resets (Deep Structural Cuts)
Guild,2,True,2023-05-24,2024-05-22,364,364.0,364.0,472.0,236.0,300.0,0.185,0.185,0.25,Education,EdTech & Learning,Series F,Growth Stage (Series E+),United States,North America,643.0,6.467698726104354,6.159095388491933,5.707110264748875,2,"Enterprise Mega-Downscalers (High Capitalization, Scaled Magnitude)"
GumGum,1,False,2020-04-20,2020-04-20,0,,,90.0,90.0,90.0,0.25,0.25,0.25,Marketing,Marketing & Media,Series D,Late Stage (Series C-D),United States,North America,58.0,4.07753744390572,4.51085950651685,4.51085950651685,1,Severe Single-Wave Resets (Deep Structural Cuts)
Gupy,1,False,2023-08-02,2023-08-02,0,,,58.0,58.0,58.0,0.08,0.08,0.08,HR,Other / Diversified,Series B,Expansion Stage (Series B),Brazil,Latin America,105.0,4.663439094112067,4.07753744390572,4.07753744390572,1,Severe Single-Wave Resets (Deep Structural Cuts)
Gusto,1,False,2023-02-08,2023-02-08,0,,,126.0,126.0,126.0,0.05,0.05,0.05,HR,Other / Diversified,Series E,Growth Stage (Series E+),United States,North America,746.0,6.616065185132817,4.844187086458591,4.844187086458591,1,Severe Single-Wave Resets (Deep Structural Cuts)
Gympass,1,False,2020-04-03,2020-04-03,0,,,467.0,467.0,467.0,0.33,0.33,0.33,Fitness,Other / Diversified,Series D,Late Stage (Series C-D),Brazil,Latin America,300.0,5.707110264748875,6.148468295917647,6.148468295917647,1,Severe Single-Wave Resets (Deep Structural Cuts)
HOOQ,1,False,2020-03-27,2020-03-27,0,,,250.0,250.0,250.0,1.0,1.0,1.0,Consumer,Consumer & Retail,Unknown,Unspecified / Private,Singapore,Asia-Pacific,95.0,4.564348191467836,5.5254529391317835,5.5254529391317835,0,Targeted Multi-Wave Downscalers (Iterative Restructuring)
Hailo,2,True,2026-01-08,2026-06-08,151,151.0,151.0,140.0,70.0,110.0,0.3,0.3,0.5,Manufacturing,Hardware & Manufacturing,Series C,Late Stage (Series C-D),Israel,Middle East,344.0,5.84354441703136,4.948759890378168,4.709530201312334,1,Severe Single-Wave Resets (Deep Structural Cuts)
Handshake,2,True,2020-05-05,2025-10-14,1988,1988.0,1988.0,100.0,100.0,100.0,0.15,0.15,0.15,Recruiting,Professional Services,Series F,Growth Stage (Series E+),United States,North America,434.0,6.075346031088684,4.61512051684126,4.61512051684126,2,"Enterprise Mega-Downscalers (High Capitalization, Scaled Magnitude)"
Happay,1,False,2023-05-12,2023-05-12,0,,,160.0,160.0,160.0,0.35,0.35,0.35,Finance,Fintech & Financial Services,Acquired,Acquired / Subsidiary,India,Asia-Pacific,21.0,3.091042453358316,5.081404364984463,5.081404364984463,1,Severe Single-Wave Resets (Deep Structural Cuts)
Happy Money,1,False,2022-11-30,2022-11-30,0,,,158.0,158.0,158.0,0.34,0.34,0.34,Finance,Fintech & Financial Services,Series D,Late Stage (Series C-D),United States,North America,191.0,5.2574953720277815,5.0689042022202315,5.0689042022202315,1,Severe Single-Wave Resets (Deep Structural Cuts)
Harappa,1,False,2023-01-03,2023-01-03,0,,,60.0,60.0,60.0,0.3,0.3,0.3,Education,EdTech & Learning,Acquired,Acquired / Subsidiary,India,Asia-Pacific,,5.159055299214529,4.110873864173311,4.110873864173311,1,Severe Single-Wave Resets (Deep Structural Cuts)
Hash,1,False,2022-08-01,2022-08-01,0,,,58.0,58.0,58.0,0.5,0.5,0.5,Finance,Fintech & Financial Services,Series C,Late Stage (Series C-D),Brazil,Latin America,58.0,4.07753744390572,4.07753744390572,4.07753744390572,0,Targeted Multi-Wave Downscalers (Iterative Restructuring)
HashiCorp,2,True,2023-01-11,2023-06-07,147,147.0,147.0,69.0,69.0,69.0,0.08,0.08,0.08,Infrastructure,Enterprise & Infrastructure,Post-IPO,Public (Post-IPO),United States,North America,349.0,5.857933154483459,4.248495242049359,4.248495242049359,1,Severe Single-Wave Resets (Deep Structural Cuts)
Haven Technologies,1,False,2023-06-01,2023-06-01,0,,,280.0,280.0,280.0,0.7,0.7,0.7,Finance,Fintech & Financial Services,Subsidiary,Unspecified / Private,United States,North America,,5.159055299214529,5.638354669333745,5.638354669333745,0,Targeted Multi-Wave Downscalers (Iterative Restructuring)
Headspace,3,True,2022-12-14,2024-11-20,707,353.5,197.0,231.0,115.5,181.0,0.10666666666666667,0.13,0.15,Healthcare,Healthcare & BioTech,Unknown,Unspecified / Private,United States,North America,216.0,5.37989735354046,5.44673737166631,5.204006687076795,2,"Enterprise Mega-Downscalers (High Capitalization, Scaled Magnitude)"
HealthMatch,1,False,2022-06-28,2022-06-28,0,,,18.0,18.0,18.0,0.5,0.5,0.5,Healthcare,Healthcare & BioTech,Series B,Expansion Stage (Series B),Australia,Asia-Pacific,20.0,3.044522437723423,2.9444389791664403,2.9444389791664403,0,Targeted Multi-Wave Downscalers (Iterative Restructuring)
HealthifyMe,2,True,2022-12-03,2024-04-27,511,511.0,511.0,300.0,150.0,150.0,0.27,0.27,0.27,Healthcare,Healthcare & BioTech,Series D,Late Stage (Series C-D),India,Asia-Pacific,130.0,4.875197323201151,5.707110264748875,5.017279836814924,1,Severe Single-Wave Resets (Deep Structural Cuts)
Healthy.io,2,True,2023-05-03,2024-09-22,508,508.0,508.0,110.0,55.0,70.0,0.315,0.315,0.33,Healthcare,Healthcare & BioTech,Series D,Late Stage (Series C-D),Israel,Middle East,185.0,5.225746673713202,4.709530201312334,4.2626798770413155,1,Severe Single-Wave Resets (Deep Structural Cuts)
Help.com,1,False,2020-03-16,2020-03-16,0,,,16.0,16.0,16.0,1.0,1.0,1.0,Support,Enterprise & Infrastructure,Seed,Early Stage (Seed),United States,North America,6.0,1.9459101490553132,2.833213344056216,2.833213344056216,0,Targeted Multi-Wave Downscalers (Iterative Restructuring)
Her Campus Media,1,False,2020-06-10,2020-06-10,0,,,10.0,10.0,10.0,0.18,0.18,0.18,Media,Marketing & Media,Unknown,Unspecified / Private,United States,North America,,5.159055299214529,2.3978952727983707,2.3978952727983707,1,Severe Single-Wave Resets (Deep Structural Cuts)
Heroes,1,False,2022-07-15,2022-07-15,0,,,24.0,24.0,24.0,0.2,0.2,0.2,Retail,Consumer & Retail,Unknown,Unspecified / Private,United Kingdom,Europe,265.0,5.583496308781699,3.2188758248682006,3.2188758248682006,1,Severe Single-Wave Resets (Deep Structural Cuts)
Heureka Group,1,False,2024-04-23,2024-04-23,0,,,100.0,100.0,100.0,0.16,0.16,0.16,Retail,Consumer & Retail,Acquired,Acquired / Subsidiary,Czech Republic,Other / International,,5.159055299214529,4.61512051684126,4.61512051684126,1,Severe Single-Wave Resets (Deep Structural Cuts)
Hewlett Packard Enterprise,2,True,2025-03-06,2025-11-05,244,244.0,244.0,2552.0,1276.0,2500.0,0.05,0.05,0.05,Hardware,Hardware & Manufacturing,Post-IPO,Public (Post-IPO),United States,North America,1400.0,7.244941546337007,7.845024417241484,7.824445930877619,2,"Enterprise Mega-Downscalers (High Capitalization, Scaled Magnitude)"
Hibob,1,False,2020-03-30,2020-03-30,0,,,70.0,70.0,70.0,0.3,0.3,0.3,HR,Other / Diversified,Series A,Early Venture (Series A),Israel,Middle East,45.0,3.828641396489095,4.2626798770413155,4.2626798770413155,1,Severe Single-Wave Resets (Deep Structural Cuts)
Highsnobiety,2,True,2020-04-01,2023-07-03,1188,1188.0,1188.0,75.0,37.5,51.0,0.175,0.175,0.25,Media,Marketing & Media,Acquired,Acquired / Subsidiary,Germany,Europe,8.5,2.2512917986064953,4.330733340286331,3.9512437185814275,1,Severe Single-Wave Resets (Deep Structural Cuts)
Highspot,2,True,2023-02-02,2023-06-08,126,126.0,126.0,240.0,120.0,140.0,0.125,0.125,0.15,Sales,Professional Services,Series F,Growth Stage (Series E+),United States,North America,644.0,6.4692503167957724,5.484796933490655,4.948759890378168,1,Severe Single-Wave Resets (Deep Structural Cuts)
Hike,2,True,2023-08-10,2025-09-13,765,765.0,765.0,55.0,55.0,55.0,1.0,1.0,1.0,Consumer,Consumer & Retail,Unknown,Unspecified / Private,India,Asia-Pacific,261.0,5.568344503761097,4.02535169073515,4.02535169073515,0,Targeted Multi-Wave Downscalers (Iterative Restructuring)
Hims & Hers,1,False,2025-05-30,2025-05-30,0,,,68.0,68.0,68.0,0.04,0.04,0.04,Healthcare,Healthcare & BioTech,Post-IPO,Public (Post-IPO),United States,North America,1200.0,7.0909098220799835,4.23410650459726,4.23410650459726,1,Severe Single-Wave Resets (Deep Structural Cuts)
Hippo Insurance,2,True,2022-08-31,2023-10-26,421,421.0,421.0,190.0,95.0,120.0,0.15000000000000002,0.15000000000000002,0.2,Finance,Fintech & Financial Services,Post-IPO,Public (Post-IPO),United States,North America,1300.0,7.170888478512505,5.25227342804663,4.795790545596741,1,Severe Single-Wave Resets (Deep Structural Cuts)
Hirect,1,False,2022-11-28,2022-11-28,0,,,200.0,200.0,200.0,0.4,0.4,0.4,Recruiting,Professional Services,Series A,Early Venture (Series A),India,Asia-Pacific,,5.159055299214529,5.303304908059076,5.303304908059076,1,Severe Single-Wave Resets (Deep Structural Cuts)
Hireology,1,False,2020-05-12,2020-05-12,0,,,36.0,36.0,36.0,0.17,0.17,0.17,Recruiting,Professional Services,Series D,Late Stage (Series C-D),United States,North America,52.0,3.970291913552122,3.6109179126442243,3.6109179126442243,1,Severe Single-Wave Resets (Deep Structural Cuts)
Hodinkee,1,False,2023-09-05,2023-09-05,0,,,24.0,24.0,24.0,0.2,0.2,0.2,Retail,Consumer & Retail,Seed,Early Stage (Seed),United States,North America,40.0,3.713572066704308,3.2188758248682006,3.2188758248682006,1,Severe Single-Wave Resets (Deep Structural Cuts)
Hodlnaut,1,False,2022-08-19,2022-08-19,0,,,40.0,40.0,40.0,0.8,0.8,0.8,Crypto,Fintech & Financial Services,Unknown,Unspecified / Private,Singapore,Asia-Pacific,,5.159055299214529,3.713572066704308,3.713572066704308,0,Targeted Multi-Wave Downscalers (Iterative Restructuring)
Hologram,2,True,2022-06-09,2024-01-12,582,582.0,582.0,80.0,80.0,80.0,0.4,0.4,0.4,Infrastructure,Enterprise & Infrastructure,Unknown,Unspecified / Private,United States,North America,82.0,4.418840607796598,4.394449154672439,4.394449154672439,1,Severe Single-Wave Resets (Deep Structural Cuts)
Homebot,1,False,2022-12-19,2022-12-19,0,,,18.0,18.0,18.0,0.13,0.13,0.13,Real Estate,Real Estate & PropTech,Acquired,Acquired / Subsidiary,United States,North America,4.0,1.6094379124341003,2.9444389791664403,2.9444389791664403,1,Severe Single-Wave Resets (Deep Structural Cuts)
Homeday,1,False,2023-09-12,2023-09-12,0,,,40.0,40.0,40.0,0.2,0.2,0.2,Real Estate,Real Estate & PropTech,Unknown,Unspecified / Private,Germany,Europe,71.0,4.276666119016055,3.713572066704308,3.713572066704308,1,Severe Single-Wave Resets (Deep Structural Cuts)
Homie,4,True,2022-02-14,2024-04-19,795,265.0,165.0,159.0,79.5,119.0,0.21,0.21,0.29,Real Estate,Real Estate & PropTech,Series B,Expansion Stage (Series B),United States,North America,35.0,3.58351893845611,5.075173815233827,4.787491742782046,2,"Enterprise Mega-Downscalers (High Capitalization, Scaled Magnitude)"
Hootsuite,4,True,2022-08-09,2025-10-27,1175,391.6666666666667,78.0,520.0,173.33333333333334,400.0,0.155,0.135,0.3,Marketing,Marketing & Media,Series C,Late Stage (Series C-D),Canada,North America,300.0,5.707110264748875,6.255750041753367,5.993961427306569,2,"Enterprise Mega-Downscalers (High Capitalization, Scaled Magnitude)"
HopSkipDrive,2,True,2020-03-13,2020-08-12,152,152.0,152.0,8.0,8.0,8.0,0.1,0.1,0.1,Transportation,Travel & Transportation,Unknown,Unspecified / Private,United States,North America,45.0,3.828641396489095,2.1972245773362196,2.1972245773362196,1,Severe Single-Wave Resets (Deep Structural Cuts)
Hopin,4,True,2022-02-10,2024-05-07,817,272.3333333333333,128.0,380.0,190.0,242.0,0.19333333333333333,0.17,0.29,Other,Other / Diversified,Series D,Late Stage (Series C-D),United Kingdom,Europe,1000.0,6.90875477931522,5.942799375126701,5.493061443340548,2,"Enterprise Mega-Downscalers (High Capitalization, Scaled Magnitude)"
Hopper,3,True,2020-04-06,2024-11-22,1691,845.5,415.0,250.0,250.0,250.0,0.3,0.3,0.3,Travel,Travel & Transportation,Unknown,Unspecified / Private,Canada,North America,730.0,6.594413459749778,5.5254529391317835,5.5254529391317835,2,"Enterprise Mega-Downscalers (High Capitalization, Scaled Magnitude)"
Horizn Studios,1,False,2020-04-24,2020-04-24,0,,,15.0,15.0,15.0,0.25,0.25,0.25,Travel,Travel & Transportation,Series B,Expansion Stage (Series B),Germany,Europe,30.0,3.4339872044851463,2.772588722239781,2.772588722239781,1,Severe Single-Wave Resets (Deep Structural Cuts)
Hotmart,2,True,2022-10-20,2026-07-06,1355,1355.0,1355.0,227.0,227.0,227.0,0.11,0.11,0.12,Marketing,Marketing & Media,Series C,Late Stage (Series C-D),Brazil,Latin America,127.0,4.852030263919617,5.429345628954441,5.429345628954441,2,"Enterprise Mega-Downscalers (High Capitalization, Scaled Magnitude)"
Houzz,2,True,2020-04-21,2022-12-07,960,960.0,960.0,250.0,125.0,155.0,0.09,0.09,0.1,Consumer,Consumer & Retail,Series E,Growth Stage (Series E+),United States,North America,613.0,6.419994928147142,5.5254529391317835,5.049856007249537,2,"Enterprise Mega-Downscalers (High Capitalization, Scaled Magnitude)"
HubSpot,2,True,2023-01-31,2024-01-24,358,358.0,358.0,500.0,500.0,500.0,0.07,0.07,0.07,Marketing,Marketing & Media,Post-IPO,Public (Post-IPO),United States,North America,100.0,4.61512051684126,6.2166061010848646,6.2166061010848646,2,"Enterprise Mega-Downscalers (High Capitalization, Scaled Magnitude)"
Hubba,1,False,2021-02-01,2021-02-01,0,,,45.0,45.0,45.0,1.0,1.0,1.0,Retail,Consumer & Retail,Series B,Expansion Stage (Series B),Canada,North America,61.0,4.127134385045092,3.828641396489095,3.828641396489095,0,Targeted Multi-Wave Downscalers (Iterative Restructuring)
Hubilo,3,True,2022-07-12,2023-10-30,475,237.5,191.0,210.0,70.0,115.0,0.235,0.235,0.35,Other,Other / Diversified,Series B,Expansion Stage (Series B),United States,North America,153.0,5.0369526024136295,5.351858133476067,4.7535901911063645,2,"Enterprise Mega-Downscalers (High Capitalization, Scaled Magnitude)"
Hugging Face,1,False,2025-02-05,2025-02-05,0,,,10.0,10.0,10.0,0.04,0.04,0.04,AI,Other / Diversified,Series D,Late Stage (Series C-D),United States,North America,395.0,5.981414211254481,2.3978952727983707,2.3978952727983707,1,Severe Single-Wave Resets (Deep Structural Cuts)
Huma,1,False,2023-08-30,2023-08-30,0,,,45.0,45.0,45.0,0.1,0.1,0.1,Healthcare,Healthcare & BioTech,Unknown,Unspecified / Private,United Kingdom,Europe,217.0,5.384495062789089,3.828641396489095,3.828641396489095,1,Severe Single-Wave Resets (Deep Structural Cuts)
Humane,1,False,2024-01-09,2024-01-09,0,,,10.0,10.0,10.0,0.04,0.04,0.04,Hardware,Hardware & Manufacturing,Series C,Late Stage (Series C-D),United States,North America,230.0,5.442417710521793,2.3978952727983707,2.3978952727983707,1,Severe Single-Wave Resets (Deep Structural Cuts)
Humble Games,1,False,2024-07-23,2024-07-23,0,,,36.0,36.0,36.0,1.0,1.0,1.0,Media,Marketing & Media,Acquired,Acquired / Subsidiary,United States,North America,4.0,1.6094379124341003,3.6109179126442243,3.6109179126442243,0,Targeted Multi-Wave Downscalers (Iterative Restructuring)
Huobi,2,True,2022-06-28,2023-01-06,192,192.0,192.0,575.0,287.5,300.0,0.25,0.25,0.3,Crypto,Fintech & Financial Services,Unknown,Unspecified / Private,China,Asia-Pacific,2.0,1.0986122886681098,6.3561076606958915,5.707110264748875,1,Severe Single-Wave Resets (Deep Structural Cuts)
Hydrow,2,True,2022-07-18,2023-01-19,185,185.0,185.0,30.0,30.0,30.0,0.35,0.35,0.35,Fitness,Other / Diversified,Series D,Late Stage (Series C-D),United States,North America,269.0,5.598421958998375,3.4339872044851463,3.4339872044851463,1,Severe Single-Wave Resets (Deep Structural Cuts)
Hyland Software,1,False,2023-04-03,2023-04-03,0,,,1000.0,1000.0,1000.0,0.2,0.2,0.2,Other,Other / Diversified,Acquired,Acquired / Subsidiary,United States,North America,,5.159055299214529,6.90875477931522,6.90875477931522,1,Severe Single-Wave Resets (Deep Structural Cuts)
Hyperscience,1,False,2022-03-03,2022-03-03,0,,,100.0,100.0,100.0,0.25,0.25,0.25,Data,Enterprise & Infrastructure,Series E,Growth Stage (Series E+),United States,North America,289.0,5.66988092298052,4.61512051684126,4.61512051684126,1,Severe Single-Wave Resets (Deep Structural Cuts)
IAC,2,True,2024-01-10,2026-04-08,819,819.0,819.0,407.0,203.5,330.0,0.02,0.02,0.02,Consumer,Consumer & Retail,Post-IPO,Public (Post-IPO),United States,North America,,5.159055299214529,6.0112671744041615,5.802118375377063,2,"Enterprise Mega-Downscalers (High Capitalization, Scaled Magnitude)"
IBM,5,True,2023-01-25,2024-09-18,602,150.5,23.0,4900.0,2450.0,3900.0,0.02,0.02,0.02,Hardware,Hardware & Manufacturing,Post-IPO,Public (Post-IPO),United States,North America,,5.159055299214529,8.497194544909547,8.268988209506656,2,"Enterprise Mega-Downscalers (High Capitalization, Scaled Magnitude)"
ICANN,1,False,2024-05-30,2024-05-30,0,,,33.0,33.0,33.0,0.07,0.07,0.07,Infrastructure,Enterprise & Infrastructure,Unknown,Unspecified / Private,United States,North America,,5.159055299214529,3.5263605246161616,3.5263605246161616,1,Severe Single-Wave Resets (Deep Structural Cuts)
IRL,2,True,2022-06-02,2023-06-23,386,386.0,386.0,25.0,25.0,25.0,0.625,0.625,1.0,Consumer,Consumer & Retail,Series C,Late Stage (Series C-D),United States,North America,197.0,5.288267030694535,3.258096538021482,3.258096538021482,0,Targeted Multi-Wave Downscalers (Iterative Restructuring)
Ibotta,2,True,2020-04-07,2025-02-22,1782,1782.0,1782.0,157.0,78.5,87.0,0.11499999999999999,0.11499999999999999,0.15,Retail,Consumer & Retail,Post-IPO,Public (Post-IPO),United States,North America,93.0,4.543294782270004,5.062595033026967,4.477336814478207,2,"Enterprise Mega-Downscalers (High Capitalization, Scaled Magnitude)"
Identiq,1,False,2024-04-01,2024-04-01,0,,,20.0,20.0,20.0,0.44,0.44,0.44,Security,Enterprise & Infrastructure,Series A,Early Venture (Series A),Israel,Middle East,52.0,3.970291913552122,3.044522437723423,3.044522437723423,1,Severe Single-Wave Resets (Deep Structural Cuts)
Iflix,1,False,2020-04-04,2020-04-04,0,,,50.0,50.0,50.0,0.12,0.12,0.12,Consumer,Consumer & Retail,Unknown,Unspecified / Private,Malaysia,Asia-Pacific,348.0,5.855071922202427,3.9318256327243257,3.9318256327243257,1,Severe Single-Wave Resets (Deep Structural Cuts)
Ike,1,False,2020-04-22,2020-04-22,0,,,10.0,10.0,10.0,0.14,0.14,0.14,Transportation,Travel & Transportation,Series A,Early Venture (Series A),United States,North America,52.0,3.970291913552122,2.3978952727983707,2.3978952727983707,1,Severe Single-Wave Resets (Deep Structural Cuts)
Illumina,4,True,2022-11-14,2024-02-01,444,148.0,57.0,762.0,254.0,500.0,0.05,0.05,0.05,Healthcare,Healthcare & BioTech,Post-IPO,Public (Post-IPO),United States,North America,28.0,3.367295829986474,6.637258031284457,6.2166061010848646,2,"Enterprise Mega-Downscalers (High Capitalization, Scaled Magnitude)"
Immersive Labs,1,False,2022-08-30,2022-08-30,0,,,38.0,38.0,38.0,0.1,0.1,0.1,Security,Enterprise & Infrastructure,Series C,Late Stage (Series C-D),United Kingdom,Europe,123.0,4.820281565605037,3.6635616461296463,3.6635616461296463,1,Severe Single-Wave Resets (Deep Structural Cuts)
Immutable,2,True,2022-07-26,2023-02-22,211,211.0,211.0,20.0,20.0,20.0,0.08499999999999999,0.08499999999999999,0.11,Crypto,Fintech & Financial Services,Series C,Late Stage (Series C-D),Australia,Asia-Pacific,279.0,5.634789603169249,3.044522437723423,3.044522437723423,1,Severe Single-Wave Resets (Deep Structural Cuts)
Impact.com,2,True,2022-08-25,2024-02-05,529,529.0,529.0,40.0,40.0,40.0,0.065,0.065,0.1,Sales,Professional Services,Private Equity,Private Equity Owned,United States,North America,361.0,5.8916442118257715,3.713572066704308,3.713572066704308,1,Severe Single-Wave Resets (Deep Structural Cuts)
Impala,1,False,2022-06-01,2022-06-01,0,,,30.0,30.0,30.0,0.35,0.35,0.35,Travel,Travel & Transportation,Series B,Expansion Stage (Series B),United Kingdom,Europe,32.0,3.4965075614664802,3.4339872044851463,3.4339872044851463,1,Severe Single-Wave Resets (Deep Structural Cuts)
Impinj,1,False,2024-02-13,2024-02-13,0,,,50.0,50.0,50.0,0.1,0.1,0.1,Other,Other / Diversified,Post-IPO,Public (Post-IPO),United States,North America,137.0,4.927253685157205,3.9318256327243257,3.9318256327243257,1,Severe Single-Wave Resets (Deep Structural Cuts)
Impossible Foods,2,True,2022-10-06,2023-01-30,116,116.0,116.0,190.0,95.0,140.0,0.13,0.13,0.2,Food,Consumer & Retail,Series H,Growth Stage (Series E+),United States,North America,1900.0,7.550135342488429,5.25227342804663,4.948759890378168,1,Severe Single-Wave Resets (Deep Structural Cuts)
InDebted,1,False,2022-07-26,2022-07-26,0,,,40.0,40.0,40.0,0.17,0.17,0.17,Finance,Fintech & Financial Services,Series B,Expansion Stage (Series B),Australia,Asia-Pacific,41.0,3.7376696182833684,3.713572066704308,3.713572066704308,1,Severe Single-Wave Resets (Deep Structural Cuts)
InSightec,1,False,2023-12-19,2023-12-19,0,,,100.0,100.0,100.0,0.2,0.2,0.2,Healthcare,Healthcare & BioTech,Unknown,Unspecified / Private,Israel,Middle East,733.0,6.598509028614515,4.61512051684126,4.61512051684126,1,Severe Single-Wave Resets (Deep Structural Cuts)
InVision,4,True,2020-08-14,2024-01-04,1238,412.6666666666667,289.0,22.0,22.0,22.0,0.75,0.75,1.0,Product,Other / Diversified,Series F,Growth Stage (Series E+),United States,North America,356.0,5.877735781779639,3.1354942159291497,3.1354942159291497,0,Targeted Multi-Wave Downscalers (Iterative Restructuring)
Incredible Health,1,False,2020-04-01,2020-04-01,0,,,9.0,9.0,9.0,0.4,0.4,0.4,Healthcare,Healthcare & BioTech,Series A,Early Venture (Series A),United States,North America,15.0,2.772588722239781,2.302585092994046,2.302585092994046,1,Severe Single-Wave Resets (Deep Structural Cuts)
Incredibuild,2,True,2023-12-05,2024-11-04,335,335.0,335.0,58.0,29.0,40.0,0.155,0.155,0.2,Product,Other / Diversified,Acquired,Acquired / Subsidiary,Israel,Middle East,35.0,3.58351893845611,4.07753744390572,3.713572066704308,1,Severe Single-Wave Resets (Deep Structural Cuts)
Indeed,3,True,2023-03-22,2025-11-05,959,479.5,418.0,3200.0,1600.0,2200.0,0.11499999999999999,0.11499999999999999,0.15,HR,Other / Diversified,Acquired,Acquired / Subsidiary,United States,North America,5.0,1.791759469228055,8.071218539969863,7.696667081526462,2,"Enterprise Mega-Downscalers (High Capitalization, Scaled Magnitude)"
Industrious,1,False,2020-04-02,2020-04-02,0,,,90.0,90.0,90.0,0.2,0.2,0.2,Real Estate,Real Estate & PropTech,Series D,Late Stage (Series C-D),United States,North America,222.0,5.407171771460119,4.51085950651685,4.51085950651685,1,Severe Single-Wave Resets (Deep Structural Cuts)
Infarm,2,True,2022-09-14,2022-11-28,75,75.0,75.0,550.0,275.0,500.0,0.275,0.275,0.5,Other,Other / Diversified,Series D,Late Stage (Series C-D),Germany,Europe,604.0,6.405228458030842,6.311734809152915,6.2166061010848646,1,Severe Single-Wave Resets (Deep Structural Cuts)
InfluxData,1,False,2022-11-10,2022-11-10,0,,,65.0,65.0,65.0,0.27,0.27,0.27,Data,Enterprise & Infrastructure,Series D,Late Stage (Series C-D),United States,North America,119.0,4.787491742782046,4.189654742026425,4.189654742026425,1,Severe Single-Wave Resets (Deep Structural Cuts)
InfoSum,1,False,2022-10-19,2022-10-19,0,,,20.0,20.0,20.0,0.12,0.12,0.12,Security,Enterprise & Infrastructure,Series B,Expansion Stage (Series B),United Kingdom,Europe,88.0,4.48863636973214,3.044522437723423,3.044522437723423,1,Severe Single-Wave Resets (Deep Structural Cuts)
Informatica,3,True,2023-01-10,2026-01-15,1101,550.5,295.0,1030.0,343.3333333333333,545.0,0.085,0.085,0.1,Data,Enterprise & Infrastructure,Post-IPO,Public (Post-IPO),United States,North America,,5.159055299214529,6.93828448401696,6.302618975744905,2,"Enterprise Mega-Downscalers (High Capitalization, Scaled Magnitude)"
Inmobi,2,True,2023-01-23,2024-01-11,353,353.0,353.0,175.0,87.5,125.0,0.05,0.05,0.05,Marketing,Marketing & Media,Unknown,Unspecified / Private,India,Asia-Pacific,320.0,5.771441123130016,5.170483995038151,4.836281906951478,1,Severe Single-Wave Resets (Deep Structural Cuts)
Innovaccer,3,True,2022-09-01,2026-05-14,1351,675.5,145.0,675.0,225.0,340.0,0.11499999999999999,0.11499999999999999,0.15,Healthcare,Healthcare & BioTech,Series E,Growth Stage (Series E+),United States,North America,379.0,5.940171252720432,6.516193076042964,5.831882477283517,2,"Enterprise Mega-Downscalers (High Capitalization, Scaled Magnitude)"
Innovid,1,False,2023-01-23,2023-01-23,0,,,40.0,40.0,40.0,0.1,0.1,0.1,Marketing,Marketing & Media,Post-IPO,Public (Post-IPO),United States,North America,295.0,5.69035945432406,3.713572066704308,3.713572066704308,1,Severe Single-Wave Resets (Deep Structural Cuts)
Innoviz,2,True,2024-01-31,2025-02-04,370,370.0,370.0,100.0,50.0,60.0,0.11,0.11,0.13,Transportation,Travel & Transportation,Post-IPO,Public (Post-IPO),Israel,Middle East,547.0,6.306275286948016,4.61512051684126,4.110873864173311,1,Severe Single-Wave Resets (Deep Structural Cuts)
Inspirato,3,True,2020-03-16,2023-07-19,1220,610.0,182.0,289.0,96.33333333333333,130.0,0.13333333333333333,0.12,0.22,Travel,Travel & Transportation,Post-IPO,Public (Post-IPO),United States,North America,179.0,5.19295685089021,5.66988092298052,4.875197323201151,2,"Enterprise Mega-Downscalers (High Capitalization, Scaled Magnitude)"
Instacart,3,True,2021-01-21,2024-02-13,1118,559.0,507.0,2127.0,1063.5,1877.0,0.07,0.07,0.07,Food,Consumer & Retail,Post-IPO,Public (Post-IPO),United States,North America,2900.0,7.972810784121404,7.662937850461535,7.537962659768208,2,"Enterprise Mega-Downscalers (High Capitalization, Scaled Magnitude)"
Instamojo,1,False,2020-04-02,2020-04-02,0,,,6.0,6.0,6.0,0.06,0.06,0.06,Finance,Fintech & Financial Services,Unknown,Unspecified / Private,India,Asia-Pacific,8.0,2.1972245773362196,1.9459101490553132,1.9459101490553132,1,Severe Single-Wave Resets (Deep Structural Cuts)
Instructure,1,False,2020-05-27,2020-05-27,0,,,150.0,150.0,150.0,0.12,0.12,0.12,Education,EdTech & Learning,Acquired,Acquired / Subsidiary,United States,North America,89.0,4.499809670330265,5.017279836814924,5.017279836814924,1,Severe Single-Wave Resets (Deep Structural Cuts)
Intapp,1,False,2020-05-18,2020-05-18,0,,,45.0,45.0,45.0,0.05,0.05,0.05,Legal,Professional Services,Private Equity,Private Equity Owned,United States,North America,,5.159055299214529,3.828641396489095,3.828641396489095,1,Severe Single-Wave Resets (Deep Structural Cuts)
Integral Ad Science,2,True,2020-05-14,2022-12-07,937,937.0,937.0,190.0,95.0,120.0,0.115,0.115,0.13,Marketing,Marketing & Media,Acquired,Acquired / Subsidiary,United States,North America,116.0,4.762173934797756,5.25227342804663,4.795790545596741,2,"Enterprise Mega-Downscalers (High Capitalization, Scaled Magnitude)"
Intel,12,True,2022-12-06,2026-07-20,1322,120.18181818181819,7.0,43115.0,4790.555555555556,22000.0,0.175,0.175,0.2,Hardware,Hardware & Manufacturing,Post-IPO,Public (Post-IPO),United States,North America,12.0,2.5649493574615367,10.67164943690152,9.99884318585288,3,"Early-Stage Capital-Constrained Exits (High Percentage, Small Scale)"
Intercom,3,True,2020-05-20,2022-11-14,908,454.0,68.0,212.0,70.66666666666667,124.0,0.08,0.06,0.13,Support,Enterprise & Infrastructure,Series D,Late Stage (Series C-D),United States,North America,240.0,5.484796933490655,5.3612921657094255,4.8283137373023015,2,"Enterprise Mega-Downscalers (High Capitalization, Scaled Magnitude)"
Intersect,1,False,2020-05-13,2020-05-13,0,,,19.0,19.0,19.0,0.11,0.11,0.11,Product,Other / Diversified,Acquired,Acquired / Subsidiary,Canada,North America,,5.159055299214529,2.995732273553991,2.995732273553991,1,Severe Single-Wave Resets (Deep Structural Cuts)
Intrinsic,1,False,2023-01-11,2023-01-11,0,,,40.0,40.0,40.0,0.2,0.2,0.2,Other,Other / Diversified,Acquired,Acquired / Subsidiary,United States,North America,,5.159055299214529,3.713572066704308,3.713572066704308,1,Severe Single-Wave Resets (Deep Structural Cuts)
Introhive,1,False,2022-07-20,2022-07-20,0,,,57.0,57.0,57.0,0.16,0.16,0.16,Sales,Professional Services,Series C,Late Stage (Series C-D),Canada,North America,125.0,4.836281906951478,4.060443010546419,4.060443010546419,1,Severe Single-Wave Resets (Deep Structural Cuts)
Intuit,3,True,2020-06-22,2026-05-20,2158,1079.0,679.0,5515.0,1838.3333333333333,3000.0,0.11333333333333334,0.1,0.17,Finance,Fintech & Financial Services,Post-IPO,Public (Post-IPO),United States,North America,18.0,2.9444389791664403,8.615408238913192,8.006700845440367,2,"Enterprise Mega-Downscalers (High Capitalization, Scaled Magnitude)"
Inuitive,1,False,2024-08-15,2024-08-15,0,,,16.0,16.0,16.0,0.2,0.2,0.2,Manufacturing,Hardware & Manufacturing,Unknown,Unspecified / Private,Israel,Middle East,23.0,3.1780538303479458,2.833213344056216,2.833213344056216,1,Severe Single-Wave Resets (Deep Structural Cuts)
InvestCloud,2,True,2023-10-06,2026-03-10,886,886.0,886.0,230.0,115.0,150.0,0.05,0.05,0.05,Finance,Fintech & Financial Services,Private Equity,Private Equity Owned,United States,North America,54.0,4.007333185232471,5.442417710521793,5.017279836814924,2,"Enterprise Mega-Downscalers (High Capitalization, Scaled Magnitude)"
Invitae,2,True,2022-07-19,2023-12-13,512,512.0,512.0,1235.0,617.5,1000.0,0.15,0.15,0.15,Healthcare,Healthcare & BioTech,Post-IPO,Public (Post-IPO),United States,North America,2500.0,7.824445930877619,7.119635638017636,6.90875477931522,2,"Enterprise Mega-Downscalers (High Capitalization, Scaled Magnitude)"
Involves,1,False,2022-07-13,2022-07-13,0,,,70.0,70.0,70.0,0.18,0.18,0.18,Retail,Consumer & Retail,Unknown,Unspecified / Private,Brazil,Latin America,23.0,3.1780538303479458,4.2626798770413155,4.2626798770413155,1,Severe Single-Wave Resets (Deep Structural Cuts)
Iris Nova,1,False,2020-03-30,2020-03-30,0,,,9.0,9.0,9.0,0.5,0.5,0.5,Food,Consumer & Retail,Seed,Early Stage (Seed),United States,North America,15.0,2.772588722239781,2.302585092994046,2.302585092994046,0,Targeted Multi-Wave Downscalers (Iterative Restructuring)
Iron Ox,1,False,2022-11-02,2022-11-02,0,,,50.0,50.0,50.0,0.5,0.5,0.5,Food,Consumer & Retail,Series C,Late Stage (Series C-D),United States,North America,103.0,4.6443908991413725,3.9318256327243257,3.9318256327243257,1,Severe Single-Wave Resets (Deep Structural Cuts)
IronNet,3,True,2022-06-22,2023-10-02,467,233.5,0.0,145.0,72.5,90.0,0.5066666666666667,0.35,1.0,Security,Enterprise & Infrastructure,Post-IPO,Public (Post-IPO),United States,North America,428.0,6.061456918928017,4.983606621708336,4.51085950651685,2,"Enterprise Mega-Downscalers (High Capitalization, Scaled Magnitude)"
JD.ID,1,False,2022-12-14,2022-12-14,0,,,200.0,200.0,200.0,0.3,0.3,0.3,Retail,Consumer & Retail,Post-IPO,Public (Post-IPO),Indonesia,Asia-Pacific,5100.0,8.537191877922927,5.303304908059076,5.303304908059076,1,Severe Single-Wave Resets (Deep Structural Cuts)
JOKR,1,False,2022-06-16,2022-06-16,0,,,50.0,50.0,50.0,0.05,0.05,0.05,Food,Consumer & Retail,Series B,Expansion Stage (Series B),United States,North America,430.0,6.066108090103747,3.9318256327243257,3.9318256327243257,1,Severe Single-Wave Resets (Deep Structural Cuts)
Jam City,2,True,2022-08-04,2024-08-05,732,732.0,732.0,285.0,142.5,200.0,0.135,0.135,0.17,Consumer,Consumer & Retail,Unknown,Unspecified / Private,United States,North America,652.0,6.481577129276431,5.655991810819852,5.303304908059076,2,"Enterprise Mega-Downscalers (High Capitalization, Scaled Magnitude)"
Jama,1,False,2020-03-25,2020-03-25,0,,,12.0,12.0,12.0,0.05,0.05,0.05,Product,Other / Diversified,Unknown,Unspecified / Private,United States,North America,233.0,5.455321115357702,2.5649493574615367,2.5649493574615367,1,Severe Single-Wave Resets (Deep Structural Cuts)
Jamf,2,True,2024-01-25,2025-07-15,537,537.0,537.0,166.0,166.0,166.0,0.06,0.06,0.06,Other,Other / Diversified,Post-IPO,Public (Post-IPO),United States,North America,332.0,5.808142489980444,5.117993812416755,5.117993812416755,1,Severe Single-Wave Resets (Deep Structural Cuts)
Jellysmack,6,True,2022-06-09,2024-10-21,865,173.0,39.0,273.0,68.25,208.0,0.08,0.08,0.08,Media,Marketing & Media,Series C,Late Stage (Series C-D),France,Europe,22.0,3.1354942159291497,5.6131281063880705,5.342334251964811,2,"Enterprise Mega-Downscalers (High Capitalization, Scaled Magnitude)"
JetClosing,2,True,2020-04-27,2022-06-15,779,779.0,779.0,20.0,20.0,20.0,0.6,0.6,1.0,Real Estate,Real Estate & PropTech,Series B,Expansion Stage (Series B),United States,North America,44.0,3.8066624897703196,3.044522437723423,3.044522437723423,0,Targeted Multi-Wave Downscalers (Iterative Restructuring)
Jetty,1,False,2020-04-03,2020-04-03,0,,,35.0,35.0,35.0,0.4,0.4,0.4,Finance,Fintech & Financial Services,Series B,Expansion Stage (Series B),United States,North America,40.0,3.713572066704308,3.58351893845611,3.58351893845611,1,Severe Single-Wave Resets (Deep Structural Cuts)
Jimdo,1,False,2022-11-15,2022-11-15,0,,,50.0,50.0,50.0,0.16,0.16,0.16,Other,Other / Diversified,Unknown,Unspecified / Private,Germany,Europe,28.0,3.367295829986474,3.9318256327243257,3.9318256327243257,1,Severe Single-Wave Resets (Deep Structural Cuts)
Jiobit,1,False,2020-04-24,2020-04-24,0,,,6.0,6.0,6.0,0.21,0.21,0.21,Consumer,Consumer & Retail,Unknown,Unspecified / Private,United States,North America,12.0,2.5649493574615367,1.9459101490553132,1.9459101490553132,1,Severe Single-Wave Resets (Deep Structural Cuts)
Jobcase,1,False,2020-04-02,2020-04-02,0,,,39.0,39.0,39.0,0.2,0.2,0.2,Recruiting,Professional Services,Private Equity,Private Equity Owned,United States,North America,118.0,4.77912349311153,3.6888794541139363,3.6888794541139363,1,Severe Single-Wave Resets (Deep Structural Cuts)
Jumia,2,True,2022-11-21,2026-05-13,1269,1269.0,1269.0,1100.0,550.0,900.0,0.2,0.2,0.2,Retail,Consumer & Retail,Post-IPO,Public (Post-IPO),Nigeria,Africa,1200.0,7.0909098220799835,7.00397413672268,6.803505257608338,2,"Enterprise Mega-Downscalers (High Capitalization, Scaled Magnitude)"
Jumio,1,False,2023-01-11,2023-01-11,0,,,100.0,100.0,100.0,0.06,0.06,0.06,Security,Enterprise & Infrastructure,Private Equity,Private Equity Owned,United States,North America,205.0,5.327876168789581,4.61512051684126,4.61512051684126,1,Severe Single-Wave Resets (Deep Structural Cuts)
Jump,1,False,2020-05-07,2020-05-07,0,,,500.0,500.0,500.0,1.0,1.0,1.0,Transportation,Travel & Transportation,Acquired,Acquired / Subsidiary,United States,North America,11.0,2.4849066497880004,6.2166061010848646,6.2166061010848646,0,Targeted Multi-Wave Downscalers (Iterative Restructuring)
Jumpcloud,1,False,2023-01-18,2023-01-18,0,,,100.0,100.0,100.0,0.12,0.12,0.12,Security,Enterprise & Infrastructure,Series F,Growth Stage (Series E+),United States,North America,416.0,6.0330862217988015,4.61512051684126,4.61512051684126,1,Severe Single-Wave Resets (Deep Structural Cuts)
Juni,1,False,2022-11-17,2022-11-17,0,,,72.0,72.0,72.0,0.33,0.33,0.33,Finance,Fintech & Financial Services,Unknown,Unspecified / Private,Sweden,Europe,281.0,5.641907070938114,4.290459441148391,4.290459441148391,1,Severe Single-Wave Resets (Deep Structural Cuts)
Juniper Networks,1,False,2023-10-06,2023-10-06,0,,,440.0,440.0,440.0,0.04,0.04,0.04,Hardware,Hardware & Manufacturing,Post-IPO,Public (Post-IPO),United States,North America,39.0,3.6888794541139363,6.089044875446846,6.089044875446846,1,Severe Single-Wave Resets (Deep Structural Cuts)
Just Eat,3,True,2023-03-21,2025-09-25,919,459.5,322.0,2450.0,816.6666666666666,1700.0,0.035,0.035,0.05,Food,Consumer & Retail,Acquired,Acquired / Subsidiary,Netherlands,Europe,129.0,4.867534450455582,7.804251383528112,7.438971592395862,2,"Enterprise Mega-Downscalers (High Capitalization, Scaled Magnitude)"
Juul,2,True,2020-05-05,2022-11-10,919,919.0,919.0,1300.0,650.0,900.0,0.3,0.3,0.3,Consumer,Consumer & Retail,Unknown,Unspecified / Private,United States,North America,1500.0,7.313886831633462,7.170888478512505,6.803505257608338,2,"Enterprise Mega-Downscalers (High Capitalization, Scaled Magnitude)"
Kabam,2,True,2022-11-09,2023-05-25,197,197.0,197.0,35.0,35.0,35.0,0.095,0.095,0.12,Consumer,Consumer & Retail,Acquired,Acquired / Subsidiary,United States,North America,244.0,5.501258210544727,3.58351893845611,3.58351893845611,1,Severe Single-Wave Resets (Deep Structural Cuts)
Kaleidoscope,1,False,2023-03-14,2023-03-14,0,,,15.0,15.0,15.0,0.3,0.3,0.3,Finance,Fintech & Financial Services,Series A,Early Venture (Series A),United States,North America,16.0,2.833213344056216,2.772588722239781,2.772588722239781,1,Severe Single-Wave Resets (Deep Structural Cuts)
Kaltura,3,True,2022-08-09,2025-08-07,1094,547.0,148.0,145.0,72.5,75.0,0.10333333333333335,0.1,0.11,Media,Marketing & Media,Post-IPO,Public (Post-IPO),United States,North America,166.0,5.117993812416755,4.983606621708336,4.330733340286331,2,"Enterprise Mega-Downscalers (High Capitalization, Scaled Magnitude)"
Kape Technologies,1,False,2023-07-30,2023-07-30,0,,,200.0,200.0,200.0,0.3,0.3,0.3,Security,Enterprise & Infrastructure,Post-IPO,Public (Post-IPO),United Kingdom,Europe,188.0,5.241747015059643,5.303304908059076,5.303304908059076,1,Severe Single-Wave Resets (Deep Structural Cuts)
Karma,1,False,2023-05-04,2023-05-04,0,,,20.0,20.0,20.0,0.28,0.28,0.28,Retail,Consumer & Retail,Series A,Early Venture (Series A),Israel,Middle East,34.0,3.5553480614894135,3.044522437723423,3.044522437723423,1,Severe Single-Wave Resets (Deep Structural Cuts)
Kaseya,3,True,2024-04-03,2026-01-08,645,322.5,77.0,450.0,225.0,250.0,0.05,0.05,0.05,Security,Enterprise & Infrastructure,Private Equity,Private Equity Owned,United States,North America,547.0,6.306275286948016,6.111467339502679,5.5254529391317835,2,"Enterprise Mega-Downscalers (High Capitalization, Scaled Magnitude)"
Katerra,3,True,2020-04-02,2021-06-01,425,212.5,88.0,3074.0,1024.6666666666667,2434.0,0.3666666666666667,0.07,1.0,Construction,Other / Diversified,Unknown,Unspecified / Private,United States,North America,1600.0,7.3783837129967145,8.031060180240619,7.79770203551669,2,"Enterprise Mega-Downscalers (High Capitalization, Scaled Magnitude)"
Kayak / OpenTable,2,True,2020-04-29,2023-10-16,1265,1265.0,1265.0,240.0,120.0,160.0,0.08,0.08,0.08,Travel,Travel & Transportation,Acquired,Acquired / Subsidiary,United States,North America,229.0,5.438079308923196,5.484796933490655,5.081404364984463,2,"Enterprise Mega-Downscalers (High Capitalization, Scaled Magnitude)"
KeepTruckin,1,False,2020-03-31,2020-03-31,0,,,349.0,349.0,349.0,0.18,0.18,0.18,Logistics,Travel & Transportation,Series D,Late Stage (Series C-D),United States,North America,227.0,5.429345628954441,5.857933154483459,5.857933154483459,1,Severe Single-Wave Resets (Deep Structural Cuts)
Kenko Health,3,True,2023-08-29,2024-08-23,360,180.0,1.0,100.0,50.0,50.0,0.4666666666666666,0.2,1.0,Healthcare,Healthcare & BioTech,Series A,Early Venture (Series A),India,Asia-Pacific,14.0,2.70805020110221,4.61512051684126,3.9318256327243257,1,Severe Single-Wave Resets (Deep Structural Cuts)
Kenoby,1,False,2020-04-08,2020-04-08,0,,,18.0,18.0,18.0,0.16,0.16,0.16,Recruiting,Professional Services,Unknown,Unspecified / Private,Brazil,Latin America,23.0,3.1780538303479458,2.9444389791664403,2.9444389791664403,1,Severe Single-Wave Resets (Deep Structural Cuts)
Khoros,3,True,2022-10-21,2025-06-20,973,486.5,265.0,236.0,118.0,120.0,0.07500000000000001,0.07500000000000001,0.1,Sales,Professional Services,Private Equity,Private Equity Owned,United States,North America,138.0,4.9344739331306915,5.4680601411351315,4.795790545596741,2,"Enterprise Mega-Downscalers (High Capitalization, Scaled Magnitude)"
Kiavi,1,False,2022-07-14,2022-07-14,0,,,39.0,39.0,39.0,0.07,0.07,0.07,Real Estate,Real Estate & PropTech,Series E,Growth Stage (Series E+),United States,North America,240.0,5.484796933490655,3.6888794541139363,3.6888794541139363,1,Severe Single-Wave Resets (Deep Structural Cuts)
Kickstarter,1,False,2020-05-13,2020-05-13,0,,,25.0,25.0,25.0,0.18,0.18,0.18,Finance,Fintech & Financial Services,Unknown,Unspecified / Private,United States,North America,10.0,2.3978952727983707,3.258096538021482,3.258096538021482,1,Severe Single-Wave Resets (Deep Structural Cuts)
Kinde,1,False,2023-02-20,2023-02-20,0,,,8.0,8.0,8.0,0.28,0.28,0.28,Other,Other / Diversified,Seed,Early Stage (Seed),Australia,Asia-Pacific,10.0,2.3978952727983707,2.1972245773362196,2.1972245773362196,1,Severe Single-Wave Resets (Deep Structural Cuts)
Kissflow,1,False,2024-06-10,2024-06-10,0,,,45.0,45.0,45.0,0.11,0.11,0.11,Other,Other / Diversified,Unknown,Unspecified / Private,India,Asia-Pacific,1.0,0.6931471805599453,3.828641396489095,3.828641396489095,1,Severe Single-Wave Resets (Deep Structural Cuts)
Kitopi,2,True,2020-04-29,2022-11-21,936,936.0,936.0,217.0,108.5,124.0,0.1,0.1,0.1,Food,Consumer & Retail,Series C,Late Stage (Series C-D),UAE,Other / International,804.0,6.690842277418564,5.384495062789089,4.8283137373023015,2,"Enterprise Mega-Downscalers (High Capitalization, Scaled Magnitude)"
Kitty Hawk,2,True,2020-06-03,2022-09-21,840,840.0,840.0,170.0,85.0,100.0,1.0,1.0,1.0,Aerospace,Hardware & Manufacturing,Unknown,Unspecified / Private,United States,North America,1.0,0.6931471805599453,5.14166355650266,4.61512051684126,0,Targeted Multi-Wave Downscalers (Iterative Restructuring)
Kiwi.com,2,True,2024-01-30,2026-01-29,730,730.0,730.0,466.0,233.0,250.0,0.27,0.27,0.36,Travel,Travel & Transportation,Unknown,Unspecified / Private,Czech Republic,Other / International,107.0,4.68213122712422,6.1463292576688975,5.5254529391317835,2,"Enterprise Mega-Downscalers (High Capitalization, Scaled Magnitude)"
Klarna,2,True,2022-05-23,2022-09-22,122,122.0,122.0,800.0,400.0,700.0,0.1,0.1,0.1,Finance,Fintech & Financial Services,Unknown,Unspecified / Private,Sweden,Europe,3700.0,8.216358332386156,6.68586094706836,6.55250788703459,2,"Enterprise Mega-Downscalers (High Capitalization, Scaled Magnitude)"
Klook,1,False,2020-04-20,2020-04-20,0,,,300.0,300.0,300.0,0.15,0.15,0.15,Travel,Travel & Transportation,Series D,Late Stage (Series C-D),Hong Kong,Asia-Pacific,521.0,6.257667587882639,5.707110264748875,5.707110264748875,1,Severe Single-Wave Resets (Deep Structural Cuts)
Klue,1,False,2025-06-25,2025-06-25,0,,,85.0,85.0,85.0,0.4,0.4,0.4,Sales,Professional Services,Series B,Expansion Stage (Series B),Canada,North America,83.0,4.430816798843313,4.454347296253507,4.454347296253507,1,Severe Single-Wave Resets (Deep Structural Cuts)
Knock,1,False,2022-03-15,2022-03-15,0,,,115.0,115.0,115.0,0.46,0.46,0.46,Real Estate,Real Estate & PropTech,Unknown,Unspecified / Private,United States,North America,654.0,6.484635235635252,4.7535901911063645,4.7535901911063645,1,Severe Single-Wave Resets (Deep Structural Cuts)
Knotel,2,True,2020-03-27,2020-10-29,216,216.0,216.0,147.0,73.5,127.0,0.19,0.19,0.3,Real Estate,Real Estate & PropTech,Series C,Late Stage (Series C-D),United States,North America,560.0,6.329720905522696,4.997212273764115,4.852030263919617,1,Severe Single-Wave Resets (Deep Structural Cuts)
Kodiak Robotics,1,False,2020-04-15,2020-04-15,0,,,15.0,15.0,15.0,0.2,0.2,0.2,Transportation,Travel & Transportation,Series A,Early Venture (Series A),United States,North America,40.0,3.713572066704308,2.772588722239781,2.772588722239781,1,Severe Single-Wave Resets (Deep Structural Cuts)
Koho,2,True,2022-11-17,2023-02-08,83,83.0,83.0,15.0,15.0,15.0,0.09000000000000001,0.09000000000000001,0.14,Finance,Fintech & Financial Services,Series D,Late Stage (Series C-D),Canada,North America,278.0,5.631211781821365,2.772588722239781,2.772588722239781,1,Severe Single-Wave Resets (Deep Structural Cuts)
KoinWorks,1,False,2022-11-04,2022-11-04,0,,,70.0,70.0,70.0,0.08,0.08,0.08,Finance,Fintech & Financial Services,Unknown,Unspecified / Private,Indonesia,Asia-Pacific,180.0,5.198497031265826,4.2626798770413155,4.2626798770413155,1,Severe Single-Wave Resets (Deep Structural Cuts)
Koinly,1,False,2022-12-06,2022-12-06,0,,,16.0,16.0,16.0,0.14,0.14,0.14,Crypto,Fintech & Financial Services,Unknown,Unspecified / Private,United Kingdom,Europe,,5.159055299214529,2.833213344056216,2.833213344056216,1,Severe Single-Wave Resets (Deep Structural Cuts)
Komodo Health,2,True,2020-04-20,2022-12-13,967,967.0,967.0,101.0,50.5,78.0,0.09,0.09,0.09,Healthcare,Healthcare & BioTech,Series E,Growth Stage (Series E+),United States,North America,514.0,6.244166900663736,4.624972813284271,4.3694478524670215,2,"Enterprise Mega-Downscalers (High Capitalization, Scaled Magnitude)"
Kontist,1,False,2022-05-25,2022-05-25,0,,,50.0,50.0,50.0,0.25,0.25,0.25,Finance,Fintech & Financial Services,Series B,Expansion Stage (Series B),Germany,Europe,53.0,3.9889840465642745,3.9318256327243257,3.9318256327243257,1,Severe Single-Wave Resets (Deep Structural Cuts)
Koo,3,True,2022-08-31,2024-07-02,671,335.5,232.0,118.0,59.0,78.0,0.65,0.65,1.0,Consumer,Consumer & Retail,Unknown,Unspecified / Private,India,Asia-Pacific,51.0,3.9512437185814275,4.77912349311153,4.3694478524670215,0,Targeted Multi-Wave Downscalers (Iterative Restructuring)
Kraken,3,True,2022-11-30,2026-05-15,1262,631.0,562.0,1650.0,550.0,1100.0,0.22499999999999998,0.22499999999999998,0.3,Crypto,Fintech & Financial Services,Unknown,Unspecified / Private,United States,North America,134.0,4.90527477843843,7.409136443920128,7.00397413672268,2,"Enterprise Mega-Downscalers (High Capitalization, Scaled Magnitude)"
Krutrim,3,True,2025-07-28,2026-07-28,365,182.5,35.0,170.0,56.666666666666664,100.0,0.5,0.5,0.5,AI,Other / Diversified,Unknown,Unspecified / Private,India,Asia-Pacific,304.0,5.720311776607412,5.14166355650266,4.61512051684126,2,"Enterprise Mega-Downscalers (High Capitalization, Scaled Magnitude)"
Kry,2,True,2022-05-17,2022-10-31,167,167.0,167.0,400.0,200.0,300.0,0.1,0.1,0.1,Healthcare,Healthcare & BioTech,Series D,Late Stage (Series C-D),Sweden,Europe,568.0,6.343880434126331,5.993961427306569,5.707110264748875,1,Severe Single-Wave Resets (Deep Structural Cuts)
Kuda,1,False,2022-09-02,2022-09-02,0,,,23.0,23.0,23.0,0.05,0.05,0.05,Finance,Fintech & Financial Services,Series B,Expansion Stage (Series B),Nigeria,Africa,91.0,4.5217885770490405,3.1780538303479458,3.1780538303479458,1,Severe Single-Wave Resets (Deep Structural Cuts)
Kueski,1,False,2020-04-20,2020-04-20,0,,,90.0,90.0,90.0,0.3,0.3,0.3,Finance,Fintech & Financial Services,Series B,Expansion Stage (Series B),Mexico,Latin America,38.0,3.6635616461296463,4.51085950651685,4.51085950651685,1,Severe Single-Wave Resets (Deep Structural Cuts)
LEAD,2,True,2022-08-04,2023-01-10,159,159.0,159.0,140.0,70.0,80.0,0.04,0.04,0.04,Education,EdTech & Learning,Series E,Growth Stage (Series E+),India,Asia-Pacific,190.0,5.25227342804663,4.948759890378168,4.394449154672439,1,Severe Single-Wave Resets (Deep Structural Cuts)
LOOP,1,False,2024-06-16,2024-06-16,0,,,23.0,23.0,23.0,0.77,0.77,0.77,Finance,Fintech & Financial Services,Series A,Early Venture (Series A),United States,North America,34.0,3.5553480614894135,3.1780538303479458,3.1780538303479458,0,Targeted Multi-Wave Downscalers (Iterative Restructuring)
LSports,1,False,2026-05-06,2026-05-06,0,,,40.0,40.0,40.0,0.2,0.2,0.2,Data,Enterprise & Infrastructure,Unknown,Unspecified / Private,Israel,Middle East,,5.159055299214529,3.713572066704308,3.713572066704308,1,Severe Single-Wave Resets (Deep Structural Cuts)
Lacework,1,False,2022-05-25,2022-05-25,0,,,300.0,300.0,300.0,0.2,0.2,0.2,Security,Enterprise & Infrastructure,Series D,Late Stage (Series C-D),United States,North America,1900.0,7.550135342488429,5.707110264748875,5.707110264748875,1,Severe Single-Wave Resets (Deep Structural Cuts)
Ladder Life,1,False,2020-03-23,2020-03-23,0,,,13.0,13.0,13.0,0.25,0.25,0.25,Finance,Fintech & Financial Services,Series C,Late Stage (Series C-D),United States,North America,94.0,4.553876891600541,2.6390573296152584,2.6390573296152584,1,Severe Single-Wave Resets (Deep Structural Cuts)
Lam Research,1,False,2023-01-25,2023-01-25,0,,,1300.0,1300.0,1300.0,0.07,0.07,0.07,Hardware,Hardware & Manufacturing,Post-IPO,Public (Post-IPO),United States,North America,,5.159055299214529,7.170888478512505,7.170888478512505,1,Severe Single-Wave Resets (Deep Structural Cuts)
Lastline,1,False,2020-06-04,2020-06-04,0,,,50.0,50.0,50.0,0.4,0.4,0.4,Security,Enterprise & Infrastructure,Series C,Late Stage (Series C-D),United States,North America,52.0,3.970291913552122,3.9318256327243257,3.9318256327243257,1,Severe Single-Wave Resets (Deep Structural Cuts)
Lastminute,1,False,2026-06-17,2026-06-17,0,,,400.0,400.0,400.0,0.25,0.25,0.25,Travel,Travel & Transportation,Post-IPO,Public (Post-IPO),Netherlands,Europe,,5.159055299214529,5.993961427306569,5.993961427306569,1,Severe Single-Wave Resets (Deep Structural Cuts)
Latch,5,True,2020-04-02,2023-07-10,1194,298.5,10.0,335.0,83.75,130.0,0.32499999999999996,0.325,0.59,Security,Enterprise & Infrastructure,Post-IPO,Public (Post-IPO),United States,North America,342.0,5.8377304471659395,5.817111159963204,4.875197323201151,2,"Enterprise Mega-Downscalers (High Capitalization, Scaled Magnitude)"
Lattice,3,True,2020-05-15,2023-01-12,972,486.0,77.0,134.0,44.666666666666664,105.0,0.125,0.125,0.15,HR,Other / Diversified,Series F,Growth Stage (Series E+),United States,North America,328.0,5.796057750765372,4.90527477843843,4.663439094112067,2,"Enterprise Mega-Downscalers (High Capitalization, Scaled Magnitude)"
Lawgeex,1,False,2022-09-06,2022-09-06,0,,,30.0,30.0,30.0,0.33,0.33,0.33,Legal,Professional Services,Series C,Late Stage (Series C-D),Israel,Middle East,41.0,3.7376696182833684,3.4339872044851463,3.4339872044851463,1,Severe Single-Wave Resets (Deep Structural Cuts)
Laybuy,3,True,2022-07-28,2026-08-24,1488,744.0,236.0,45.0,45.0,45.0,0.55,0.55,1.0,Security,Enterprise & Infrastructure,Seed,Early Stage (Seed),Israel,Middle East,130.0,4.875197323201151,3.828641396489095,3.828641396489095,2,"Enterprise Mega-Downscalers (High Capitalization, Scaled Magnitude)"
Lazada Group,2,True,2024-01-03,2026-06-23,902,902.0,902.0,100.0,100.0,100.0,0.175,0.175,0.3,Retail,Consumer & Retail,Acquired,Acquired / Subsidiary,Singapore,Asia-Pacific,7200.0,8.881975184248867,4.61512051684126,4.61512051684126,2,"Enterprise Mega-Downscalers (High Capitalization, Scaled Magnitude)"
LeafLink,1,False,2022-12-15,2022-12-15,0,,,80.0,80.0,80.0,0.31,0.31,0.31,Other,Other / Diversified,Series C,Late Stage (Series C-D),United States,North America,379.0,5.940171252720432,4.394449154672439,4.394449154672439,1,Severe Single-Wave Resets (Deep Structural Cuts)
Leafly,3,True,2020-03-23,2023-03-16,1088,544.0,149.0,187.0,62.333333333333336,91.0,0.30666666666666664,0.21,0.5,Retail,Consumer & Retail,Post-IPO,Public (Post-IPO),United States,North America,71.0,4.276666119016055,5.236441962829949,4.5217885770490405,2,"Enterprise Mega-Downscalers (High Capitalization, Scaled Magnitude)"
LearnUpon,1,False,2023-02-07,2023-02-07,0,,,27.0,27.0,27.0,0.09,0.09,0.09,Education,EdTech & Learning,Private Equity,Private Equity Owned,Ireland,Europe,56.0,4.04305126783455,3.332204510175204,3.332204510175204,1,Severe Single-Wave Resets (Deep Structural Cuts)
LeddarTech,1,False,2025-05-22,2025-05-22,0,,,138.0,138.0,138.0,0.95,0.95,0.95,Transportation,Travel & Transportation,Post-IPO,Public (Post-IPO),Canada,North America,402.0,5.998936561946683,4.9344739331306915,4.9344739331306915,0,Targeted Multi-Wave Downscalers (Iterative Restructuring)
LegalZoom,3,True,2023-10-19,2026-08-05,1021,510.5,293.0,100.0,100.0,100.0,0.14,0.14,0.15,Legal,Professional Services,Post-IPO,Public (Post-IPO),United States,North America,952.0,6.859614903654202,4.61512051684126,4.61512051684126,2,"Enterprise Mega-Downscalers (High Capitalization, Scaled Magnitude)"
Legible,1,False,2022-04-04,2022-04-04,0,,,23.0,23.0,23.0,0.38,0.38,0.38,Media,Marketing & Media,Post-IPO,Public (Post-IPO),Canada,North America,3.0,1.3862943611198906,3.1780538303479458,3.1780538303479458,1,Severe Single-Wave Resets (Deep Structural Cuts)
Lemon,1,False,2022-11-24,2022-11-24,0,,,100.0,100.0,100.0,0.38,0.38,0.38,Crypto,Fintech & Financial Services,Series A,Early Venture (Series A),Argentina,Latin America,17.0,2.8903717578961645,4.61512051684126,4.61512051684126,1,Severe Single-Wave Resets (Deep Structural Cuts)
Lemonade,2,True,2022-04-20,2023-05-16,391,391.0,391.0,97.0,48.5,52.0,0.03,0.03,0.03,Finance,Fintech & Financial Services,Post-IPO,Public (Post-IPO),United States,North America,481.0,6.1779441140506,4.584967478670572,3.970291913552122,1,Severe Single-Wave Resets (Deep Structural Cuts)
Lending Club,3,True,2020-04-21,2023-10-12,1269,634.5,273.0,857.0,285.6666666666667,460.0,0.19333333333333336,0.14,0.3,Finance,Fintech & Financial Services,Post-IPO,Public (Post-IPO),United States,North America,392.0,5.973809611869261,6.754604099487962,6.133398042996649,2,"Enterprise Mega-Downscalers (High Capitalization, Scaled Magnitude)"
LendingTree,2,True,2022-11-03,2023-03-30,147,147.0,147.0,350.0,175.0,200.0,0.13,0.13,0.13,Finance,Fintech & Financial Services,Post-IPO,Public (Post-IPO),United States,North America,,5.159055299214529,5.860786223465865,5.303304908059076,1,Severe Single-Wave Resets (Deep Structural Cuts)
Lendingkart,1,False,2020-05-15,2020-05-15,0,,,500.0,500.0,500.0,0.5,0.5,0.5,Finance,Fintech & Financial Services,Unknown,Unspecified / Private,India,Asia-Pacific,200.0,5.303304908059076,6.2166061010848646,6.2166061010848646,0,Targeted Multi-Wave Downscalers (Iterative Restructuring)
Lendis,2,True,2022-07-04,2022-12-21,170,170.0,170.0,18.0,18.0,18.0,0.325,0.325,0.5,Other,Other / Diversified,Series A,Early Venture (Series A),Germany,Europe,90.0,4.51085950651685,2.9444389791664403,2.9444389791664403,1,Severe Single-Wave Resets (Deep Structural Cuts)
Lenovo,3,True,2022-12-08,2025-07-16,951,475.5,133.0,100.0,100.0,100.0,0.03,0.03,0.03,Hardware,Hardware & Manufacturing,Post-IPO,Public (Post-IPO),United States,North America,850.0,6.7464121285733745,4.61512051684126,4.61512051684126,2,"Enterprise Mega-Downscalers (High Capitalization, Scaled Magnitude)"
Lev,2,True,2022-12-07,2023-05-01,145,145.0,145.0,64.0,32.0,34.0,0.3,0.3,0.3,Real Estate,Real Estate & PropTech,Series B,Expansion Stage (Series B),United States,North America,114.0,4.74493212836325,4.174387269895637,3.5553480614894135,1,Severe Single-Wave Resets (Deep Structural Cuts)
Lever,2,True,2020-04-08,2024-01-05,1367,1367.0,1367.0,86.0,86.0,86.0,0.4,0.4,0.4,Recruiting,Professional Services,Acquired,Acquired / Subsidiary,United States,North America,123.0,4.820281565605037,4.465908118654584,4.465908118654584,2,"Enterprise Mega-Downscalers (High Capitalization, Scaled Magnitude)"
Licious,1,False,2024-02-09,2024-02-09,0,,,80.0,80.0,80.0,0.03,0.03,0.03,Food,Consumer & Retail,Series F,Growth Stage (Series E+),India,Asia-Pacific,490.0,6.19644412779452,4.394449154672439,4.394449154672439,1,Severe Single-Wave Resets (Deep Structural Cuts)
Liftoff,1,False,2022-11-09,2022-11-09,0,,,130.0,130.0,130.0,0.15,0.15,0.15,Marketing,Marketing & Media,Acquired,Acquired / Subsidiary,United States,North America,6.0,1.9459101490553132,4.875197323201151,4.875197323201151,1,Severe Single-Wave Resets (Deep Structural Cuts)
Lighter Capital,2,True,2020-04-24,2020-07-20,87,87.0,87.0,40.0,20.0,22.0,0.355,0.355,0.49,Finance,Fintech & Financial Services,Series B,Expansion Stage (Series B),United States,North America,15.0,2.772588722239781,3.713572066704308,3.1354942159291497,1,Severe Single-Wave Resets (Deep Structural Cuts)
Lighthouse Labs,1,False,2020-04-09,2020-04-09,0,,,14.0,14.0,14.0,0.07,0.07,0.07,Education,EdTech & Learning,Unknown,Unspecified / Private,Canada,North America,,5.159055299214529,2.70805020110221,2.70805020110221,1,Severe Single-Wave Resets (Deep Structural Cuts)
Lightico,2,True,2022-03-31,2023-02-05,311,311.0,311.0,40.0,20.0,20.0,0.25,0.25,0.25,Finance,Fintech & Financial Services,Series B,Expansion Stage (Series B),Israel,Middle East,42.0,3.7612001156935624,3.713572066704308,3.044522437723423,1,Severe Single-Wave Resets (Deep Structural Cuts)
Lightricks,4,True,2022-07-04,2026-06-01,1428,476.0,217.0,310.0,77.5,85.0,0.14,0.135,0.17,Consumer,Consumer & Retail,Series D,Late Stage (Series C-D),Israel,Middle East,335.0,5.817111159963204,5.739792912179234,4.454347296253507,2,"Enterprise Mega-Downscalers (High Capitalization, Scaled Magnitude)"
Lightspeed Commerce,4,True,2023-01-17,2026-07-31,1291,430.3333333333333,243.0,880.0,220.0,300.0,0.065,0.065,0.1,Retail,Consumer & Retail,Post-IPO,Public (Post-IPO),Canada,North America,1200.0,7.0909098220799835,6.78105762593618,5.707110264748875,2,"Enterprise Mega-Downscalers (High Capitalization, Scaled Magnitude)"
Lilium,1,False,2024-12-23,2024-12-23,0,,,1000.0,1000.0,1000.0,1.0,1.0,1.0,Aerospace,Hardware & Manufacturing,Post-IPO,Public (Post-IPO),Germany,Europe,1400.0,7.244941546337007,6.90875477931522,6.90875477931522,0,Targeted Multi-Wave Downscalers (Iterative Restructuring)
Lime,1,False,2020-04-29,2020-04-29,0,,,80.0,80.0,80.0,0.13,0.13,0.13,Transportation,Travel & Transportation,Series D,Late Stage (Series C-D),United States,North America,765.0,6.641182169740591,4.394449154672439,4.394449154672439,1,Severe Single-Wave Resets (Deep Structural Cuts)
Limelight,1,False,2021-02-04,2021-02-04,0,,,13.0,13.0,13.0,1.0,1.0,1.0,Recruiting,Professional Services,Unknown,Unspecified / Private,United States,North America,,5.159055299214529,2.6390573296152584,2.6390573296152584,0,Targeted Multi-Wave Downscalers (Iterative Restructuring)
LinkedIn,7,True,2020-07-21,2026-08-11,2212,368.6666666666667,84.0,3463.0,577.1666666666666,960.0,0.038,0.04,0.06,Recruiting,Professional Services,Acquired,Acquired / Subsidiary,Israel,Middle East,154.0,5.043425116919247,8.150179269682326,6.8679744089702925,2,"Enterprise Mega-Downscalers (High Capitalization, Scaled Magnitude)"
Linkfire,1,False,2022-10-11,2022-10-11,0,,,35.0,35.0,35.0,0.35,0.35,0.35,Marketing,Marketing & Media,Seed,Early Stage (Seed),Denmark,Europe,2.0,1.0986122886681098,3.58351893845611,3.58351893845611,1,Severe Single-Wave Resets (Deep Structural Cuts)
Linktree,2,True,2022-08-09,2023-06-06,301,301.0,301.0,110.0,55.0,60.0,0.22000000000000003,0.22000000000000003,0.27,Consumer,Consumer & Retail,Unknown,Unspecified / Private,Australia,Asia-Pacific,165.0,5.111987788356544,4.709530201312334,4.110873864173311,1,Severe Single-Wave Resets (Deep Structural Cuts)
Lithic,1,False,2022-12-07,2022-12-07,0,,,27.0,27.0,27.0,0.18,0.18,0.18,Finance,Fintech & Financial Services,Series C,Late Stage (Series C-D),United States,North America,115.0,4.7535901911063645,3.332204510175204,3.332204510175204,1,Severe Single-Wave Resets (Deep Structural Cuts)
Liv Up,1,False,2022-02-16,2022-02-16,0,,,100.0,100.0,100.0,0.15,0.15,0.15,Food,Consumer & Retail,Series D,Late Stage (Series C-D),Brazil,Latin America,118.0,4.77912349311153,4.61512051684126,4.61512051684126,1,Severe Single-Wave Resets (Deep Structural Cuts)
LivePerson,2,True,2020-11-01,2022-09-15,683,683.0,683.0,223.0,111.5,193.0,0.11,0.11,0.11,Support,Enterprise & Infrastructure,Post-IPO,Public (Post-IPO),United States,North America,42.0,3.7612001156935624,5.4116460518550396,5.267858159063328,1,Severe Single-Wave Resets (Deep Structural Cuts)
LiveRamp,2,True,2022-11-03,2025-03-05,853,853.0,853.0,65.0,65.0,65.0,0.07500000000000001,0.07500000000000001,0.1,Marketing,Marketing & Media,Post-IPO,Public (Post-IPO),United States,North America,16.0,2.833213344056216,4.189654742026425,4.189654742026425,1,Severe Single-Wave Resets (Deep Structural Cuts)
Livspace,3,True,2020-05-19,2026-02-20,2103,1051.5,1032.0,1550.0,516.6666666666666,1000.0,0.09666666666666666,0.12,0.15,Consumer,Consumer & Retail,Series F,Growth Stage (Series E+),India,Asia-Pacific,482.0,6.180016653652572,7.346655163176539,6.90875477931522,2,"Enterprise Mega-Downscalers (High Capitalization, Scaled Magnitude)"
Loco,1,False,2023-11-30,2023-11-30,0,,,40.0,40.0,40.0,0.36,0.36,0.36,Consumer,Consumer & Retail,Acquired,Acquired / Subsidiary,India,Asia-Pacific,52.0,3.970291913552122,3.713572066704308,3.713572066704308,1,Severe Single-Wave Resets (Deep Structural Cuts)
Loft,6,True,2020-03-27,2023-03-03,1071,214.2,21.0,1289.0,214.83333333333334,384.0,0.1225,0.12,0.15,Real Estate,Real Estate & PropTech,Unknown,Unspecified / Private,Brazil,Latin America,788.0,6.670766320845874,7.162397497355718,5.953243334287785,2,"Enterprise Mega-Downscalers (High Capitalization, Scaled Magnitude)"
Loftium,1,False,2020-05-29,2020-05-29,0,,,32.0,32.0,32.0,0.6,0.6,0.6,Real Estate,Real Estate & PropTech,Series A,Early Venture (Series A),United States,North America,17.0,2.8903717578961645,3.4965075614664802,3.4965075614664802,0,Targeted Multi-Wave Downscalers (Iterative Restructuring)
Loftsmart,1,False,2020-03-30,2020-03-30,0,,,25.0,25.0,25.0,0.75,0.75,0.75,Real Estate,Real Estate & PropTech,Series A,Early Venture (Series A),United States,North America,18.0,2.9444389791664403,3.258096538021482,3.258096538021482,0,Targeted Multi-Wave Downscalers (Iterative Restructuring)
Loggi,2,True,2022-08-08,2023-02-06,182,182.0,182.0,800.0,400.0,500.0,0.11,0.11,0.15,Logistics,Travel & Transportation,Series F,Growth Stage (Series E+),Brazil,Latin America,507.0,6.230481447578482,6.68586094706836,6.2166061010848646,2,"Enterprise Mega-Downscalers (High Capitalization, Scaled Magnitude)"
Logically,1,False,2025-02-17,2025-02-17,0,,,40.0,40.0,40.0,0.2,0.2,0.2,AI,Other / Diversified,Series A,Early Venture (Series A),United Kingdom,Europe,37.0,3.6375861597263857,3.713572066704308,3.713572066704308,1,Severe Single-Wave Resets (Deep Structural Cuts)
Loja Integrada,1,False,2022-08-25,2022-08-25,0,,,25.0,25.0,25.0,0.1,0.1,0.1,Retail,Consumer & Retail,Acquired,Acquired / Subsidiary,Brazil,Latin America,,5.159055299214529,3.258096538021482,3.258096538021482,1,Severe Single-Wave Resets (Deep Structural Cuts)
Lokalise,1,False,2022-11-16,2022-11-16,0,,,76.0,76.0,76.0,0.23,0.23,0.23,Other,Other / Diversified,Series B,Expansion Stage (Series B),United States,North America,56.0,4.04305126783455,4.343805421853684,4.343805421853684,1,Severe Single-Wave Resets (Deep Structural Cuts)
Loom,2,True,2022-06-01,2022-10-20,141,141.0,141.0,57.0,28.5,34.0,0.125,0.125,0.14,Product,Other / Diversified,Series C,Late Stage (Series C-D),United States,North America,203.0,5.318119993844216,4.060443010546419,3.5553480614894135,1,Severe Single-Wave Resets (Deep Structural Cuts)
Loop,3,True,2022-08-24,2024-08-16,723,361.5,218.0,34.0,17.0,19.0,0.225,0.225,0.25,Retail,Consumer & Retail,Series B,Expansion Stage (Series B),United States,North America,125.0,4.836281906951478,3.5553480614894135,2.995732273553991,1,Severe Single-Wave Resets (Deep Structural Cuts)
LoopMe,1,False,2020-04-09,2020-04-09,0,,,8.0,8.0,8.0,0.04,0.04,0.04,Marketing,Marketing & Media,Unknown,Unspecified / Private,United Kingdom,Europe,32.0,3.4965075614664802,2.1972245773362196,2.1972245773362196,1,Severe Single-Wave Resets (Deep Structural Cuts)
Loopio,4,True,2020-05-04,2026-03-13,2139,713.0,216.0,47.0,23.5,36.0,0.0875,0.08499999999999999,0.12,Sales,Professional Services,Private Equity,Private Equity Owned,Canada,North America,263.0,5.575949103146316,3.871201010907891,3.6109179126442243,2,"Enterprise Mega-Downscalers (High Capitalization, Scaled Magnitude)"
Lucid Motors,4,True,2023-03-28,2026-06-22,1182,394.0,122.0,3200.0,1066.6666666666667,1500.0,0.135,0.15,0.18,Transportation,Travel & Transportation,Post-IPO,Public (Post-IPO),United States,North America,8300.0,9.024131268455035,8.071218539969863,7.313886831633462,2,"Enterprise Mega-Downscalers (High Capitalization, Scaled Magnitude)"
Lucid Software,1,False,2023-09-25,2023-09-25,0,,,75.0,75.0,75.0,0.07,0.07,0.07,Other,Other / Diversified,Series E,Growth Stage (Series E+),United States,North America,170.0,5.14166355650266,4.330733340286331,4.330733340286331,1,Severe Single-Wave Resets (Deep Structural Cuts)
Ludeo,1,False,2025-10-20,2025-10-20,0,,,25.0,25.0,25.0,0.5,0.5,0.5,Consumer,Consumer & Retail,Series A,Early Venture (Series A),United States,North America,42.0,3.7612001156935624,3.258096538021482,3.258096538021482,0,Targeted Multi-Wave Downscalers (Iterative Restructuring)
Luminar,3,True,2024-05-03,2025-05-20,382,191.0,140.0,140.0,140.0,140.0,0.175,0.175,0.2,Transportation,Travel & Transportation,Post-IPO,Public (Post-IPO),United States,North America,780.0,6.660575149839686,4.948759890378168,4.948759890378168,2,"Enterprise Mega-Downscalers (High Capitalization, Scaled Magnitude)"
Lunchbox,1,False,2022-07-21,2022-07-21,0,,,60.0,60.0,60.0,0.33,0.33,0.33,Food,Consumer & Retail,Series B,Expansion Stage (Series B),United States,North America,72.0,4.290459441148391,4.110873864173311,4.110873864173311,1,Severe Single-Wave Resets (Deep Structural Cuts)
Luno,2,True,2023-01-25,2026-07-28,1280,1280.0,1280.0,330.0,330.0,330.0,0.275,0.275,0.35,Crypto,Fintech & Financial Services,Acquired,Acquired / Subsidiary,United Kingdom,Europe,13.0,2.6390573296152584,5.802118375377063,5.802118375377063,2,"Enterprise Mega-Downscalers (High Capitalization, Scaled Magnitude)"
Lusha,2,True,2022-07-18,2025-12-10,1241,1241.0,1241.0,54.0,27.0,30.0,0.09,0.09,0.1,Sales,Professional Services,Series B,Expansion Stage (Series B),United States,North America,245.0,5.5053315359323625,4.007333185232471,3.4339872044851463,1,Severe Single-Wave Resets (Deep Structural Cuts)
Lyft,5,True,2020-04-29,2024-09-04,1589,397.25,106.0,2844.0,568.8,1072.0,0.11800000000000002,0.13,0.26,Transportation,Travel & Transportation,Post-IPO,Public (Post-IPO),United States,North America,4900.0,8.497194544909547,7.953318346560431,6.9782137426306985,2,"Enterprise Mega-Downscalers (High Capitalization, Scaled Magnitude)"
Lyra Health,1,False,2024-11-12,2024-11-12,0,,,77.0,77.0,77.0,0.02,0.02,0.02,Healthcare,Healthcare & BioTech,Series F,Growth Stage (Series E+),United States,North America,910.0,6.814542897259958,4.356708826689592,4.356708826689592,1,Severe Single-Wave Resets (Deep Structural Cuts)
Lyst,1,False,2022-11-29,2022-11-29,0,,,50.0,50.0,50.0,0.25,0.25,0.25,Retail,Consumer & Retail,Unknown,Unspecified / Private,United Kingdom,Europe,144.0,4.976733742420574,3.9318256327243257,3.9318256327243257,1,Severe Single-Wave Resets (Deep Structural Cuts)
MFine,1,False,2022-05-21,2022-05-21,0,,,600.0,600.0,600.0,0.75,0.75,0.75,Healthcare,Healthcare & BioTech,Series C,Late Stage (Series C-D),India,Asia-Pacific,97.0,4.584967478670572,6.398594934535208,6.398594934535208,0,Targeted Multi-Wave Downscalers (Iterative Restructuring)
MVPindex,1,False,2024-01-25,2024-01-25,0,,,12.0,12.0,12.0,0.3,0.3,0.3,Marketing,Marketing & Media,Series B,Expansion Stage (Series B),United States,North America,27.0,3.332204510175204,2.5649493574615367,2.5649493574615367,1,Severe Single-Wave Resets (Deep Structural Cuts)
MadeiraMadeira,1,False,2022-08-09,2022-08-09,0,,,60.0,60.0,60.0,0.03,0.03,0.03,Retail,Consumer & Retail,Series E,Growth Stage (Series E+),Brazil,Latin America,338.0,5.82600010738045,4.110873864173311,4.110873864173311,1,Severe Single-Wave Resets (Deep Structural Cuts)
Magic Leap,3,True,2020-04-22,2026-07-20,2280,1140.0,731.0,1268.0,422.6666666666667,1000.0,0.5,0.5,0.5,Consumer,Consumer & Retail,Series E,Growth Stage (Series E+),United States,North America,4100.0,8.31898612539206,7.1459844677143876,6.90875477931522,2,"Enterprise Mega-Downscalers (High Capitalization, Scaled Magnitude)"
Mainstreet,1,False,2022-05-04,2022-05-04,0,,,45.0,45.0,45.0,0.3,0.3,0.3,Finance,Fintech & Financial Services,Series A,Early Venture (Series A),United States,North America,64.0,4.174387269895637,3.828641396489095,3.828641396489095,1,Severe Single-Wave Resets (Deep Structural Cuts)
MakeMyTrip,2,True,2020-06-01,2020-08-31,91,91.0,91.0,700.0,350.0,350.0,0.1,0.1,0.1,Travel,Travel & Transportation,Post-IPO,Public (Post-IPO),India,Asia-Pacific,548.0,6.3080984415095305,6.55250788703459,5.860786223465865,1,Severe Single-Wave Resets (Deep Structural Cuts)
Malwarebytes,2,True,2022-08-17,2023-08-31,379,379.0,379.0,225.0,112.5,125.0,0.14,0.14,0.14,Security,Enterprise & Infrastructure,Series B,Expansion Stage (Series B),United States,North America,80.0,4.394449154672439,5.420534999272286,4.836281906951478,1,Severe Single-Wave Resets (Deep Structural Cuts)
ManoMano,1,False,2023-10-18,2023-10-18,0,,,230.0,230.0,230.0,0.25,0.25,0.25,Retail,Consumer & Retail,Series F,Growth Stage (Series E+),France,Europe,705.0,6.559615237493242,5.442417710521793,5.442417710521793,1,Severe Single-Wave Resets (Deep Structural Cuts)
MariaDB,2,True,2023-02-01,2023-10-12,253,253.0,253.0,84.0,84.0,84.0,0.18000000000000002,0.18000000000000002,0.28,Data,Enterprise & Infrastructure,Post-IPO,Public (Post-IPO),United States,North America,272.0,5.60947179518496,4.442651256490317,4.442651256490317,1,Severe Single-Wave Resets (Deep Structural Cuts)
Marin Software,2,True,2024-09-30,2025-04-10,192,192.0,192.0,27.0,27.0,27.0,0.63,0.63,1.0,Marketing,Marketing & Media,Post-IPO,Public (Post-IPO),United States,North America,99.0,4.605170185988092,3.332204510175204,3.332204510175204,0,Targeted Multi-Wave Downscalers (Iterative Restructuring)
Marketforce,1,False,2022-08-11,2022-08-11,0,,,54.0,54.0,54.0,0.09,0.09,0.09,Retail,Consumer & Retail,Series A,Early Venture (Series A),Kenya,Africa,42.0,3.7612001156935624,4.007333185232471,4.007333185232471,1,Severe Single-Wave Resets (Deep Structural Cuts)
Marketsource,1,False,2026-03-05,2026-03-05,0,,,57.0,57.0,57.0,0.11,0.11,0.11,Sales,Professional Services,Unknown,Unspecified / Private,United States,North America,,5.159055299214529,4.060443010546419,4.060443010546419,1,Severe Single-Wave Resets (Deep Structural Cuts)
Marvell,1,False,2023-03-21,2023-03-21,0,,,320.0,320.0,320.0,0.04,0.04,0.04,Hardware,Hardware & Manufacturing,Post-IPO,Public (Post-IPO),United States,North America,,5.159055299214529,5.771441123130016,5.771441123130016,1,Severe Single-Wave Resets (Deep Structural Cuts)
MasterClass,2,True,2022-06-22,2023-03-02,253,253.0,253.0,199.0,99.5,120.0,0.2,0.2,0.2,Education,EdTech & Learning,Series E,Growth Stage (Series E+),United States,North America,461.0,6.135564891081739,5.298317366548036,4.795790545596741,1,Severe Single-Wave Resets (Deep Structural Cuts)
Match Group,3,True,2023-02-01,2025-05-08,827,413.5,281.0,325.0,325.0,325.0,0.09000000000000001,0.08,0.13,Consumer,Consumer & Retail,Post-IPO,Public (Post-IPO),United States,North America,,5.159055299214529,5.786897381366708,5.786897381366708,2,"Enterprise Mega-Downscalers (High Capitalization, Scaled Magnitude)"
Matrixport,1,False,2023-01-27,2023-01-27,0,,,29.0,29.0,29.0,0.1,0.1,0.1,Crypto,Fintech & Financial Services,Series C,Late Stage (Series C-D),Singapore,Asia-Pacific,100.0,4.61512051684126,3.4011973816621555,3.4011973816621555,1,Severe Single-Wave Resets (Deep Structural Cuts)
Matterport,2,True,2020-04-09,2023-07-11,1188,1188.0,1188.0,260.0,130.0,170.0,0.32,0.32,0.34,Data,Enterprise & Infrastructure,Post-IPO,Public (Post-IPO),United States,North America,409.0,6.016157159698354,5.564520407322694,5.14166355650266,2,"Enterprise Mega-Downscalers (High Capitalization, Scaled Magnitude)"
Maven,1,False,2020-03-30,2020-03-30,0,,,31.0,31.0,31.0,0.09,0.09,0.09,Media,Marketing & Media,Post-IPO,Public (Post-IPO),United States,North America,77.0,4.356708826689592,3.4657359027997265,3.4657359027997265,1,Severe Single-Wave Resets (Deep Structural Cuts)
Maven Clinic,1,False,2024-11-01,2024-11-01,0,,,60.0,60.0,60.0,0.1,0.1,0.1,Healthcare,Healthcare & BioTech,Series F,Growth Stage (Series E+),United States,North America,417.0,6.035481432524756,4.110873864173311,4.110873864173311,1,Severe Single-Wave Resets (Deep Structural Cuts)
MaxMilhas,2,True,2020-04-03,2023-09-05,1250,1250.0,1250.0,249.0,124.5,167.0,0.3,0.3,0.42,Travel,Travel & Transportation,Unknown,Unspecified / Private,Brazil,Latin America,,5.159055299214529,5.521460917862246,5.123963979403259,2,"Enterprise Mega-Downscalers (High Capitalization, Scaled Magnitude)"
Me Poupe,1,False,2023-01-28,2023-01-28,0,,,60.0,60.0,60.0,0.5,0.5,0.5,Finance,Fintech & Financial Services,Unknown,Unspecified / Private,Brazil,Latin America,,5.159055299214529,4.110873864173311,4.110873864173311,1,Severe Single-Wave Resets (Deep Structural Cuts)
MediBuddy,1,False,2023-01-20,2023-01-20,0,,,200.0,200.0,200.0,0.08,0.08,0.08,Healthcare,Healthcare & BioTech,Acquired,Acquired / Subsidiary,India,Asia-Pacific,192.0,5.262690188904886,5.303304908059076,5.303304908059076,1,Severe Single-Wave Resets (Deep Structural Cuts)
MediaMath,2,True,2020-04-07,2023-06-30,1179,1179.0,1179.0,53.0,53.0,53.0,0.54,0.54,1.0,Marketing,Marketing & Media,Private Equity,Private Equity Owned,United States,North America,607.0,6.410174881966167,3.9889840465642745,3.9889840465642745,0,Targeted Multi-Wave Downscalers (Iterative Restructuring)
Medsaf,1,False,2023-07-07,2023-07-07,0,,,30.0,30.0,30.0,1.0,1.0,1.0,Healthcare,Healthcare & BioTech,Unknown,Unspecified / Private,Nigeria,Africa,,5.159055299214529,3.4339872044851463,3.4339872044851463,0,Targeted Multi-Wave Downscalers (Iterative Restructuring)
Meero,1,False,2022-05-09,2022-05-09,0,,,350.0,350.0,350.0,0.5,0.5,0.5,Other,Other / Diversified,Series C,Late Stage (Series C-D),France,Europe,293.0,5.683579767338681,5.860786223465865,5.860786223465865,1,Severe Single-Wave Resets (Deep Structural Cuts)
Meesho,4,True,2020-04-08,2023-05-05,1122,374.0,140.0,901.0,225.25,300.0,0.21500000000000002,0.21500000000000002,0.28,Retail,Consumer & Retail,Series F,Growth Stage (Series E+),India,Asia-Pacific,1100.0,7.00397413672268,6.804614520062624,5.707110264748875,2,"Enterprise Mega-Downscalers (High Capitalization, Scaled Magnitude)"
Megaport,2,True,2023-01-05,2023-04-27,112,112.0,112.0,50.0,50.0,50.0,0.16,0.16,0.16,Infrastructure,Enterprise & Infrastructure,Post-IPO,Public (Post-IPO),Australia,Asia-Pacific,98.0,4.59511985013459,3.9318256327243257,3.9318256327243257,1,Severe Single-Wave Resets (Deep Structural Cuts)
Mejuri,2,True,2020-04-09,2022-08-05,848,848.0,848.0,86.0,43.0,50.0,0.125,0.125,0.15,Retail,Consumer & Retail,Series B,Expansion Stage (Series B),Canada,North America,28.0,3.367295829986474,4.465908118654584,3.9318256327243257,1,Severe Single-Wave Resets (Deep Structural Cuts)
Melio,2,True,2022-08-09,2024-03-04,573,573.0,573.0,100.0,50.0,60.0,0.07,0.07,0.07,Finance,Fintech & Financial Services,Series D,Late Stage (Series C-D),United States,North America,504.0,6.22455842927536,4.61512051684126,4.110873864173311,1,Severe Single-Wave Resets (Deep Structural Cuts)
Merative,2,True,2023-02-23,2023-09-21,210,210.0,210.0,300.0,150.0,200.0,0.1,0.1,0.1,Healthcare,Healthcare & BioTech,Acquired,Acquired / Subsidiary,Ireland,Europe,,5.159055299214529,5.707110264748875,5.303304908059076,1,Severe Single-Wave Resets (Deep Structural Cuts)
Mercos,1,False,2020-05-13,2020-05-13,0,,,51.0,51.0,51.0,0.4,0.4,0.4,Sales,Professional Services,Unknown,Unspecified / Private,Brazil,Latin America,2.0,1.0986122886681098,3.9512437185814275,3.9512437185814275,1,Severe Single-Wave Resets (Deep Structural Cuts)
MessageBird,4,True,2022-11-29,2026-05-11,1259,419.6666666666667,342.0,210.0,105.0,120.0,0.26,0.255,0.33,Other,Other / Diversified,Series C,Late Stage (Series C-D),Netherlands,Europe,1100.0,7.00397413672268,5.351858133476067,4.795790545596741,2,"Enterprise Mega-Downscalers (High Capitalization, Scaled Magnitude)"
Meta,12,True,2022-11-09,2026-05-20,1288,117.0909090909091,8.0,35700.0,3966.6666666666665,11000.0,0.062,0.05,0.13,Consumer,Consumer & Retail,Post-IPO,Public (Post-IPO),United States,North America,26000.0,10.165890277802454,10.482933978579906,9.305741456739435,3,"Early-Stage Capital-Constrained Exits (High Percentage, Small Scale)"
Metigy,1,False,2022-07-31,2022-07-31,0,,,75.0,75.0,75.0,1.0,1.0,1.0,Marketing,Marketing & Media,Series B,Expansion Stage (Series B),Australia,Asia-Pacific,18.0,2.9444389791664403,4.330733340286331,4.330733340286331,0,Targeted Multi-Wave Downscalers (Iterative Restructuring)
Metromile,2,True,2020-04-06,2022-07-28,843,843.0,843.0,160.0,80.0,100.0,0.265,0.265,0.33,Finance,Fintech & Financial Services,Acquired,Acquired / Subsidiary,United States,North America,510.0,6.236369590203704,5.081404364984463,4.61512051684126,2,"Enterprise Mega-Downscalers (High Capitalization, Scaled Magnitude)"
Mews,2,True,2020-04-03,2026-07-07,2286,2286.0,2286.0,200.0,200.0,200.0,0.15,0.15,0.15,Travel,Travel & Transportation,Series D,Late Stage (Series C-D),Netherlands,Europe,817.0,6.706862336602747,5.303304908059076,5.303304908059076,2,"Enterprise Mega-Downscalers (High Capitalization, Scaled Magnitude)"
Micron,3,True,2023-01-01,2025-08-12,954,477.0,47.0,7500.0,2500.0,4800.0,0.07500000000000001,0.07500000000000001,0.1,Hardware,Hardware & Manufacturing,Post-IPO,Public (Post-IPO),United States,North America,50.0,3.9318256327243257,8.922791623969637,8.476579508530941,2,"Enterprise Mega-Downscalers (High Capitalization, Scaled Magnitude)"
Microsoft,17,True,2022-07-12,2026-07-06,1455,90.9375,7.0,34855.0,3168.6363636363635,10000.0,0.033999999999999996,0.03,0.05,Other,Other / Diversified,Post-IPO,Public (Post-IPO),United States,North America,1.0,0.6931471805599453,10.458980567797278,9.210440366976517,3,"Early-Stage Capital-Constrained Exits (High Percentage, Small Scale)"
Milkbasket,1,False,2023-07-27,2023-07-27,0,,,400.0,400.0,400.0,0.67,0.67,0.67,Food,Consumer & Retail,Acquired,Acquired / Subsidiary,India,Asia-Pacific,39.0,3.6888794541139363,5.993961427306569,5.993961427306569,0,Targeted Multi-Wave Downscalers (Iterative Restructuring)
Milkrun,2,True,2023-02-15,2023-04-11,55,55.0,55.0,400.0,400.0,400.0,0.6,0.6,1.0,Food,Consumer & Retail,Series A,Early Venture (Series A),Australia,Asia-Pacific,86.0,4.465908118654584,5.993961427306569,5.993961427306569,0,Targeted Multi-Wave Downscalers (Iterative Restructuring)
MindBody,2,True,2020-04-02,2022-10-26,937,937.0,937.0,1100.0,550.0,700.0,0.25,0.25,0.35,Fitness,Other / Diversified,Post-IPO,Public (Post-IPO),United States,North America,114.0,4.74493212836325,7.00397413672268,6.55250788703459,2,"Enterprise Mega-Downscalers (High Capitalization, Scaled Magnitude)"
Minted,1,False,2020-04-03,2020-04-03,0,,,147.0,147.0,147.0,0.37,0.37,0.37,Retail,Consumer & Retail,Series E,Growth Stage (Series E+),United States,North America,297.0,5.697093486505405,4.997212273764115,4.997212273764115,1,Severe Single-Wave Resets (Deep Structural Cuts)
Minute Media,1,False,2023-01-08,2023-01-08,0,,,50.0,50.0,50.0,0.1,0.1,0.1,Media,Marketing & Media,Series I,Growth Stage (Series E+),United Kingdom,Europe,160.0,5.081404364984463,3.9318256327243257,3.9318256327243257,1,Severe Single-Wave Resets (Deep Structural Cuts)
Miro,2,True,2023-02-02,2024-10-30,636,636.0,636.0,394.0,197.0,275.0,0.125,0.125,0.18,Other,Other / Diversified,Series C,Late Stage (Series C-D),United States,North America,476.0,6.1675164908883415,5.978885764901122,5.62040086571715,2,"Enterprise Mega-Downscalers (High Capitalization, Scaled Magnitude)"
Misfits Market,1,False,2023-02-09,2023-02-09,0,,,649.0,649.0,649.0,0.33,0.33,0.33,Food,Consumer & Retail,Series C,Late Stage (Series C-D),United States,North America,526.0,6.267200548541362,6.476972362889683,6.476972362889683,1,Severe Single-Wave Resets (Deep Structural Cuts)
Mixpanel,1,False,2020-05-12,2020-05-12,0,,,65.0,65.0,65.0,0.19,0.19,0.19,Data,Enterprise & Infrastructure,Series B,Expansion Stage (Series B),United States,North America,77.0,4.356708826689592,4.189654742026425,4.189654742026425,1,Severe Single-Wave Resets (Deep Structural Cuts)
Mobile Premier League,2,True,2022-05-30,2025-09-01,1190,1190.0,1190.0,400.0,200.0,300.0,0.1,0.1,0.1,Consumer,Consumer & Retail,Series E,Growth Stage (Series E+),India,Asia-Pacific,375.0,5.929589143389895,5.993961427306569,5.707110264748875,2,"Enterprise Mega-Downscalers (High Capitalization, Scaled Magnitude)"
Mobileye,2,True,2024-09-09,2025-12-08,455,455.0,455.0,300.0,150.0,200.0,0.04,0.04,0.04,Transportation,Travel & Transportation,Post-IPO,Public (Post-IPO),Israel,Middle East,2100.0,7.650168700845001,5.707110264748875,5.303304908059076,2,"Enterprise Mega-Downscalers (High Capitalization, Scaled Magnitude)"
Moglix,1,False,2023-01-05,2023-01-05,0,,,40.0,40.0,40.0,0.02,0.02,0.02,Retail,Consumer & Retail,Series F,Growth Stage (Series E+),Singapore,Asia-Pacific,472.0,6.159095388491933,3.713572066704308,3.713572066704308,1,Severe Single-Wave Resets (Deep Structural Cuts)
Mogo,1,False,2020-03-27,2020-03-27,0,,,78.0,78.0,78.0,0.3,0.3,0.3,Finance,Fintech & Financial Services,Post-IPO,Public (Post-IPO),Canada,North America,201.0,5.308267697401205,4.3694478524670215,4.3694478524670215,1,Severe Single-Wave Resets (Deep Structural Cuts)
Mojocare,1,False,2023-06-17,2023-06-17,0,,,170.0,170.0,170.0,0.8,0.8,0.8,Healthcare,Healthcare & BioTech,Series A,Early Venture (Series A),India,Asia-Pacific,24.0,3.2188758248682006,5.14166355650266,5.14166355650266,0,Targeted Multi-Wave Downscalers (Iterative Restructuring)
Moladin,1,False,2023-02-12,2023-02-12,0,,,360.0,360.0,360.0,0.11,0.11,0.11,Transportation,Travel & Transportation,Series B,Expansion Stage (Series B),Indonesia,Asia-Pacific,138.0,4.9344739331306915,5.8888779583328805,5.8888779583328805,1,Severe Single-Wave Resets (Deep Structural Cuts)
Momentis Surgical,1,False,2023-05-08,2023-05-08,0,,,70.0,70.0,70.0,0.6,0.6,0.6,Healthcare,Healthcare & BioTech,Series D,Late Stage (Series C-D),Israel,Middle East,,5.159055299214529,4.2626798770413155,4.2626798770413155,0,Targeted Multi-Wave Downscalers (Iterative Restructuring)
Monarch Tractor,2,True,2024-11-08,2025-11-19,376,376.0,376.0,137.0,68.5,102.0,0.1,0.1,0.1,Other,Other / Diversified,Unknown,Unspecified / Private,United States,North America,214.0,5.3706380281276624,4.927253685157205,4.634728988229636,1,Severe Single-Wave Resets (Deep Structural Cuts)
Monday.com,1,False,2026-07-22,2026-07-22,0,,,630.0,630.0,630.0,0.2,0.2,0.2,Product,Other / Diversified,Post-IPO,Public (Post-IPO),Israel,Middle East,384.0,5.953243334287785,6.447305862541213,6.447305862541213,1,Severe Single-Wave Resets (Deep Structural Cuts)
Monzo,3,True,2020-04-09,2026-03-31,2182,1091.0,55.0,335.0,111.66666666666667,165.0,0.08,0.08,0.08,Finance,Fintech & Financial Services,Series F,Growth Stage (Series E+),United Kingdom,Europe,324.0,5.783825182329737,5.817111159963204,5.111987788356544,2,"Enterprise Mega-Downscalers (High Capitalization, Scaled Magnitude)"
Moon Active,2,True,2025-01-27,2026-01-27,365,365.0,365.0,110.0,110.0,110.0,0.05,0.05,0.05,Consumer,Consumer & Retail,Unknown,Unspecified / Private,Israel,Middle East,425.0,6.054439346269371,4.709530201312334,4.709530201312334,1,Severe Single-Wave Resets (Deep Structural Cuts)
MoonPay,1,False,2024-06-05,2024-06-05,0,,,30.0,30.0,30.0,0.1,0.1,0.1,Crypto,Fintech & Financial Services,Unknown,Unspecified / Private,United States,North America,651.0,6.480044561926653,3.4339872044851463,3.4339872044851463,1,Severe Single-Wave Resets (Deep Structural Cuts)
Moovel,1,False,2020-04-01,2020-04-01,0,,,28.0,28.0,28.0,0.37,0.37,0.37,Transportation,Travel & Transportation,Unknown,Unspecified / Private,United States,North America,,5.159055299214529,3.367295829986474,3.367295829986474,1,Severe Single-Wave Resets (Deep Structural Cuts)
Moovit,1,False,2024-06-19,2024-06-19,0,,,20.0,20.0,20.0,0.1,0.1,0.1,Transportation,Travel & Transportation,Acquired,Acquired / Subsidiary,Israel,Middle East,131.0,4.882801922586371,3.044522437723423,3.044522437723423,1,Severe Single-Wave Resets (Deep Structural Cuts)
Morning Brew,2,True,2022-11-17,2023-03-09,112,112.0,112.0,40.0,40.0,40.0,0.14,0.14,0.14,Media,Marketing & Media,Acquired,Acquired / Subsidiary,United States,North America,,5.159055299214529,3.713572066704308,3.713572066704308,1,Severe Single-Wave Resets (Deep Structural Cuts)
Moss,2,True,2022-09-23,2023-05-19,238,238.0,238.0,100.0,50.0,70.0,0.15,0.15,0.15,Finance,Fintech & Financial Services,Series B,Expansion Stage (Series B),Germany,Europe,150.0,5.017279836814924,4.61512051684126,4.2626798770413155,1,Severe Single-Wave Resets (Deep Structural Cuts)
Motional,3,True,2022-11-30,2024-05-10,527,263.5,72.0,550.0,550.0,550.0,0.225,0.225,0.4,Transportation,Travel & Transportation,Unknown,Unspecified / Private,United States,North America,,5.159055299214529,6.311734809152915,6.311734809152915,2,"Enterprise Mega-Downscalers (High Capitalization, Scaled Magnitude)"
Motive,3,True,2022-12-07,2026-08-19,1351,675.5,215.0,488.0,244.0,251.0,0.05333333333333334,0.05,0.06,Transportation,Travel & Transportation,Series F,Growth Stage (Series E+),United States,North America,567.0,6.342121418721152,6.192362489474872,5.529429087511423,2,"Enterprise Mega-Downscalers (High Capitalization, Scaled Magnitude)"
Movidesk,2,True,2020-04-20,2022-11-22,946,946.0,946.0,151.0,75.5,118.0,0.25,0.25,0.25,Support,Enterprise & Infrastructure,Acquired,Acquired / Subsidiary,Brazil,Latin America,11.0,2.4849066497880004,5.0238805208462765,4.77912349311153,1,Severe Single-Wave Resets (Deep Structural Cuts)
Moxion Power,2,True,2024-06-26,2024-07-29,33,33.0,33.0,349.0,174.5,248.0,1.0,1.0,1.0,Energy,Other / Diversified,Unknown,Unspecified / Private,United States,North America,124.0,4.8283137373023015,5.857933154483459,5.517452896464707,0,Targeted Multi-Wave Downscalers (Iterative Restructuring)
Mozilla,2,True,2020-08-11,2024-02-13,1281,1281.0,1281.0,310.0,155.0,250.0,0.15,0.15,0.25,Consumer,Consumer & Retail,Unknown,Unspecified / Private,United States,North America,2.3,1.1939224684724346,5.739792912179234,5.5254529391317835,2,"Enterprise Mega-Downscalers (High Capitalization, Scaled Magnitude)"
Multiverse,3,True,2023-10-25,2026-01-05,803,401.5,34.0,55.0,55.0,55.0,0.05,0.05,0.05,Education,EdTech & Learning,Series D,Late Stage (Series C-D),United Kingdom,Europe,414.0,6.028278520230698,4.02535169073515,4.02535169073515,2,"Enterprise Mega-Downscalers (High Capitalization, Scaled Magnitude)"
Mural,3,True,2022-05-05,2023-06-01,392,196.0,77.0,260.0,130.0,170.0,0.1,0.1,0.1,Product,Other / Diversified,Series C,Late Stage (Series C-D),United States,North America,192.0,5.262690188904886,5.564520407322694,5.14166355650266,2,"Enterprise Mega-Downscalers (High Capitalization, Scaled Magnitude)"
Mux,2,True,2022-09-29,2023-05-31,244,244.0,244.0,80.0,40.0,40.0,0.25,0.25,0.3,Infrastructure,Enterprise & Infrastructure,Series D,Late Stage (Series C-D),United States,North America,173.0,5.159055299214529,4.394449154672439,3.713572066704308,1,Severe Single-Wave Resets (Deep Structural Cuts)
MyBambu,1,False,2025-11-05,2025-11-05,0,,,141.0,141.0,141.0,1.0,1.0,1.0,Finance,Fintech & Financial Services,Unknown,Unspecified / Private,United States,North America,15.0,2.772588722239781,4.955827057601261,4.955827057601261,0,Targeted Multi-Wave Downscalers (Iterative Restructuring)
MyGate,1,False,2023-02-20,2023-02-20,0,,,200.0,200.0,200.0,0.3,0.3,0.3,Other,Other / Diversified,Series B,Expansion Stage (Series B),India,Asia-Pacific,79.0,4.382026634673881,5.303304908059076,5.303304908059076,1,Severe Single-Wave Resets (Deep Structural Cuts)
MyHeritage,1,False,2026-07-08,2026-07-08,0,,,75.0,75.0,75.0,0.15,0.15,0.15,Consumer,Consumer & Retail,Acquired,Acquired / Subsidiary,Israel,Middle East,49.0,3.912023005428146,4.330733340286331,4.330733340286331,1,Severe Single-Wave Resets (Deep Structural Cuts)
N-able Technologies,2,True,2022-12-09,2026-08-10,1340,1340.0,1340.0,120.0,120.0,120.0,0.06,0.06,0.06,Other,Other / Diversified,Post-IPO,Public (Post-IPO),Canada,North America,225.0,5.420534999272286,4.795790545596741,4.795790545596741,2,"Enterprise Mega-Downscalers (High Capitalization, Scaled Magnitude)"
N26,3,True,2020-05-08,2023-09-29,1239,619.5,154.0,94.0,31.333333333333332,71.0,0.025,0.025,0.04,Finance,Fintech & Financial Services,Series E,Growth Stage (Series E+),Germany,Europe,1700.0,7.438971592395862,4.553876891600541,4.276666119016055,2,"Enterprise Mega-Downscalers (High Capitalization, Scaled Magnitude)"
NCC Group,2,True,2023-02-02,2023-08-10,189,189.0,189.0,125.0,125.0,125.0,0.07,0.07,0.07,Security,Enterprise & Infrastructure,Post-IPO,Public (Post-IPO),United Kingdom,Europe,,5.159055299214529,4.836281906951478,4.836281906951478,1,Severe Single-Wave Resets (Deep Structural Cuts)
NS8,1,False,2020-09-11,2020-09-11,0,,,240.0,240.0,240.0,0.95,0.95,0.95,Data,Enterprise & Infrastructure,Series A,Early Venture (Series A),United States,North America,157.9,5.0682750735426705,5.484796933490655,5.484796933490655,0,Targeted Multi-Wave Downscalers (Iterative Restructuring)
NSO,1,False,2022-08-21,2022-08-21,0,,,100.0,100.0,100.0,0.14,0.14,0.14,Security,Enterprise & Infrastructure,Seed,Early Stage (Seed),Israel,Middle East,1.0,0.6931471805599453,4.61512051684126,4.61512051684126,1,Severe Single-Wave Resets (Deep Structural Cuts)
NYDIG,1,False,2022-09-22,2022-09-22,0,,,110.0,110.0,110.0,0.33,0.33,0.33,Crypto,Fintech & Financial Services,Private Equity,Private Equity Owned,United States,North America,1400.0,7.244941546337007,4.709530201312334,4.709530201312334,1,Severe Single-Wave Resets (Deep Structural Cuts)
Namely,1,False,2020-05-01,2020-05-01,0,,,110.0,110.0,110.0,0.4,0.4,0.4,HR,Other / Diversified,Series E,Growth Stage (Series E+),United States,North America,217.0,5.384495062789089,4.709530201312334,4.709530201312334,1,Severe Single-Wave Resets (Deep Structural Cuts)
Namogoo,2,True,2022-11-09,2023-01-23,75,75.0,75.0,45.0,22.5,25.0,0.15,0.15,0.15,Marketing,Marketing & Media,Series C,Late Stage (Series C-D),Israel,Middle East,69.0,4.248495242049359,3.828641396489095,3.258096538021482,1,Severe Single-Wave Resets (Deep Structural Cuts)
NanoString Technologies,1,False,2024-01-06,2024-01-06,0,,,50.0,50.0,50.0,0.09,0.09,0.09,Healthcare,Healthcare & BioTech,Post-IPO,Public (Post-IPO),United States,North America,826.0,6.717804695023691,3.9318256327243257,3.9318256327243257,1,Severe Single-Wave Resets (Deep Structural Cuts)
Nate,3,True,2022-06-30,2023-01-27,211,105.5,61.0,60.0,30.0,30.0,0.2,0.2,0.2,Retail,Consumer & Retail,Series A,Early Venture (Series A),United States,North America,47.0,3.871201010907891,4.110873864173311,3.4339872044851463,1,Severe Single-Wave Resets (Deep Structural Cuts)
Navan,2,True,2023-12-05,2023-12-06,1,1.0,1.0,290.0,145.0,145.0,0.05,0.05,0.05,Travel,Travel & Transportation,Unknown,Unspecified / Private,United States,North America,2200.0,7.696667081526462,5.673323267171493,4.983606621708336,1,Severe Single-Wave Resets (Deep Structural Cuts)
Navi,1,False,2020-06-17,2020-06-17,0,,,40.0,40.0,40.0,0.25,0.25,0.25,Finance,Fintech & Financial Services,Private Equity,Private Equity Owned,India,Asia-Pacific,582.0,6.368187186350492,3.713572066704308,3.713572066704308,1,Severe Single-Wave Resets (Deep Structural Cuts)
Nayax,2,True,2025-07-07,2026-04-15,282,282.0,282.0,102.0,51.0,70.0,0.045,0.045,0.06,Finance,Fintech & Financial Services,Post-IPO,Public (Post-IPO),Israel,Middle East,245.0,5.5053315359323625,4.634728988229636,4.2626798770413155,1,Severe Single-Wave Resets (Deep Structural Cuts)
Neon,3,True,2020-04-13,2023-10-10,1275,637.5,237.0,460.0,153.33333333333334,210.0,0.095,0.095,0.1,Finance,Fintech & Financial Services,Series D,Late Stage (Series C-D),Brazil,Latin America,727.0,6.590301048196686,6.133398042996649,5.351858133476067,2,"Enterprise Mega-Downscalers (High Capitalization, Scaled Magnitude)"
NetApp,3,True,2023-01-31,2026-05-27,1212,606.0,392.0,1737.0,579.0,960.0,0.07,0.07,0.08,Data,Enterprise & Infrastructure,Post-IPO,Public (Post-IPO),United States,North America,,5.159055299214529,7.460490305825338,6.8679744089702925,2,"Enterprise Mega-Downscalers (High Capitalization, Scaled Magnitude)"
Netflix,5,True,2022-04-28,2026-08-13,1568,392.0,19.0,505.0,126.25,300.0,0.02,0.02,0.03,Media,Marketing & Media,Post-IPO,Public (Post-IPO),United States,North America,121900.0,11.710964518881163,6.226536669287466,5.707110264748875,2,"Enterprise Mega-Downscalers (High Capitalization, Scaled Magnitude)"
Netlify,2,True,2022-12-01,2023-07-13,224,224.0,224.0,48.0,48.0,48.0,0.16,0.16,0.16,Other,Other / Diversified,Series D,Late Stage (Series C-D),United States,North America,212.0,5.3612921657094255,3.8918202981106265,3.8918202981106265,1,Severe Single-Wave Resets (Deep Structural Cuts)
Nevro,1,False,2024-01-09,2024-01-09,0,,,63.0,63.0,63.0,0.05,0.05,0.05,Healthcare,Healthcare & BioTech,Post-IPO,Public (Post-IPO),United States,North America,556.0,6.322565239927284,4.1588830833596715,4.1588830833596715,1,Severe Single-Wave Resets (Deep Structural Cuts)
New Relic,6,True,2020-06-29,2024-11-12,1597,319.4,223.0,545.0,136.25,255.0,0.07333333333333335,0.07,0.1,Infrastructure,Enterprise & Infrastructure,Acquired,Acquired / Subsidiary,United States,North America,214.5,5.372960909543803,6.302618975744905,5.545177444479562,2,"Enterprise Mega-Downscalers (High Capitalization, Scaled Magnitude)"
Nexar,3,True,2022-11-30,2023-09-04,278,139.0,35.0,54.0,18.0,25.0,0.14,0.14,0.14,Transportation,Travel & Transportation,Series D,Late Stage (Series C-D),United States,North America,149.0,5.0106352940962555,4.007333185232471,3.258096538021482,1,Severe Single-Wave Resets (Deep Structural Cuts)
Next Insurance,1,False,2022-07-07,2022-07-07,0,,,150.0,150.0,150.0,0.17,0.17,0.17,Finance,Fintech & Financial Services,Series E,Growth Stage (Series E+),United States,North America,881.0,6.782192056006791,5.017279836814924,5.017279836814924,1,Severe Single-Wave Resets (Deep Structural Cuts)
Nextdoor,2,True,2023-11-07,2025-08-07,639,639.0,639.0,67.0,67.0,67.0,0.185,0.185,0.25,Consumer,Consumer & Retail,Post-IPO,Public (Post-IPO),United States,North America,736.0,6.602587892189336,4.219507705176107,4.219507705176107,1,Severe Single-Wave Resets (Deep Structural Cuts)
Niantic,4,True,2022-06-29,2025-03-25,1000,333.3333333333333,41.0,483.0,120.75,230.0,0.08,0.08,0.08,Other,Other / Diversified,Series D,Late Stage (Series C-D),United States,North America,770.0,6.647688373563329,6.182084906716632,5.442417710521793,2,"Enterprise Mega-Downscalers (High Capitalization, Scaled Magnitude)"
Niche,1,False,2024-03-08,2024-03-08,0,,,24.0,24.0,24.0,0.07,0.07,0.07,Education,EdTech & Learning,Series C,Late Stage (Series C-D),United States,North America,44.0,3.8066624897703196,3.2188758248682006,3.2188758248682006,1,Severe Single-Wave Resets (Deep Structural Cuts)
Nikola,2,True,2023-06-16,2024-10-11,483,483.0,483.0,400.0,200.0,270.0,0.15,0.15,0.15,Transportation,Travel & Transportation,Post-IPO,Public (Post-IPO),United States,North America,3300.0,8.101980731853192,5.993961427306569,5.602118820879701,2,"Enterprise Mega-Downscalers (High Capitalization, Scaled Magnitude)"
Ninja Van,2,True,2024-04-29,2024-07-01,63,63.0,63.0,21.0,21.0,21.0,0.07500000000000001,0.07500000000000001,0.1,Transportation,Travel & Transportation,Series E,Growth Stage (Series E+),Singapore,Asia-Pacific,974.0,6.882437470997847,3.091042453358316,3.091042453358316,1,Severe Single-Wave Resets (Deep Structural Cuts)
Nomad Health,3,True,2023-10-20,2024-02-05,108,54.0,0.0,119.0,119.0,119.0,0.21000000000000002,0.21000000000000002,0.25,Healthcare,Healthcare & BioTech,Unknown,Unspecified / Private,United States,North America,218.0,5.389071729816501,4.787491742782046,4.787491742782046,1,Severe Single-Wave Resets (Deep Structural Cuts)
Noogata,1,False,2025-05-15,2025-05-15,0,,,10.0,10.0,10.0,1.0,1.0,1.0,AI,Other / Diversified,Series A,Early Venture (Series A),Israel,Middle East,28.0,3.367295829986474,2.3978952727983707,2.3978952727983707,0,Targeted Multi-Wave Downscalers (Iterative Restructuring)
Noom,4,True,2022-04-29,2024-01-30,641,213.66666666666666,106.0,995.0,497.5,500.0,0.1,0.1,0.1,Fitness,Other / Diversified,Series F,Growth Stage (Series E+),United States,North America,657.0,6.489204931325317,6.903747257584598,6.2166061010848646,2,"Enterprise Mega-Downscalers (High Capitalization, Scaled Magnitude)"
Noon,1,False,2023-04-18,2023-04-18,0,,,340.0,340.0,340.0,0.1,0.1,0.1,Retail,Consumer & Retail,Unknown,Unspecified / Private,Saudi Arabia,Middle East,,5.159055299214529,5.831882477283517,5.831882477283517,1,Severe Single-Wave Resets (Deep Structural Cuts)
Nori,2,True,2023-04-10,2024-09-09,518,518.0,518.0,10.0,10.0,10.0,0.685,0.685,1.0,Energy,Other / Diversified,Unknown,Unspecified / Private,United States,North America,19.0,2.995732273553991,2.3978952727983707,2.3978952727983707,0,Targeted Multi-Wave Downscalers (Iterative Restructuring)
Northvolt,2,True,2024-09-23,2025-03-31,189,189.0,189.0,4400.0,2200.0,2800.0,0.41000000000000003,0.41000000000000003,0.62,Energy,Other / Diversified,Unknown,Unspecified / Private,Sweden,Europe,13800.0,9.53249633228804,8.38958706681109,7.937731775260109,2,"Enterprise Mega-Downscalers (High Capitalization, Scaled Magnitude)"
Notarize,2,True,2022-06-15,2022-10-31,138,138.0,138.0,170.0,85.0,110.0,0.25,0.25,0.25,Legal,Professional Services,Series D,Late Stage (Series C-D),United States,North America,213.0,5.365976015021851,5.14166355650266,4.709530201312334,1,Severe Single-Wave Resets (Deep Structural Cuts)
Nothing,1,False,2026-07-26,2026-07-26,0,,,100.0,100.0,100.0,0.12,0.12,0.12,Hardware,Hardware & Manufacturing,Series C,Late Stage (Series C-D),United Kingdom,Europe,454.0,6.12029741895095,4.61512051684126,4.61512051684126,1,Severe Single-Wave Resets (Deep Structural Cuts)
NuScale Power,1,False,2024-01-08,2024-01-08,0,,,154.0,154.0,154.0,0.28,0.28,0.28,Energy,Other / Diversified,Post-IPO,Public (Post-IPO),United States,North America,470.0,6.154858094016418,5.043425116919247,5.043425116919247,1,Severe Single-Wave Resets (Deep Structural Cuts)
Numbrs,1,False,2020-05-07,2020-05-07,0,,,62.0,62.0,62.0,0.5,0.5,0.5,Finance,Fintech & Financial Services,Series B,Expansion Stage (Series B),Switzerland,Europe,78.0,4.3694478524670215,4.143134726391533,4.143134726391533,0,Targeted Multi-Wave Downscalers (Iterative Restructuring)
NuoDB,1,False,2020-04-10,2020-04-10,0,,,20.0,20.0,20.0,0.29,0.29,0.29,Data,Enterprise & Infrastructure,Unknown,Unspecified / Private,United States,North America,85.0,4.454347296253507,3.044522437723423,3.044522437723423,1,Severe Single-Wave Resets (Deep Structural Cuts)
Nuri,2,True,2022-05-25,2022-10-17,145,145.0,145.0,45.0,45.0,45.0,0.6,0.6,1.0,Crypto,Fintech & Financial Services,Series B,Expansion Stage (Series B),Germany,Europe,42.0,3.7612001156935624,3.828641396489095,3.828641396489095,0,Targeted Multi-Wave Downscalers (Iterative Restructuring)
Nuro,3,True,2022-07-13,2023-05-12,303,151.5,128.0,647.0,215.66666666666666,340.0,0.25,0.25,0.3,Transportation,Travel & Transportation,Series D,Late Stage (Series C-D),United States,North America,2100.0,7.650168700845001,6.473890696352274,5.831882477283517,2,"Enterprise Mega-Downscalers (High Capitalization, Scaled Magnitude)"
Nutanix,2,True,2022-08-09,2026-08-04,1456,1456.0,1456.0,270.0,270.0,270.0,0.045,0.045,0.05,Infrastructure,Enterprise & Infrastructure,Post-IPO,Public (Post-IPO),United States,North America,1100.0,7.00397413672268,5.602118820879701,5.602118820879701,2,"Enterprise Mega-Downscalers (High Capitalization, Scaled Magnitude)"
Nylas,1,False,2022-08-02,2022-08-02,0,,,80.0,80.0,80.0,0.25,0.25,0.25,Product,Other / Diversified,Series C,Late Stage (Series C-D),United States,North America,175.0,5.170483995038151,4.394449154672439,4.394449154672439,1,Severe Single-Wave Resets (Deep Structural Cuts)
O'Reilly Media,1,False,2020-03-25,2020-03-25,0,,,75.0,75.0,75.0,0.15,0.15,0.15,Media,Marketing & Media,Unknown,Unspecified / Private,United States,North America,,5.159055299214529,4.330733340286331,4.330733340286331,1,Severe Single-Wave Resets (Deep Structural Cuts)
OLX Group,2,True,2023-01-30,2023-06-20,141,141.0,141.0,2300.0,1150.0,1500.0,0.15,0.15,0.15,Marketing,Marketing & Media,Acquired,Acquired / Subsidiary,Netherlands,Europe,,5.159055299214529,7.741099090035366,7.313886831633462,2,"Enterprise Mega-Downscalers (High Capitalization, Scaled Magnitude)"
ON,1,False,2024-07-16,2024-07-16,0,,,60.0,60.0,60.0,1.0,1.0,1.0,Retail,Consumer & Retail,Unknown,Unspecified / Private,United States,North America,81.0,4.406719247264253,4.110873864173311,4.110873864173311,0,Targeted Multi-Wave Downscalers (Iterative Restructuring)
Ocado,2,True,2023-12-31,2026-02-26,788,788.0,788.0,2000.0,1000.0,1000.0,0.05,0.05,0.05,Food,Consumer & Retail,Post-IPO,Public (Post-IPO),United Kingdom,Europe,2000.0,7.601402334583733,7.601402334583733,6.90875477931522,2,"Enterprise Mega-Downscalers (High Capitalization, Scaled Magnitude)"
Ocavu,1,False,2022-11-10,2022-11-10,0,,,20.0,20.0,20.0,0.48,0.48,0.48,Crypto,Fintech & Financial Services,Series A,Early Venture (Series A),United States,North America,11.0,2.4849066497880004,3.044522437723423,3.044522437723423,0,Targeted Multi-Wave Downscalers (Iterative Restructuring)
Oda,3,True,2022-11-01,2024-06-05,582,291.0,0.0,290.0,96.66666666666667,150.0,0.12,0.12,0.18,Food,Consumer & Retail,Unknown,Unspecified / Private,Norway,Europe,691.0,6.539585955617669,5.673323267171493,5.017279836814924,2,"Enterprise Mega-Downscalers (High Capitalization, Scaled Magnitude)"
Okta,4,True,2022-08-26,2025-02-04,893,297.6666666666667,160.0,904.0,226.0,400.0,0.05000000000000001,0.05,0.07,Security,Enterprise & Infrastructure,Post-IPO,Public (Post-IPO),United States,North America,1200.0,7.0909098220799835,6.807934943699926,5.993961427306569,2,"Enterprise Mega-Downscalers (High Capitalization, Scaled Magnitude)"
Ola,5,True,2020-05-20,2024-04-29,1440,360.0,52.0,2980.0,596.0,1400.0,0.22499999999999998,0.22499999999999998,0.35,Transportation,Travel & Transportation,Series J,Growth Stage (Series E+),India,Asia-Pacific,5000.0,8.517393171418904,8.000014093678072,7.244941546337007,2,"Enterprise Mega-Downscalers (High Capitalization, Scaled Magnitude)"
Olive,2,True,2022-07-19,2023-10-31,469,469.0,469.0,450.0,450.0,450.0,0.655,0.655,1.0,Healthcare,Healthcare & BioTech,Series H,Growth Stage (Series E+),United States,North America,856.0,6.75343791859778,6.111467339502679,6.111467339502679,0,Targeted Multi-Wave Downscalers (Iterative Restructuring)
Olive AI,1,False,2023-02-09,2023-02-09,0,,,215.0,215.0,215.0,0.35,0.35,0.35,Healthcare,Healthcare & BioTech,Series H,Growth Stage (Series E+),United States,North America,856.0,6.75343791859778,5.375278407684165,5.375278407684165,1,Severe Single-Wave Resets (Deep Structural Cuts)
Olo,2,True,2023-06-14,2024-09-23,467,467.0,467.0,81.0,81.0,81.0,0.1,0.1,0.11,Food,Consumer & Retail,Post-IPO,Public (Post-IPO),United States,North America,184.0,5.220355825078324,4.406719247264253,4.406719247264253,1,Severe Single-Wave Resets (Deep Structural Cuts)
Omie,1,False,2020-04-09,2020-04-09,0,,,136.0,136.0,136.0,0.31,0.31,0.31,Finance,Fintech & Financial Services,Series B,Expansion Stage (Series B),Brazil,Latin America,26.0,3.295836866004329,4.919980925828125,4.919980925828125,1,Severe Single-Wave Resets (Deep Structural Cuts)
Omuni,1,False,2023-08-30,2023-08-30,0,,,60.0,60.0,60.0,0.35,0.35,0.35,Retail,Consumer & Retail,Acquired,Acquired / Subsidiary,India,Asia-Pacific,10.0,2.3978952727983707,4.110873864173311,4.110873864173311,1,Severe Single-Wave Resets (Deep Structural Cuts)
On Deck,2,True,2022-05-05,2022-08-04,91,91.0,91.0,145.0,72.5,73.0,0.29000000000000004,0.29000000000000004,0.33,Education,EdTech & Learning,Series A,Early Venture (Series A),United States,North America,20.0,3.044522437723423,4.983606621708336,4.30406509320417,1,Severe Single-Wave Resets (Deep Structural Cuts)
OneFootball,2,True,2022-12-09,2023-02-23,76,76.0,76.0,212.0,106.0,150.0,0.2175,0.2175,0.32,Marketing,Marketing & Media,Series D,Late Stage (Series C-D),Germany,Europe,442.0,6.093569770045136,5.3612921657094255,5.017279836814924,1,Severe Single-Wave Resets (Deep Structural Cuts)
OneTrust,2,True,2020-04-09,2022-06-09,791,791.0,791.0,1100.0,550.0,950.0,0.175,0.175,0.25,Security,Enterprise & Infrastructure,Series C,Late Stage (Series C-D),United States,North America,926.0,6.831953565565855,7.00397413672268,6.85751406254539,2,"Enterprise Mega-Downscalers (High Capitalization, Scaled Magnitude)"
OneWeb,1,False,2020-03-27,2020-03-27,0,,,451.0,451.0,451.0,0.85,0.85,0.85,Aerospace,Hardware & Manufacturing,Unknown,Unspecified / Private,United Kingdom,Europe,3000.0,8.006700845440367,6.113682179832232,6.113682179832232,0,Targeted Multi-Wave Downscalers (Iterative Restructuring)
OpenText,5,True,2023-01-31,2026-07-08,1254,313.5,106.0,3200.0,1066.6666666666667,1600.0,0.04,0.02,0.08,Data,Enterprise & Infrastructure,Post-IPO,Public (Post-IPO),Canada,North America,1100.0,7.00397413672268,8.071218539969863,7.3783837129967145,2,"Enterprise Mega-Downscalers (High Capitalization, Scaled Magnitude)"
OpenWeb,1,False,2022-06-15,2022-06-15,0,,,14.0,14.0,14.0,0.05,0.05,0.05,Media,Marketing & Media,Series E,Growth Stage (Series E+),Israel,Middle East,223.0,5.4116460518550396,2.70805020110221,2.70805020110221,1,Severe Single-Wave Resets (Deep Structural Cuts)
OpenX,1,False,2020-04-28,2020-04-28,0,,,35.0,35.0,35.0,0.15,0.15,0.15,Marketing,Marketing & Media,Unknown,Unspecified / Private,United States,North America,70.0,4.2626798770413155,3.58351893845611,3.58351893845611,1,Severe Single-Wave Resets (Deep Structural Cuts)
Opencare,1,False,2020-04-03,2020-04-03,0,,,18.0,18.0,18.0,0.25,0.25,0.25,Healthcare,Healthcare & BioTech,Series A,Early Venture (Series A),Canada,North America,24.0,3.2188758248682006,2.9444389791664403,2.9444389791664403,1,Severe Single-Wave Resets (Deep Structural Cuts)
Opendoor,5,True,2020-04-15,2026-06-10,2247,561.75,167.0,2260.0,452.0,600.0,0.23,0.2,0.35,Real Estate,Real Estate & PropTech,Post-IPO,Public (Post-IPO),India,Asia-Pacific,1900.0,7.550135342488429,7.72356247227797,6.398594934535208,2,"Enterprise Mega-Downscalers (High Capitalization, Scaled Magnitude)"
Openpay,1,False,2023-02-07,2023-02-07,0,,,83.0,83.0,83.0,1.0,1.0,1.0,Finance,Fintech & Financial Services,Post-IPO,Public (Post-IPO),Australia,Asia-Pacific,299.0,5.703782474656201,4.430816798843313,4.430816798843313,0,Targeted Multi-Wave Downscalers (Iterative Restructuring)
Oportun,2,True,2023-02-09,2023-11-07,271,271.0,271.0,340.0,170.0,185.0,0.085,0.085,0.1,Finance,Fintech & Financial Services,Post-IPO,Public (Post-IPO),United States,North America,766.0,6.642486801367256,5.831882477283517,5.225746673713202,1,Severe Single-Wave Resets (Deep Structural Cuts)
Optimizely,1,False,2020-07-15,2020-07-15,0,,,60.0,60.0,60.0,0.15,0.15,0.15,Marketing,Marketing & Media,Series D,Late Stage (Series C-D),United States,North America,251.2,5.5302224235308195,4.110873864173311,4.110873864173311,1,Severe Single-Wave Resets (Deep Structural Cuts)
OrCam,4,True,2022-10-23,2024-07-28,644,214.66666666666666,55.0,212.0,70.66666666666667,100.0,0.2833333333333333,0.19,0.5,Healthcare,Healthcare & BioTech,Unknown,Unspecified / Private,Israel,Middle East,86.0,4.465908118654584,5.3612921657094255,4.61512051684126,2,"Enterprise Mega-Downscalers (High Capitalization, Scaled Magnitude)"
Oracle,11,True,2022-08-01,2026-06-23,1422,142.2,0.0,22294.0,2786.75,21000.0,0.13,0.13,0.13,Other,Other / Diversified,Post-IPO,Public (Post-IPO),United States,North America,,5.159055299214529,10.012117717061576,9.952325334619427,3,"Early-Stage Capital-Constrained Exits (High Percentage, Small Scale)"
Orca Security,1,False,2024-01-03,2024-01-03,0,,,60.0,60.0,60.0,0.15,0.15,0.15,Security,Enterprise & Infrastructure,Series C,Late Stage (Series C-D),Israel,Middle East,632.0,6.450470422144176,4.110873864173311,4.110873864173311,1,Severe Single-Wave Resets (Deep Structural Cuts)
Orchard,4,True,2022-06-23,2023-11-02,497,165.66666666666666,105.0,180.0,180.0,180.0,0.1,0.1,0.1,Real Estate,Real Estate & PropTech,Series D,Late Stage (Series C-D),United States,North America,472.0,6.159095388491933,5.198497031265826,5.198497031265826,2,"Enterprise Mega-Downscalers (High Capitalization, Scaled Magnitude)"
Oriente,1,False,2020-05-04,2020-05-04,0,,,400.0,400.0,400.0,0.2,0.2,0.2,Finance,Fintech & Financial Services,Series B,Expansion Stage (Series B),Hong Kong,Asia-Pacific,175.0,5.170483995038151,5.993961427306569,5.993961427306569,1,Severe Single-Wave Resets (Deep Structural Cuts)
Oscar Health,1,False,2020-04-23,2020-04-23,0,,,70.0,70.0,70.0,0.05,0.05,0.05,Healthcare,Healthcare & BioTech,Unknown,Unspecified / Private,United States,North America,1300.0,7.170888478512505,4.2626798770413155,4.2626798770413155,1,Severe Single-Wave Resets (Deep Structural Cuts)
Otipy,1,False,2025-05-23,2025-05-23,0,,,300.0,300.0,300.0,1.0,1.0,1.0,Food,Consumer & Retail,Series B,Expansion Stage (Series B),India,Asia-Pacific,44.0,3.8066624897703196,5.707110264748875,5.707110264748875,0,Targeted Multi-Wave Downscalers (Iterative Restructuring)
Otonomo,2,True,2022-08-28,2022-12-08,102,102.0,102.0,80.0,80.0,80.0,0.5,0.5,0.5,Transportation,Travel & Transportation,Post-IPO,Public (Post-IPO),Israel,Middle East,231.0,5.44673737166631,4.394449154672439,4.394449154672439,1,Severe Single-Wave Resets (Deep Structural Cuts)
Otorio,1,False,2025-03-17,2025-03-17,0,,,45.0,45.0,45.0,0.56,0.56,0.56,Security,Enterprise & Infrastructure,Acquired,Acquired / Subsidiary,Israel,Middle East,,5.159055299214529,3.828641396489095,3.828641396489095,0,Targeted Multi-Wave Downscalers (Iterative Restructuring)
Otovo,1,False,2024-02-08,2024-02-08,0,,,65.0,65.0,65.0,0.15,0.15,0.15,Energy,Other / Diversified,Post-IPO,Public (Post-IPO),Norway,Europe,247.0,5.5134287461649825,4.189654742026425,4.189654742026425,1,Severe Single-Wave Resets (Deep Structural Cuts)
Our Next Energy,2,True,2023-11-27,2024-03-04,98,98.0,98.0,168.0,84.0,128.0,0.19,0.19,0.25,Transportation,Travel & Transportation,Series B,Expansion Stage (Series B),United States,North America,390.0,5.968707559985366,5.1298987149230735,4.859812404361672,1,Severe Single-Wave Resets (Deep Structural Cuts)
OutSystems,1,False,2024-04-19,2024-04-19,0,,,150.0,150.0,150.0,0.08,0.08,0.08,Product,Other / Diversified,Series G,Growth Stage (Series E+),United States,North America,802.0,6.688354713946762,5.017279836814924,5.017279836814924,1,Severe Single-Wave Resets (Deep Structural Cuts)
OutboundEngine,1,False,2020-03-25,2020-03-25,0,,,52.0,52.0,52.0,0.28,0.28,0.28,Marketing,Marketing & Media,Series C,Late Stage (Series C-D),United States,North America,48.0,3.8918202981106265,3.970291913552122,3.970291913552122,1,Severe Single-Wave Resets (Deep Structural Cuts)
Outbrain,3,True,2022-07-26,2025-02-05,925,462.5,310.0,328.0,109.33333333333333,200.0,0.065,0.065,0.1,Marketing,Marketing & Media,Post-IPO,Public (Post-IPO),United States,North America,394.0,5.978885764901122,5.796057750765372,5.303304908059076,2,"Enterprise Mega-Downscalers (High Capitalization, Scaled Magnitude)"
Outreach,5,True,2022-08-02,2024-11-06,827,206.75,50.0,197.0,65.66666666666667,70.0,0.076,0.07,0.12,Sales,Professional Services,Series G,Growth Stage (Series E+),United States,North America,489.0,6.194405391104672,5.288267030694535,4.2626798770413155,2,"Enterprise Mega-Downscalers (High Capitalization, Scaled Magnitude)"
Outschool,2,True,2022-07-05,2022-12-10,158,158.0,158.0,74.0,37.0,43.0,0.215,0.215,0.25,Education,EdTech & Learning,Series D,Late Stage (Series C-D),United States,North America,240.0,5.484796933490655,4.31748811353631,3.784189633918261,1,Severe Single-Wave Resets (Deep Structural Cuts)
Outside,2,True,2022-05-20,2022-11-15,179,179.0,179.0,87.0,87.0,87.0,0.135,0.135,0.15,Media,Marketing & Media,Series B,Expansion Stage (Series B),United States,North America,174.0,5.1647859739235145,4.477336814478207,4.477336814478207,1,Severe Single-Wave Resets (Deep Structural Cuts)
Overtime,1,False,2020-03-25,2020-03-25,0,,,30.0,30.0,30.0,0.23,0.23,0.23,Media,Marketing & Media,Series B,Expansion Stage (Series B),United States,North America,35.0,3.58351893845611,3.4339872044851463,3.4339872044851463,1,Severe Single-Wave Resets (Deep Structural Cuts)
OwnBackup,1,False,2022-11-15,2022-11-15,0,,,170.0,170.0,170.0,0.17,0.17,0.17,Security,Enterprise & Infrastructure,Series E,Growth Stage (Series E+),United States,North America,507.0,6.230481447578482,5.14166355650266,5.14166355650266,1,Severe Single-Wave Resets (Deep Structural Cuts)
Oye Rickshaw,1,False,2022-06-29,2022-06-29,0,,,40.0,40.0,40.0,0.2,0.2,0.2,Transportation,Travel & Transportation,Unknown,Unspecified / Private,India,Asia-Pacific,13.0,2.6390573296152584,3.713572066704308,3.713572066704308,1,Severe Single-Wave Resets (Deep Structural Cuts)
Pacaso,1,False,2022-10-11,2022-10-11,0,,,100.0,100.0,100.0,0.3,0.3,0.3,Real Estate,Real Estate & PropTech,Series C,Late Stage (Series C-D),United States,North America,217.0,5.384495062789089,4.61512051684126,4.61512051684126,1,Severe Single-Wave Resets (Deep Structural Cuts)
Packable,1,False,2022-08-23,2022-08-23,0,,,138.0,138.0,138.0,0.2,0.2,0.2,Retail,Consumer & Retail,Unknown,Unspecified / Private,United States,North America,472.0,6.159095388491933,4.9344739331306915,4.9344739331306915,1,Severe Single-Wave Resets (Deep Structural Cuts)
PagBank,1,False,2023-01-16,2023-01-16,0,,,500.0,500.0,500.0,0.07,0.07,0.07,Finance,Fintech & Financial Services,Post-IPO,Public (Post-IPO),Brazil,Latin America,,5.159055299214529,6.2166061010848646,6.2166061010848646,1,Severe Single-Wave Resets (Deep Structural Cuts)
Pagaya,2,True,2023-01-18,2024-06-05,504,504.0,504.0,240.0,120.0,140.0,0.2,0.2,0.2,Finance,Fintech & Financial Services,Post-IPO,Public (Post-IPO),Israel,Middle East,2000.0,7.601402334583733,5.484796933490655,4.948759890378168,2,"Enterprise Mega-Downscalers (High Capitalization, Scaled Magnitude)"
PaisaBazaar,1,False,2020-06-16,2020-06-16,0,,,1500.0,1500.0,1500.0,0.5,0.5,0.5,Finance,Fintech & Financial Services,Series G,Growth Stage (Series E+),India,Asia-Pacific,496.0,6.208590026096629,7.313886831633462,7.313886831633462,0,Targeted Multi-Wave Downscalers (Iterative Restructuring)
Palantir,2,True,2023-02-27,2025-03-27,759,759.0,759.0,195.0,97.5,120.0,0.02,0.02,0.02,Data,Enterprise & Infrastructure,Post-IPO,Public (Post-IPO),United States,North America,3000.0,8.006700845440367,5.278114659230517,4.795790545596741,2,"Enterprise Mega-Downscalers (High Capitalization, Scaled Magnitude)"
Panda Squad,1,False,2020-03-13,2020-03-13,0,,,6.0,6.0,6.0,0.75,0.75,0.75,Consumer,Consumer & Retail,Seed,Early Stage (Seed),United States,North America,1.0,0.6931471805599453,1.9459101490553132,1.9459101490553132,0,Targeted Multi-Wave Downscalers (Iterative Restructuring)
Pandion,1,False,2025-01-10,2025-01-10,0,,,63.0,63.0,63.0,1.0,1.0,1.0,Logistics,Travel & Transportation,Series B,Expansion Stage (Series B),United States,North America,76.0,4.343805421853684,4.1588830833596715,4.1588830833596715,0,Targeted Multi-Wave Downscalers (Iterative Restructuring)
Papaya Gaming,1,False,2026-07-26,2026-07-26,0,,,30.0,30.0,30.0,0.07,0.07,0.07,Consumer,Consumer & Retail,Unknown,Unspecified / Private,Israel,Middle East,,5.159055299214529,3.4339872044851463,3.4339872044851463,1,Severe Single-Wave Resets (Deep Structural Cuts)
Paper,4,True,2023-04-17,2024-08-16,487,162.33333333333334,42.0,355.0,88.75,106.0,0.1375,0.035,0.45,Education,EdTech & Learning,Series D,Late Stage (Series C-D),Canada,North America,389.0,5.966146739123692,5.87493073085203,4.672828834461906,2,"Enterprise Mega-Downscalers (High Capitalization, Scaled Magnitude)"
Parity Technologies,1,False,2023-10-23,2023-10-23,0,,,100.0,100.0,100.0,0.3,0.3,0.3,Crypto,Fintech & Financial Services,Unknown,Unspecified / Private,United Kingdom,Europe,,5.159055299214529,4.61512051684126,4.61512051684126,1,Severe Single-Wave Resets (Deep Structural Cuts)
Parler,1,False,2023-01-10,2023-01-10,0,,,60.0,60.0,60.0,0.75,0.75,0.75,Consumer,Consumer & Retail,Series B,Expansion Stage (Series B),United States,North America,36.0,3.6109179126442243,4.110873864173311,4.110873864173311,0,Targeted Multi-Wave Downscalers (Iterative Restructuring)
Parsable,1,False,2020-04-15,2020-04-15,0,,,40.0,40.0,40.0,0.25,0.25,0.25,HR,Other / Diversified,Series C,Late Stage (Series C-D),United States,North America,72.0,4.290459441148391,3.713572066704308,3.713572066704308,1,Severe Single-Wave Resets (Deep Structural Cuts)
PartnerStack,1,False,2023-01-24,2023-01-24,0,,,40.0,40.0,40.0,0.2,0.2,0.2,Sales,Professional Services,Series B,Expansion Stage (Series B),Canada,North America,36.0,3.6109179126442243,3.713572066704308,3.713572066704308,1,Severe Single-Wave Resets (Deep Structural Cuts)
PatientPop,1,False,2020-04-01,2020-04-01,0,,,100.0,100.0,100.0,0.2,0.2,0.2,Healthcare,Healthcare & BioTech,Series B,Expansion Stage (Series B),United States,North America,75.0,4.330733340286331,4.61512051684126,4.61512051684126,1,Severe Single-Wave Resets (Deep Structural Cuts)
Patreon,5,True,2020-04-21,2026-07-23,2284,571.0,4.0,244.0,48.8,93.0,0.16666666666666666,0.17,0.2,Media,Marketing & Media,Series F,Growth Stage (Series E+),United States,North America,413.0,6.025865973825314,5.501258210544727,4.543294782270004,2,"Enterprise Mega-Downscalers (High Capitalization, Scaled Magnitude)"
Pavilion Data,1,False,2022-10-10,2022-10-10,0,,,96.0,96.0,96.0,0.96,0.96,0.96,Infrastructure,Enterprise & Infrastructure,Series D,Late Stage (Series C-D),United States,North America,103.0,4.6443908991413725,4.574710978503383,4.574710978503383,0,Targeted Multi-Wave Downscalers (Iterative Restructuring)
Paxos,1,False,2024-06-12,2024-06-12,0,,,65.0,65.0,65.0,0.2,0.2,0.2,Crypto,Fintech & Financial Services,Unknown,Unspecified / Private,United States,North America,543.0,6.298949246855942,4.189654742026425,4.189654742026425,1,Severe Single-Wave Resets (Deep Structural Cuts)
PayFit,1,False,2023-03-01,2023-03-01,0,,,200.0,200.0,200.0,0.2,0.2,0.2,HR,Other / Diversified,Series E,Growth Stage (Series E+),France,Europe,495.0,6.206575926724928,5.303304908059076,5.303304908059076,1,Severe Single-Wave Resets (Deep Structural Cuts)
PayJoy,1,False,2020-04-28,2020-04-28,0,,,27.0,27.0,27.0,0.25,0.25,0.25,Finance,Fintech & Financial Services,Series B,Expansion Stage (Series B),United States,North America,71.0,4.276666119016055,3.332204510175204,3.332204510175204,1,Severe Single-Wave Resets (Deep Structural Cuts)
PayPal,6,True,2022-05-23,2026-09-02,1563,312.6,2.0,6507.0,1084.5,2500.0,0.08,0.08,0.09,Finance,Fintech & Financial Services,Post-IPO,Public (Post-IPO),India,Asia-Pacific,216.0,5.37989735354046,8.780787468338929,7.824445930877619,2,"Enterprise Mega-Downscalers (High Capitalization, Scaled Magnitude)"
PayScale,1,False,2023-07-14,2023-07-14,0,,,14.0,14.0,14.0,0.02,0.02,0.02,HR,Other / Diversified,Acquired,Acquired / Subsidiary,United States,North America,33.0,3.5263605246161616,2.70805020110221,2.70805020110221,1,Severe Single-Wave Resets (Deep Structural Cuts)
PayU,1,False,2022-12-26,2022-12-26,0,,,150.0,150.0,150.0,0.06,0.06,0.06,Finance,Fintech & Financial Services,Acquired,Acquired / Subsidiary,Netherlands,Europe,,5.159055299214529,5.017279836814924,5.017279836814924,1,Severe Single-Wave Resets (Deep Structural Cuts)
Payoneer,2,True,2023-06-26,2025-12-08,896,896.0,896.0,260.0,130.0,200.0,0.08,0.08,0.1,Finance,Fintech & Financial Services,Post-IPO,Public (Post-IPO),United States,North America,,5.159055299214529,5.564520407322694,5.303304908059076,2,"Enterprise Mega-Downscalers (High Capitalization, Scaled Magnitude)"
Paytm,4,True,2020-04-21,2026-06-09,2240,746.6666666666666,168.0,5400.0,1350.0,3500.0,0.01,0.01,0.01,Finance,Fintech & Financial Services,Subsidiary,Unspecified / Private,India,Asia-Pacific,2200.0,7.696667081526462,8.594339400592892,8.160803920954665,2,"Enterprise Mega-Downscalers (High Capitalization, Scaled Magnitude)"
Pear Therapeutics,4,True,2022-07-25,2023-04-07,256,85.33333333333333,2.0,313.0,78.25,170.0,0.36250000000000004,0.22,0.92,Healthcare,Healthcare & BioTech,Post-IPO,Public (Post-IPO),United States,North America,409.0,6.016157159698354,5.749392985908253,5.14166355650266,2,"Enterprise Mega-Downscalers (High Capitalization, Scaled Magnitude)"
Pecan AI,1,False,2023-01-05,2023-01-05,0,,,30.0,30.0,30.0,0.25,0.25,0.25,Data,Enterprise & Infrastructure,Series C,Late Stage (Series C-D),Israel,Middle East,116.0,4.762173934797756,3.4339872044851463,3.4339872044851463,1,Severe Single-Wave Resets (Deep Structural Cuts)
PeerStreet,3,True,2020-03-30,2023-02-21,1058,529.0,272.0,126.0,63.0,75.0,0.3,0.3,0.3,Real Estate,Real Estate & PropTech,Series C,Late Stage (Series C-D),United States,North America,121.0,4.804021044733257,4.844187086458591,4.330733340286331,2,"Enterprise Mega-Downscalers (High Capitalization, Scaled Magnitude)"
Peerspace,1,False,2020-03-26,2020-03-26,0,,,41.0,41.0,41.0,0.75,0.75,0.75,Real Estate,Real Estate & PropTech,Series B,Expansion Stage (Series B),United States,North America,34.0,3.5553480614894135,3.7376696182833684,3.7376696182833684,0,Targeted Multi-Wave Downscalers (Iterative Restructuring)
Pegasystems,2,True,2023-01-03,2023-08-31,240,240.0,240.0,485.0,242.5,245.0,0.04,0.04,0.04,HR,Other / Diversified,Post-IPO,Public (Post-IPO),United States,North America,,5.159055299214529,6.186208623900494,5.5053315359323625,1,Severe Single-Wave Resets (Deep Structural Cuts)
Peloton,7,True,2022-02-08,2026-01-30,1452,242.0,55.0,4495.0,899.0,2800.0,0.12833333333333333,0.125,0.2,Fitness,Other / Diversified,Post-IPO,Public (Post-IPO),United States,North America,1900.0,7.550135342488429,8.410943391573527,7.937731775260109,2,"Enterprise Mega-Downscalers (High Capitalization, Scaled Magnitude)"
Pendo,3,True,2022-09-07,2026-04-07,1308,654.0,278.0,235.0,78.33333333333333,100.0,0.09000000000000001,0.1,0.12,Product,Other / Diversified,Series F,Growth Stage (Series E+),United States,North America,469.0,6.152732694704104,5.4638318050256105,4.61512051684126,2,"Enterprise Mega-Downscalers (High Capitalization, Scaled Magnitude)"
Pentera,2,True,2026-04-27,2026-08-17,112,112.0,112.0,100.0,50.0,60.0,0.11000000000000001,0.11000000000000001,0.14,Security,Enterprise & Infrastructure,Series D,Late Stage (Series C-D),United States,North America,249.0,5.521460917862246,4.61512051684126,4.110873864173311,1,Severe Single-Wave Resets (Deep Structural Cuts)
People.ai,2,True,2020-04-17,2022-07-22,826,826.0,826.0,30.0,30.0,30.0,0.18,0.18,0.18,Sales,Professional Services,Series D,Late Stage (Series C-D),United States,North America,200.0,5.303304908059076,3.4339872044851463,3.4339872044851463,1,Severe Single-Wave Resets (Deep Structural Cuts)
Perfect Day,1,False,2023-07-06,2023-07-06,0,,,134.0,134.0,134.0,0.15,0.15,0.15,Food,Consumer & Retail,Series D,Late Stage (Series C-D),United States,North America,711.0,6.568077911411976,4.90527477843843,4.90527477843843,1,Severe Single-Wave Resets (Deep Structural Cuts)
Perimeter 81,1,False,2022-12-06,2022-12-06,0,,,20.0,20.0,20.0,0.08,0.08,0.08,Security,Enterprise & Infrastructure,Series C,Late Stage (Series C-D),Israel,Middle East,165.0,5.111987788356544,3.044522437723423,3.044522437723423,1,Severe Single-Wave Resets (Deep Structural Cuts)
Perion,2,True,2022-08-08,2024-06-25,687,687.0,687.0,55.0,27.5,35.0,0.05,0.05,0.05,Marketing,Marketing & Media,Post-IPO,Public (Post-IPO),Israel,Middle East,76.0,4.343805421853684,4.02535169073515,3.58351893845611,1,Severe Single-Wave Resets (Deep Structural Cuts)
PerkSpot,1,False,2020-04-06,2020-04-06,0,,,10.0,10.0,10.0,0.1,0.1,0.1,HR,Other / Diversified,Private Equity,Private Equity Owned,United States,North America,50.0,3.9318256327243257,2.3978952727983707,2.3978952727983707,1,Severe Single-Wave Resets (Deep Structural Cuts)
Permutive,2,True,2022-08-10,2023-04-11,244,244.0,244.0,110.0,55.0,80.0,0.26,0.26,0.4,Marketing,Marketing & Media,Series C,Late Stage (Series C-D),United Kingdom,Europe,105.0,4.663439094112067,4.709530201312334,4.394449154672439,1,Severe Single-Wave Resets (Deep Structural Cuts)
Personetics,1,False,2023-01-05,2023-01-05,0,,,30.0,30.0,30.0,0.08,0.08,0.08,Support,Enterprise & Infrastructure,Private Equity,Private Equity Owned,United States,North America,178.0,5.187385805840755,3.4339872044851463,3.4339872044851463,1,Severe Single-Wave Resets (Deep Structural Cuts)
Personio,3,True,2024-01-24,2025-10-29,644,322.0,288.0,380.0,126.66666666666667,165.0,0.08,0.08,0.1,HR,Other / Diversified,Series E,Growth Stage (Series E+),Germany,Europe,724.0,6.586171654854675,5.942799375126701,5.111987788356544,2,"Enterprise Mega-Downscalers (High Capitalization, Scaled Magnitude)"
Phantom Auto,1,False,2024-03-12,2024-03-12,0,,,100.0,100.0,100.0,1.0,1.0,1.0,Transportation,Travel & Transportation,Unknown,Unspecified / Private,United States,North America,86.0,4.465908118654584,4.61512051684126,4.61512051684126,0,Targeted Multi-Wave Downscalers (Iterative Restructuring)
Philips,2,True,2022-10-24,2023-01-30,98,98.0,98.0,10000.0,5000.0,6000.0,0.09,0.09,0.13,Healthcare,Healthcare & BioTech,Post-IPO,Public (Post-IPO),Netherlands,Europe,,5.159055299214529,9.210440366976517,8.699681400989514,2,"Enterprise Mega-Downscalers (High Capitalization, Scaled Magnitude)"
Physics Wallah,1,False,2023-11-19,2023-11-19,0,,,120.0,120.0,120.0,0.01,0.01,0.01,Education,EdTech & Learning,Series A,Early Venture (Series A),India,Asia-Pacific,100.0,4.61512051684126,4.795790545596741,4.795790545596741,1,Severe Single-Wave Resets (Deep Structural Cuts)
PickYourTrail,1,False,2020-05-21,2020-05-21,0,,,70.0,70.0,70.0,0.35,0.35,0.35,Travel,Travel & Transportation,Series A,Early Venture (Series A),India,Asia-Pacific,3.0,1.3862943611198906,4.2626798770413155,4.2626798770413155,1,Severe Single-Wave Resets (Deep Structural Cuts)
Pico Interactive,2,True,2023-02-16,2023-11-06,263,263.0,263.0,400.0,400.0,400.0,0.2,0.2,0.2,Other,Other / Diversified,Acquired,Acquired / Subsidiary,United States,North America,62.0,4.143134726391533,5.993961427306569,5.993961427306569,1,Severe Single-Wave Resets (Deep Structural Cuts)
Picsart,1,False,2022-05-17,2022-05-17,0,,,90.0,90.0,90.0,0.08,0.08,0.08,Consumer,Consumer & Retail,Series C,Late Stage (Series C-D),United States,North America,195.0,5.278114659230517,4.51085950651685,4.51085950651685,1,Severe Single-Wave Resets (Deep Structural Cuts)
Pie Insurance,1,False,2023-05-18,2023-05-18,0,,,63.0,63.0,63.0,0.14,0.14,0.14,Finance,Fintech & Financial Services,Series D,Late Stage (Series C-D),United States,North America,621.0,6.432940092739179,4.1588830833596715,4.1588830833596715,1,Severe Single-Wave Resets (Deep Structural Cuts)
Pier,1,False,2023-01-12,2023-01-12,0,,,111.0,111.0,111.0,0.39,0.39,0.39,Finance,Fintech & Financial Services,Series B,Expansion Stage (Series B),Brazil,Latin America,42.0,3.7612001156935624,4.718498871295094,4.718498871295094,1,Severe Single-Wave Resets (Deep Structural Cuts)
Pilot,1,False,2023-06-16,2023-06-16,0,,,45.0,45.0,45.0,0.13,0.13,0.13,Finance,Fintech & Financial Services,Unknown,Unspecified / Private,United States,North America,116.0,4.762173934797756,3.828641396489095,3.828641396489095,1,Severe Single-Wave Resets (Deep Structural Cuts)
Pinterest,3,True,2022-11-30,2026-01-27,1154,577.0,63.0,850.0,425.0,700.0,0.15,0.15,0.15,Consumer,Consumer & Retail,Post-IPO,Public (Post-IPO),United States,North America,1500.0,7.313886831633462,6.7464121285733745,6.55250788703459,2,"Enterprise Mega-Downscalers (High Capitalization, Scaled Magnitude)"
Pipe,1,False,2025-11-16,2025-11-16,0,,,200.0,200.0,200.0,0.5,0.5,0.5,Finance,Fintech & Financial Services,Series D,Late Stage (Series C-D),United States,North America,453.0,6.118097198041348,5.303304908059076,5.303304908059076,1,Severe Single-Wave Resets (Deep Structural Cuts)
Pipedrive,3,True,2020-05-05,2023-11-30,1304,652.0,381.0,174.0,87.0,143.0,0.15,0.15,0.15,Sales,Professional Services,Private Equity,Private Equity Owned,Estonia,Europe,90.0,4.51085950651685,5.1647859739235145,4.969813299576001,2,"Enterprise Mega-Downscalers (High Capitalization, Scaled Magnitude)"
Pipl,1,False,2022-06-23,2022-06-23,0,,,22.0,22.0,22.0,0.13,0.13,0.13,Security,Enterprise & Infrastructure,Unknown,Unspecified / Private,United States,North America,19.0,2.995732273553991,3.1354942159291497,3.1354942159291497,1,Severe Single-Wave Resets (Deep Structural Cuts)
Pitch,2,True,2022-09-14,2024-01-08,481,481.0,481.0,139.0,69.5,80.0,0.485,0.485,0.67,Other,Other / Diversified,Series B,Expansion Stage (Series B),Germany,Europe,138.0,4.9344739331306915,4.941642422609304,4.394449154672439,1,Severe Single-Wave Resets (Deep Structural Cuts)
Placer.ai,1,False,2025-01-29,2025-01-29,0,,,150.0,150.0,150.0,0.18,0.18,0.18,Data,Enterprise & Infrastructure,Unknown,Unspecified / Private,United States,North America,267.0,5.5909869805108565,5.017279836814924,5.017279836814924,1,Severe Single-Wave Resets (Deep Structural Cuts)
Plaid,1,False,2022-12-07,2022-12-07,0,,,260.0,260.0,260.0,0.2,0.2,0.2,Finance,Fintech & Financial Services,Series D,Late Stage (Series C-D),United States,North America,734.0,6.5998704992128365,5.564520407322694,5.564520407322694,1,Severe Single-Wave Resets (Deep Structural Cuts)
Planet,2,True,2023-08-01,2024-06-26,330,330.0,330.0,297.0,148.5,180.0,0.135,0.135,0.17,Aerospace,Hardware & Manufacturing,Post-IPO,Public (Post-IPO),United States,North America,574.0,6.354370040797351,5.697093486505405,5.198497031265826,1,Severe Single-Wave Resets (Deep Structural Cuts)
Planetly,1,False,2022-11-04,2022-11-04,0,,,200.0,200.0,200.0,1.0,1.0,1.0,Other,Other / Diversified,Acquired,Acquired / Subsidiary,Germany,Europe,5.0,1.791759469228055,5.303304908059076,5.303304908059076,0,Targeted Multi-Wave Downscalers (Iterative Restructuring)
Plato,1,False,2022-08-23,2022-08-23,0,,,29.0,29.0,29.0,0.5,0.5,0.5,HR,Other / Diversified,Seed,Early Stage (Seed),United States,North America,3.0,1.3862943611198906,3.4011973816621555,3.4011973816621555,0,Targeted Multi-Wave Downscalers (Iterative Restructuring)
PlaxidityX,2,True,2025-07-23,2026-06-30,342,342.0,342.0,145.0,72.5,80.0,0.36,0.36,0.36,Security,Enterprise & Infrastructure,Acquired,Acquired / Subsidiary,Israel,Middle East,25.0,3.258096538021482,4.983606621708336,4.394449154672439,1,Severe Single-Wave Resets (Deep Structural Cuts)
Playdots,1,False,2022-10-13,2022-10-13,0,,,65.0,65.0,65.0,1.0,1.0,1.0,Consumer,Consumer & Retail,Acquired,Acquired / Subsidiary,United States,North America,10.0,2.3978952727983707,4.189654742026425,4.189654742026425,0,Targeted Multi-Wave Downscalers (Iterative Restructuring)
Playtika,6,True,2022-05-31,2026-01-14,1324,264.8,58.0,2440.0,406.6666666666667,700.0,0.132,0.15,0.2,Consumer,Consumer & Retail,Post-IPO,Public (Post-IPO),Israel,Middle East,,5.159055299214529,7.80016307039296,6.55250788703459,2,"Enterprise Mega-Downscalers (High Capitalization, Scaled Magnitude)"
Pleo,3,True,2022-11-03,2026-06-12,1317,658.5,205.0,300.0,100.0,150.0,0.135,0.135,0.15,Finance,Fintech & Financial Services,Series C,Late Stage (Series C-D),Denmark,Europe,428.0,6.061456918928017,5.707110264748875,5.017279836814924,2,"Enterprise Mega-Downscalers (High Capitalization, Scaled Magnitude)"
Plex,1,False,2023-06-28,2023-06-28,0,,,37.0,37.0,37.0,0.2,0.2,0.2,Media,Marketing & Media,Unknown,Unspecified / Private,United States,North America,81.0,4.406719247264253,3.6375861597263857,3.6375861597263857,1,Severe Single-Wave Resets (Deep Structural Cuts)
Pliops,1,False,2022-08-16,2022-08-16,0,,,12.0,12.0,12.0,0.09,0.09,0.09,Data,Enterprise & Infrastructure,Series D,Late Stage (Series C-D),Israel,Middle East,205.0,5.327876168789581,2.5649493574615367,2.5649493574615367,1,Severe Single-Wave Resets (Deep Structural Cuts)
Plum,1,False,2022-11-09,2022-11-09,0,,,36.0,36.0,36.0,0.1,0.1,0.1,Healthcare,Healthcare & BioTech,Series A,Early Venture (Series A),India,Asia-Pacific,20.0,3.044522437723423,3.6109179126442243,3.6109179126442243,1,Severe Single-Wave Resets (Deep Structural Cuts)
Pluralsight,4,True,2022-12-12,2025-06-24,925,308.3333333333333,95.0,400.0,400.0,400.0,0.185,0.185,0.2,Education,EdTech & Learning,Acquired,Acquired / Subsidiary,United States,North America,192.0,5.262690188904886,5.993961427306569,5.993961427306569,2,"Enterprise Mega-Downscalers (High Capitalization, Scaled Magnitude)"
Pocket Aces,1,False,2023-02-06,2023-02-06,0,,,50.0,50.0,50.0,0.25,0.25,0.25,Media,Marketing & Media,Unknown,Unspecified / Private,India,Asia-Pacific,19.0,2.995732273553991,3.9318256327243257,3.9318256327243257,1,Severe Single-Wave Resets (Deep Structural Cuts)
Pocket FM,3,True,2024-07-27,2026-05-06,648,324.0,173.0,375.0,125.0,200.0,0.1,0.1,0.1,Media,Marketing & Media,Series D,Late Stage (Series C-D),India,Asia-Pacific,212.0,5.3612921657094255,5.929589143389895,5.303304908059076,2,"Enterprise Mega-Downscalers (High Capitalization, Scaled Magnitude)"
Pocketmath,1,False,2021-01-20,2021-01-20,0,,,21.0,21.0,21.0,1.0,1.0,1.0,Marketing,Marketing & Media,Unknown,Unspecified / Private,Singapore,Asia-Pacific,20.0,3.044522437723423,3.091042453358316,3.091042453358316,0,Targeted Multi-Wave Downscalers (Iterative Restructuring)
Point,1,False,2023-07-27,2023-07-27,0,,,61.0,61.0,61.0,0.28,0.28,0.28,Real Estate,Real Estate & PropTech,Series C,Late Stage (Series C-D),United States,North America,149.0,5.0106352940962555,4.127134385045092,4.127134385045092,1,Severe Single-Wave Resets (Deep Structural Cuts)
PolicyGenius,1,False,2022-06-02,2022-06-02,0,,,170.0,170.0,170.0,0.25,0.25,0.25,Finance,Fintech & Financial Services,Series E,Growth Stage (Series E+),United States,North America,286.0,5.659482215759621,5.14166355650266,5.14166355650266,1,Severe Single-Wave Resets (Deep Structural Cuts)
Pollen,3,True,2020-05-19,2022-08-10,813,406.5,92.0,269.0,134.5,200.0,0.5466666666666667,0.33,1.0,Marketing,Marketing & Media,Series C,Late Stage (Series C-D),United Kingdom,Europe,238.0,5.476463551931511,5.598421958998375,5.303304908059076,2,"Enterprise Mega-Downscalers (High Capitalization, Scaled Magnitude)"
Polly,1,False,2022-12-02,2022-12-02,0,,,47.0,47.0,47.0,0.15,0.15,0.15,Finance,Fintech & Financial Services,Series C,Late Stage (Series C-D),United States,North America,184.0,5.220355825078324,3.871201010907891,3.871201010907891,1,Severe Single-Wave Resets (Deep Structural Cuts)
Polygon,4,True,2023-02-21,2026-07-16,1241,413.6666666666667,181.0,220.0,73.33333333333333,100.0,0.195,0.195,0.2,Crypto,Fintech & Financial Services,Unknown,Unspecified / Private,Cayman Islands,Other / International,451.0,6.113682179832232,5.3981627015177525,4.61512051684126,2,"Enterprise Mega-Downscalers (High Capitalization, Scaled Magnitude)"
Pomelo Fashion,1,False,2022-09-08,2022-09-08,0,,,55.0,55.0,55.0,0.08,0.08,0.08,Retail,Consumer & Retail,Unknown,Unspecified / Private,Thailand,Asia-Pacific,120.0,4.795790545596741,4.02535169073515,4.02535169073515,1,Severe Single-Wave Resets (Deep Structural Cuts)
Porter,1,False,2025-11-04,2025-11-04,0,,,350.0,350.0,350.0,0.18,0.18,0.18,Logistics,Travel & Transportation,Series F,Growth Stage (Series E+),India,Asia-Pacific,357.0,5.8805329864007,5.860786223465865,5.860786223465865,1,Severe Single-Wave Resets (Deep Structural Cuts)
Postmates,1,False,2021-01-23,2021-01-23,0,,,180.0,180.0,180.0,0.15,0.15,0.15,Food,Consumer & Retail,Acquired,Acquired / Subsidiary,United States,North America,763.0,6.638567789166521,5.198497031265826,5.198497031265826,1,Severe Single-Wave Resets (Deep Structural Cuts)
PrepLadder,1,False,2024-05-08,2024-05-08,0,,,145.0,145.0,145.0,0.25,0.25,0.25,Education,EdTech & Learning,Acquired,Acquired / Subsidiary,India,Asia-Pacific,,5.159055299214529,4.983606621708336,4.983606621708336,1,Severe Single-Wave Resets (Deep Structural Cuts)
Preply,1,False,2022-06-09,2022-06-09,0,,,26.0,26.0,26.0,0.05,0.05,0.05,Education,EdTech & Learning,Series C,Late Stage (Series C-D),United States,North America,100.0,4.61512051684126,3.295836866004329,3.295836866004329,1,Severe Single-Wave Resets (Deep Structural Cuts)
Priceline,1,False,2024-06-28,2024-06-28,0,,,103.0,103.0,103.0,0.07,0.07,0.07,Travel,Travel & Transportation,Acquired,Acquired / Subsidiary,United States,North America,77.0,4.356708826689592,4.6443908991413725,4.6443908991413725,1,Severe Single-Wave Resets (Deep Structural Cuts)
Primer,1,False,2022-12-09,2022-12-09,0,,,85.0,85.0,85.0,0.33,0.33,0.33,Finance,Fintech & Financial Services,Series B,Expansion Stage (Series B),United Kingdom,Europe,73.0,4.30406509320417,4.454347296253507,4.454347296253507,1,Severe Single-Wave Resets (Deep Structural Cuts)
Pristyn Care,2,True,2023-03-07,2024-03-01,360,360.0,360.0,420.0,210.0,300.0,0.11,0.11,0.15,Healthcare,Healthcare & BioTech,Series E,Growth Stage (Series E+),India,Asia-Pacific,177.0,5.181783550292085,6.042632833682381,5.707110264748875,1,Severe Single-Wave Resets (Deep Structural Cuts)
Procore,2,True,2020-07-28,2024-01-30,1281,1281.0,1281.0,180.0,180.0,180.0,0.065,0.065,0.09,Construction,Other / Diversified,Post-IPO,Public (Post-IPO),United States,North America,654.0,6.484635235635252,5.198497031265826,5.198497031265826,2,"Enterprise Mega-Downscalers (High Capitalization, Scaled Magnitude)"
Productboard,4,True,2022-11-15,2026-04-15,1247,415.6666666666667,148.0,100.0,100.0,100.0,0.20000000000000004,0.2,0.3,Product,Other / Diversified,Series D,Late Stage (Series C-D),United States,North America,,5.159055299214529,4.61512051684126,4.61512051684126,2,"Enterprise Mega-Downscalers (High Capitalization, Scaled Magnitude)"
Project Ronin,1,False,2024-03-01,2024-03-01,0,,,150.0,150.0,150.0,1.0,1.0,1.0,Healthcare,Healthcare & BioTech,Unknown,Unspecified / Private,United States,North America,,5.159055299214529,5.017279836814924,5.017279836814924,0,Targeted Multi-Wave Downscalers (Iterative Restructuring)
Project44,3,True,2022-07-15,2023-09-14,426,213.0,111.0,309.0,103.0,130.0,0.07500000000000001,0.07500000000000001,0.1,Logistics,Travel & Transportation,Unknown,Unspecified / Private,United States,North America,817.0,6.706862336602747,5.736572297479192,4.875197323201151,2,"Enterprise Mega-Downscalers (High Capitalization, Scaled Magnitude)"
Proofpoint,1,False,2024-01-31,2024-01-31,0,,,280.0,280.0,280.0,0.06,0.06,0.06,Security,Enterprise & Infrastructure,Acquired,Acquired / Subsidiary,United States,North America,885.0,6.786716950605081,5.638354669333745,5.638354669333745,1,Severe Single-Wave Resets (Deep Structural Cuts)
Protocol,1,False,2022-11-15,2022-11-15,0,,,60.0,60.0,60.0,1.0,1.0,1.0,Media,Marketing & Media,Acquired,Acquired / Subsidiary,United States,North America,,5.159055299214529,4.110873864173311,4.110873864173311,0,Targeted Multi-Wave Downscalers (Iterative Restructuring)
Protocol Labs,1,False,2023-02-03,2023-02-03,0,,,89.0,89.0,89.0,0.2,0.2,0.2,Crypto,Fintech & Financial Services,Unknown,Unspecified / Private,United States,North America,10.0,2.3978952727983707,4.499809670330265,4.499809670330265,1,Severe Single-Wave Resets (Deep Structural Cuts)
PubMatic,1,False,2024-10-07,2024-10-07,0,,,12.0,12.0,12.0,0.01,0.01,0.01,Marketing,Marketing & Media,Post-IPO,Public (Post-IPO),United States,North America,63.0,4.1588830833596715,2.5649493574615367,2.5649493574615367,1,Severe Single-Wave Resets (Deep Structural Cuts)
Puppet,2,True,2020-03-26,2022-08-03,860,860.0,860.0,50.0,50.0,50.0,0.125,0.125,0.15,Infrastructure,Enterprise & Infrastructure,Acquired,Acquired / Subsidiary,United States,North America,189.0,5.247024072160486,3.9318256327243257,3.9318256327243257,1,Severe Single-Wave Resets (Deep Structural Cuts)
Q4,1,False,2022-08-23,2022-08-23,0,,,50.0,50.0,50.0,0.08,0.08,0.08,Other,Other / Diversified,Series C,Late Stage (Series C-D),Canada,North America,91.0,4.5217885770490405,3.9318256327243257,3.9318256327243257,1,Severe Single-Wave Resets (Deep Structural Cuts)
Qualcomm,5,True,2022-12-22,2026-04-09,1204,301.0,24.0,1629.0,325.8,1258.0,0.02,0.02,0.02,Hardware,Hardware & Manufacturing,Post-IPO,Public (Post-IPO),United States,North America,,5.159055299214529,7.396335293800808,7.138073034044347,2,"Enterprise Mega-Downscalers (High Capitalization, Scaled Magnitude)"
Qualtrics,3,True,2023-01-11,2026-08-19,1316,658.0,266.0,1167.0,389.0,780.0,0.095,0.095,0.14,Other,Other / Diversified,Acquired,Acquired / Subsidiary,United States,North America,400.0,5.993961427306569,7.0630481633881725,6.660575149839686,2,"Enterprise Mega-Downscalers (High Capitalization, Scaled Magnitude)"
Quandoo,2,True,2021-02-03,2026-03-26,1877,1877.0,1877.0,87.0,87.0,87.0,0.6,0.6,1.0,Food,Consumer & Retail,Acquired,Acquired / Subsidiary,Germany,Europe,39.0,3.6888794541139363,4.477336814478207,4.477336814478207,0,Targeted Multi-Wave Downscalers (Iterative Restructuring)
Quantcast,2,True,2020-04-08,2022-07-29,842,842.0,842.0,70.0,35.0,40.0,0.055,0.055,0.06,Marketing,Marketing & Media,Series C,Late Stage (Series C-D),United States,North America,65.0,4.189654742026425,4.2626798770413155,3.713572066704308,1,Severe Single-Wave Resets (Deep Structural Cuts)
Quanterix,1,False,2022-08-09,2022-08-09,0,,,130.0,130.0,130.0,0.25,0.25,0.25,Healthcare,Healthcare & BioTech,Post-IPO,Public (Post-IPO),United States,North America,533.0,6.280395838960195,4.875197323201151,4.875197323201151,1,Severe Single-Wave Resets (Deep Structural Cuts)
Quanto,2,True,2022-07-22,2023-05-16,298,298.0,298.0,28.0,28.0,28.0,0.535,0.535,0.85,Finance,Fintech & Financial Services,Series A,Early Venture (Series A),Brazil,Latin America,20.0,3.044522437723423,3.367295829986474,3.367295829986474,0,Targeted Multi-Wave Downscalers (Iterative Restructuring)
Quartz,1,False,2020-05-14,2020-05-14,0,,,80.0,80.0,80.0,0.4,0.4,0.4,Media,Marketing & Media,Acquired,Acquired / Subsidiary,United States,North America,,5.159055299214529,4.394449154672439,4.394449154672439,1,Severe Single-Wave Resets (Deep Structural Cuts)
Quidax,1,False,2022-11-24,2022-11-24,0,,,20.0,20.0,20.0,0.2,0.2,0.2,Crypto,Fintech & Financial Services,Unknown,Unspecified / Private,Nigeria,Africa,3.0,1.3862943611198906,3.044522437723423,3.044522437723423,1,Severe Single-Wave Resets (Deep Structural Cuts)
QuintoAndar,2,True,2020-04-17,2022-04-19,732,732.0,732.0,248.0,124.0,160.0,0.06,0.06,0.08,Real Estate,Real Estate & PropTech,Series E,Growth Stage (Series E+),Brazil,Latin America,755.0,6.628041376179533,5.517452896464707,5.081404364984463,2,"Enterprise Mega-Downscalers (High Capitalization, Scaled Magnitude)"
Qumulo,1,False,2022-06-29,2022-06-29,0,,,80.0,80.0,80.0,0.19,0.19,0.19,Data,Enterprise & Infrastructure,Series E,Growth Stage (Series E+),United States,North America,347.0,5.8522024797744745,4.394449154672439,4.394449154672439,1,Severe Single-Wave Resets (Deep Structural Cuts)
REE Automotive,2,True,2023-02-09,2023-02-09,0,0.0,0.0,131.0,65.5,100.0,0.305,0.305,0.5,Transportation,Travel & Transportation,Post-IPO,Public (Post-IPO),Israel,Middle East,317.0,5.762051382780177,4.882801922586371,4.61512051684126,1,Severe Single-Wave Resets (Deep Structural Cuts)
Rackspace,2,True,2023-03-27,2026-06-16,1177,1177.0,1177.0,275.0,275.0,275.0,0.15,0.15,0.15,Data,Enterprise & Infrastructure,Acquired,Acquired / Subsidiary,United States,North America,17.0,2.8903717578961645,5.62040086571715,5.62040086571715,2,"Enterprise Mega-Downscalers (High Capitalization, Scaled Magnitude)"
Rad Power Bikes,5,True,2022-04-12,2024-08-01,842,210.5,74.0,203.0,67.66666666666667,100.0,0.12000000000000001,0.12000000000000001,0.14,Transportation,Travel & Transportation,Series D,Late Stage (Series C-D),United States,North America,329.0,5.799092654460526,5.318119993844216,4.61512051684126,2,"Enterprise Mega-Downscalers (High Capitalization, Scaled Magnitude)"
Rangle,1,False,2020-03-25,2020-03-25,0,,,78.0,78.0,78.0,0.3,0.3,0.3,Product,Other / Diversified,Unknown,Unspecified / Private,Canada,North America,,5.159055299214529,4.3694478524670215,4.3694478524670215,1,Severe Single-Wave Resets (Deep Structural Cuts)
Rapid,2,True,2023-04-25,2023-04-25,0,0.0,0.0,185.0,92.5,115.0,0.4,0.4,0.5,Finance,Fintech & Financial Services,Series D,Late Stage (Series C-D),United States,North America,272.0,5.60947179518496,5.225746673713202,4.7535901911063645,1,Severe Single-Wave Resets (Deep Structural Cuts)
Rapid7,3,True,2023-08-08,2026-08-10,1098,549.0,27.0,804.0,268.0,470.0,0.10333333333333333,0.12,0.18,Security,Enterprise & Infrastructure,Post-IPO,Public (Post-IPO),United States,North America,89.0,4.499809670330265,6.690842277418564,6.154858094016418,2,"Enterprise Mega-Downscalers (High Capitalization, Scaled Magnitude)"
Rasa,1,False,2022-03-30,2022-03-30,0,,,59.0,59.0,59.0,0.4,0.4,0.4,Data,Enterprise & Infrastructure,Series B,Expansion Stage (Series B),Germany,Europe,40.0,3.713572066704308,4.0943445622221,4.0943445622221,1,Severe Single-Wave Resets (Deep Structural Cuts)
RealPage,1,False,2024-06-27,2024-06-27,0,,,260.0,260.0,260.0,0.04,0.04,0.04,Real Estate,Real Estate & PropTech,Acquired,Acquired / Subsidiary,United States,North America,105.0,4.663439094112067,5.564520407322694,5.564520407322694,1,Severe Single-Wave Resets (Deep Structural Cuts)
RealSelf,3,True,2020-04-21,2024-12-19,1703,851.5,821.0,51.0,25.5,40.0,0.09,0.09,0.13,Healthcare,Healthcare & BioTech,Series B,Expansion Stage (Series B),United States,North America,42.0,3.7612001156935624,3.9512437185814275,3.713572066704308,2,"Enterprise Mega-Downscalers (High Capitalization, Scaled Magnitude)"
Reali,1,False,2022-08-24,2022-08-24,0,,,140.0,140.0,140.0,1.0,1.0,1.0,Real Estate,Real Estate & PropTech,Series B,Expansion Stage (Series B),United States,North America,117.0,4.770684624465665,4.948759890378168,4.948759890378168,0,Targeted Multi-Wave Downscalers (Iterative Restructuring)
Rec Room,3,True,2025-03-03,2026-03-31,393,196.5,177.0,141.0,141.0,141.0,0.58,0.58,1.0,Consumer,Consumer & Retail,Series F,Growth Stage (Series E+),United States,North America,294.0,5.68697535633982,4.955827057601261,4.955827057601261,0,Targeted Multi-Wave Downscalers (Iterative Restructuring)
Recharge,1,False,2022-10-27,2022-10-27,0,,,84.0,84.0,84.0,0.17,0.17,0.17,Finance,Fintech & Financial Services,Series B,Expansion Stage (Series B),United States,North America,277.0,5.627621113690637,4.442651256490317,4.442651256490317,1,Severe Single-Wave Resets (Deep Structural Cuts)
Red Hat,1,False,2023-04-24,2023-04-24,0,,,760.0,760.0,760.0,0.04,0.04,0.04,Other,Other / Diversified,Acquired,Acquired / Subsidiary,United States,North America,,5.159055299214529,6.634633357861686,6.634633357861686,1,Severe Single-Wave Resets (Deep Structural Cuts)
Redbox,1,False,2024-07-10,2024-07-10,0,,,1000.0,1000.0,1000.0,1.0,1.0,1.0,Media,Marketing & Media,Acquired,Acquired / Subsidiary,United States,North America,51.0,3.9512437185814275,6.90875477931522,6.90875477931522,0,Targeted Multi-Wave Downscalers (Iterative Restructuring)
Redbubble,2,True,2023-01-18,2023-05-10,112,112.0,112.0,70.0,70.0,70.0,0.185,0.185,0.23,Retail,Consumer & Retail,Post-IPO,Public (Post-IPO),Australia,Asia-Pacific,55.0,4.02535169073515,4.2626798770413155,4.2626798770413155,1,Severe Single-Wave Resets (Deep Structural Cuts)
Reddit,1,False,2023-06-06,2023-06-06,0,,,90.0,90.0,90.0,0.05,0.05,0.05,Consumer,Consumer & Retail,Series F,Growth Stage (Series E+),United States,North America,1300.0,7.170888478512505,4.51085950651685,4.51085950651685,1,Severe Single-Wave Resets (Deep Structural Cuts)
Redesign Health,3,True,2022-10-10,2024-02-23,501,250.5,10.0,221.0,73.66666666666667,77.0,0.2,0.2,0.2,Healthcare,Healthcare & BioTech,Series C,Late Stage (Series C-D),United States,North America,315.0,5.755742213586912,5.402677381872279,4.356708826689592,2,"Enterprise Mega-Downscalers (High Capitalization, Scaled Magnitude)"
Redfin,7,True,2020-04-07,2025-02-12,1772,295.3333333333333,34.0,2347.0,335.2857142857143,862.0,0.068,0.07,0.13,Real Estate,Real Estate & PropTech,Post-IPO,Public (Post-IPO),United States,North America,320.0,5.771441123130016,7.761319180947987,6.760414691083428,2,"Enterprise Mega-Downscalers (High Capitalization, Scaled Magnitude)"
Redox,1,False,2020-06-16,2020-06-16,0,,,44.0,44.0,44.0,0.25,0.25,0.25,Healthcare,Healthcare & BioTech,Series C,Late Stage (Series C-D),United States,North America,50.0,3.9318256327243257,3.8066624897703196,3.8066624897703196,1,Severe Single-Wave Resets (Deep Structural Cuts)
Reef,1,False,2022-05-06,2022-05-06,0,,,750.0,750.0,750.0,0.05,0.05,0.05,Transportation,Travel & Transportation,Unknown,Unspecified / Private,United States,North America,1500.0,7.313886831633462,6.621405651764134,6.621405651764134,1,Severe Single-Wave Resets (Deep Structural Cuts)
Relativity,1,False,2022-12-07,2022-12-07,0,,,150.0,150.0,150.0,0.1,0.1,0.1,Legal,Professional Services,Private Equity,Private Equity Owned,United States,North America,125.0,4.836281906951478,5.017279836814924,5.017279836814924,1,Severe Single-Wave Resets (Deep Structural Cuts)
Relevel,1,False,2023-01-10,2023-01-10,0,,,40.0,40.0,40.0,0.2,0.2,0.2,HR,Other / Diversified,Unknown,Unspecified / Private,India,Asia-Pacific,,5.159055299214529,3.713572066704308,3.713572066704308,1,Severe Single-Wave Resets (Deep Structural Cuts)
Remote,1,False,2022-07-06,2022-07-06,0,,,100.0,100.0,100.0,0.09,0.09,0.09,HR,Other / Diversified,Series C,Late Stage (Series C-D),United States,North America,496.0,6.208590026096629,4.61512051684126,4.61512051684126,1,Severe Single-Wave Resets (Deep Structural Cuts)
Remote Year,1,False,2020-03-19,2020-03-19,0,,,50.0,50.0,50.0,0.5,0.5,0.5,Travel,Travel & Transportation,Series B,Expansion Stage (Series B),United States,North America,17.0,2.8903717578961645,3.9318256327243257,3.9318256327243257,0,Targeted Multi-Wave Downscalers (Iterative Restructuring)
Renmoney,1,False,2020-04-28,2020-04-28,0,,,391.0,391.0,391.0,0.5,0.5,0.5,Finance,Fintech & Financial Services,Unknown,Unspecified / Private,Nigeria,Africa,,5.159055299214529,5.971261839790462,5.971261839790462,0,Targeted Multi-Wave Downscalers (Iterative Restructuring)
RenoRun,3,True,2022-08-04,2023-04-26,265,132.5,84.0,280.0,140.0,210.0,0.5166666666666667,0.43,1.0,Construction,Other / Diversified,Series B,Expansion Stage (Series B),Canada,North America,163.0,5.099866427824199,5.638354669333745,5.351858133476067,2,"Enterprise Mega-Downscalers (High Capitalization, Scaled Magnitude)"
Rent the Runway,3,True,2020-03-28,2024-01-09,1382,691.0,484.0,37.0,37.0,37.0,0.16999999999999998,0.16999999999999998,0.24,Retail,Consumer & Retail,Post-IPO,Public (Post-IPO),United States,North America,541.0,6.295266001439646,3.6375861597263857,3.6375861597263857,2,"Enterprise Mega-Downscalers (High Capitalization, Scaled Magnitude)"
Repertoire Immune Medicines,1,False,2022-11-08,2022-11-08,0,,,65.0,65.0,65.0,0.5,0.5,0.5,Healthcare,Healthcare & BioTech,Series B,Expansion Stage (Series B),United States,North America,257.0,5.552959584921617,4.189654742026425,4.189654742026425,1,Severe Single-Wave Resets (Deep Structural Cuts)
Replit,1,False,2024-05-16,2024-05-16,0,,,30.0,30.0,30.0,0.2,0.2,0.2,Product,Other / Diversified,Unknown,Unspecified / Private,United States,North America,222.0,5.407171771460119,3.4339872044851463,3.4339872044851463,1,Severe Single-Wave Resets (Deep Structural Cuts)
ResearchGate,1,False,2022-11-28,2022-11-28,0,,,25.0,25.0,25.0,0.1,0.1,0.1,Other,Other / Diversified,Series D,Late Stage (Series C-D),Germany,Europe,87.0,4.477336814478207,3.258096538021482,3.258096538021482,1,Severe Single-Wave Resets (Deep Structural Cuts)
Restaurant365,2,True,2020-03-27,2025-08-14,1966,1966.0,1966.0,275.0,137.5,175.0,0.09,0.09,0.09,Food,Consumer & Retail,Series C,Late Stage (Series C-D),United States,North America,127.0,4.852030263919617,5.62040086571715,5.170483995038151,2,"Enterprise Mega-Downscalers (High Capitalization, Scaled Magnitude)"
Retrain.ai,1,False,2025-07-02,2025-07-02,0,,,20.0,20.0,20.0,1.0,1.0,1.0,HR,Other / Diversified,Unknown,Unspecified / Private,Israel,Middle East,34.0,3.5553480614894135,3.044522437723423,3.044522437723423,0,Targeted Multi-Wave Downscalers (Iterative Restructuring)
Revelate,1,False,2022-12-16,2022-12-16,0,,,24.0,24.0,24.0,0.3,0.3,0.3,Data,Enterprise & Infrastructure,Series A,Early Venture (Series A),Canada,North America,26.0,3.295836866004329,3.2188758248682006,3.2188758248682006,1,Severe Single-Wave Resets (Deep Structural Cuts)
Revolut,1,False,2020-05-11,2020-05-11,0,,,60.0,60.0,60.0,0.03,0.03,0.03,Finance,Fintech & Financial Services,Series D,Late Stage (Series C-D),United Kingdom,Europe,837.0,6.731018100482083,4.110873864173311,4.110873864173311,1,Severe Single-Wave Resets (Deep Structural Cuts)
Rhino,1,False,2022-02-03,2022-02-03,0,,,57.0,57.0,57.0,0.2,0.2,0.2,Real Estate,Real Estate & PropTech,Unknown,Unspecified / Private,United States,North America,133.0,4.897839799950911,4.060443010546419,4.060443010546419,1,Severe Single-Wave Resets (Deep Structural Cuts)
Rhumbix,1,False,2020-04-10,2020-04-10,0,,,16.0,16.0,16.0,0.27,0.27,0.27,Construction,Other / Diversified,Series B,Expansion Stage (Series B),United States,North America,35.0,3.58351893845611,2.833213344056216,2.833213344056216,1,Severe Single-Wave Resets (Deep Structural Cuts)
Ribbon,2,True,2022-07-28,2022-11-14,109,109.0,109.0,306.0,153.0,170.0,0.85,0.85,0.85,Real Estate,Real Estate & PropTech,Series C,Late Stage (Series C-D),United States,North America,405.0,6.0063531596017325,5.726847747587197,5.14166355650266,0,Targeted Multi-Wave Downscalers (Iterative Restructuring)
Ridecell,1,False,2020-05-14,2020-05-14,0,,,35.0,35.0,35.0,0.15,0.15,0.15,Transportation,Travel & Transportation,Series B,Expansion Stage (Series B),United States,North America,73.0,4.30406509320417,3.58351893845611,3.58351893845611,1,Severe Single-Wave Resets (Deep Structural Cuts)
RigUp,1,False,2020-03-30,2020-03-30,0,,,120.0,120.0,120.0,0.25,0.25,0.25,Energy,Other / Diversified,Series D,Late Stage (Series C-D),United States,North America,423.0,6.049733455231958,4.795790545596741,4.795790545596741,1,Severe Single-Wave Resets (Deep Structural Cuts)
RingCentral,3,True,2022-08-04,2023-01-17,166,83.0,69.0,80.0,40.0,50.0,0.1,0.1,0.1,Other,Other / Diversified,Post-IPO,Public (Post-IPO),United States,North America,44.0,3.8066624897703196,4.394449154672439,3.9318256327243257,1,Severe Single-Wave Resets (Deep Structural Cuts)
Riot Games,3,True,2023-01-19,2026-02-09,1117,558.5,368.0,656.0,218.66666666666666,530.0,0.11,0.11,0.11,Consumer,Consumer & Retail,Acquired,Acquired / Subsidiary,United States,North America,21.0,3.091042453358316,6.48768401848461,6.274762021241939,2,"Enterprise Mega-Downscalers (High Capitalization, Scaled Magnitude)"
RiseUp,1,False,2024-04-30,2024-04-30,0,,,50.0,50.0,50.0,0.5,0.5,0.5,Finance,Fintech & Financial Services,Series B,Expansion Stage (Series B),Israel,Middle East,30.0,3.4339872044851463,3.9318256327243257,3.9318256327243257,0,Targeted Multi-Wave Downscalers (Iterative Restructuring)
Riskified,2,True,2024-02-13,2025-02-19,372,372.0,372.0,40.0,40.0,40.0,0.06,0.06,0.06,Retail,Consumer & Retail,Post-IPO,Public (Post-IPO),United States,North America,229.0,5.438079308923196,3.713572066704308,3.713572066704308,1,Severe Single-Wave Resets (Deep Structural Cuts)
Ritual,3,True,2020-04-02,2023-06-21,1175,587.5,364.0,257.0,85.66666666666667,196.0,0.3666666666666667,0.4,0.54,Food,Consumer & Retail,Series C,Late Stage (Series C-D),Canada,North America,134.0,4.90527477843843,5.552959584921617,5.2832037287379885,2,"Enterprise Mega-Downscalers (High Capitalization, Scaled Magnitude)"
Rivian,12,True,2020-06-02,2026-06-16,2205,200.45454545454547,7.0,2110.0,263.75,840.0,0.033999999999999996,0.02,0.1,Transportation,Travel & Transportation,Post-IPO,Public (Post-IPO),United States,North America,10700.0,9.278092474027002,7.65491704784832,6.734591659972948,3,"Early-Stage Capital-Constrained Exits (High Percentage, Small Scale)"
Rivos,1,False,2023-08-23,2023-08-23,0,,,24.0,24.0,24.0,0.06,0.06,0.06,Hardware,Hardware & Manufacturing,Unknown,Unspecified / Private,United States,North America,,5.159055299214529,3.2188758248682006,3.2188758248682006,1,Severe Single-Wave Resets (Deep Structural Cuts)
Robinhood,5,True,2022-04-26,2026-06-16,1512,378.0,87.0,1493.0,373.25,713.0,0.1225,0.095,0.23,Finance,Fintech & Financial Services,Post-IPO,Public (Post-IPO),United States,North America,6200.0,8.732465848349879,7.309212365692763,6.570882962339584,2,"Enterprise Mega-Downscalers (High Capitalization, Scaled Magnitude)"
Rock Content,2,True,2020-04-06,2023-01-12,1011,1011.0,1011.0,100.0,100.0,100.0,0.175,0.175,0.2,Marketing,Marketing & Media,Series B,Expansion Stage (Series B),United States,North America,34.0,3.5553480614894135,4.61512051684126,4.61512051684126,1,Severe Single-Wave Resets (Deep Structural Cuts)
Roku,3,True,2022-11-17,2023-09-06,293,146.5,133.0,760.0,253.33333333333334,360.0,0.07666666666666667,0.07,0.1,Media,Marketing & Media,Post-IPO,Public (Post-IPO),United States,North America,208.0,5.342334251964811,6.634633357861686,5.8888779583328805,2,"Enterprise Mega-Downscalers (High Capitalization, Scaled Magnitude)"
Root Insurance,2,True,2022-01-20,2022-11-09,293,293.0,293.0,467.0,233.5,330.0,0.2,0.2,0.2,Finance,Fintech & Financial Services,Post-IPO,Public (Post-IPO),United States,North America,527.0,6.269096283706261,6.148468295917647,5.802118375377063,2,"Enterprise Mega-Downscalers (High Capitalization, Scaled Magnitude)"
Rover,1,False,2020-03-31,2020-03-31,0,,,194.0,194.0,194.0,0.41,0.41,0.41,Consumer,Consumer & Retail,Series G,Growth Stage (Series E+),United States,North America,310.0,5.739792912179234,5.272999558563747,5.272999558563747,1,Severe Single-Wave Resets (Deep Structural Cuts)
Rows,1,False,2022-06-29,2022-06-29,0,,,18.0,18.0,18.0,0.3,0.3,0.3,Other,Other / Diversified,Series B,Expansion Stage (Series B),Germany,Europe,25.0,3.258096538021482,2.9444389791664403,2.9444389791664403,1,Severe Single-Wave Resets (Deep Structural Cuts)
Rubicon Project,1,False,2020-05-06,2020-05-06,0,,,50.0,50.0,50.0,0.08,0.08,0.08,Marketing,Marketing & Media,Post-IPO,Public (Post-IPO),United States,North America,60.0,4.110873864173311,3.9318256327243257,3.9318256327243257,1,Severe Single-Wave Resets (Deep Structural Cuts)
Rubius,2,True,2022-09-13,2022-11-03,51,51.0,51.0,160.0,160.0,160.0,0.785,0.785,0.8200000000000001,Healthcare,Healthcare & BioTech,Post-IPO,Public (Post-IPO),United States,North America,445.0,6.100318952020064,5.081404364984463,5.081404364984463,0,Targeted Multi-Wave Downscalers (Iterative Restructuring)
Runtastic,2,True,2023-03-16,2024-09-16,550,550.0,550.0,240.0,120.0,170.0,0.28,0.28,0.28,Fitness,Other / Diversified,Acquired,Acquired / Subsidiary,Austria,Europe,,5.159055299214529,5.484796933490655,5.14166355650266,1,Severe Single-Wave Resets (Deep Structural Cuts)
Rupeek,2,True,2022-06-07,2022-09-07,92,92.0,92.0,230.0,115.0,180.0,0.15,0.15,0.15,Finance,Fintech & Financial Services,Unknown,Unspecified / Private,India,Asia-Pacific,172.0,5.153291594497779,5.442417710521793,5.198497031265826,1,Severe Single-Wave Resets (Deep Structural Cuts)
SAP,2,True,2023-01-26,2024-01-23,362,362.0,362.0,11000.0,5500.0,8000.0,0.05,0.05,0.07,Other,Other / Diversified,Post-IPO,Public (Post-IPO),Germany,Europe,1300.0,7.170888478512505,9.305741456739435,8.987321812850125,2,"Enterprise Mega-Downscalers (High Capitalization, Scaled Magnitude)"
SEND,1,False,2022-05-04,2022-05-04,0,,,300.0,300.0,300.0,1.0,1.0,1.0,Food,Consumer & Retail,Seed,Early Stage (Seed),Australia,Asia-Pacific,3.0,1.3862943611198906,5.707110264748875,5.707110264748875,0,Targeted Multi-Wave Downscalers (Iterative Restructuring)
SIRCLO,1,False,2022-11-22,2022-11-22,0,,,160.0,160.0,160.0,0.08,0.08,0.08,Retail,Consumer & Retail,Series B,Expansion Stage (Series B),Indonesia,Asia-Pacific,92.0,4.532599493153256,5.081404364984463,5.081404364984463,1,Severe Single-Wave Resets (Deep Structural Cuts)
SQream,1,False,2022-07-06,2022-07-06,0,,,30.0,30.0,30.0,0.18,0.18,0.18,Data,Enterprise & Infrastructure,Series B,Expansion Stage (Series B),United States,North America,77.0,4.356708826689592,3.4339872044851463,3.4339872044851463,1,Severe Single-Wave Resets (Deep Structural Cuts)
SSense,2,True,2023-01-27,2026-03-05,1133,1133.0,1133.0,353.0,176.5,215.0,0.07,0.07,0.07,Retail,Consumer & Retail,Series A,Early Venture (Series A),Canada,North America,,5.159055299214529,5.869296913133774,5.375278407684165,2,"Enterprise Mega-Downscalers (High Capitalization, Scaled Magnitude)"
SWVL,2,True,2022-05-30,2022-11-23,177,177.0,177.0,400.0,400.0,400.0,0.41000000000000003,0.41000000000000003,0.5,Transportation,Travel & Transportation,Post-IPO,Public (Post-IPO),Egypt,Africa,264.0,5.579729825986222,5.993961427306569,5.993961427306569,1,Severe Single-Wave Resets (Deep Structural Cuts)
Sabi,1,False,2025-06-19,2025-06-19,0,,,50.0,50.0,50.0,0.2,0.2,0.2,Retail,Consumer & Retail,Series B,Expansion Stage (Series B),Nigeria,Africa,66.0,4.204692619390966,3.9318256327243257,3.9318256327243257,1,Severe Single-Wave Resets (Deep Structural Cuts)
Sabre,1,False,2023-05-04,2023-05-04,0,,,1100.0,1100.0,1100.0,0.15,0.15,0.15,Travel,Travel & Transportation,Post-IPO,Public (Post-IPO),United States,North America,1700.0,7.438971592395862,7.00397413672268,7.00397413672268,1,Severe Single-Wave Resets (Deep Structural Cuts)
SafeGraph,1,False,2022-06-27,2022-06-27,0,,,27.0,27.0,27.0,0.25,0.25,0.25,Data,Enterprise & Infrastructure,Series B,Expansion Stage (Series B),United States,North America,61.0,4.127134385045092,3.332204510175204,3.332204510175204,1,Severe Single-Wave Resets (Deep Structural Cuts)
Sage Therapeutics,1,False,2020-04-07,2020-04-07,0,,,340.0,340.0,340.0,0.53,0.53,0.53,Healthcare,Healthcare & BioTech,Post-IPO,Public (Post-IPO),United States,North America,438.0,6.0844994130751715,5.831882477283517,5.831882477283517,0,Targeted Multi-Wave Downscalers (Iterative Restructuring)
Saks.com,1,False,2023-01-19,2023-01-19,0,,,100.0,100.0,100.0,0.05,0.05,0.05,Retail,Consumer & Retail,Unknown,Unspecified / Private,United States,North America,965.0,6.873163834212518,4.61512051684126,4.61512051684126,1,Severe Single-Wave Resets (Deep Structural Cuts)
Salesforce,15,True,2020-08-26,2026-08-07,2172,155.14285714285714,0.0,16744.0,1196.0,8000.0,0.029700000000000004,0.01,0.1,Sales,Professional Services,Post-IPO,Public (Post-IPO),United States,North America,65.4,4.1956970564823886,9.725854985228304,8.987321812850125,3,"Early-Stage Capital-Constrained Exits (High Percentage, Small Scale)"
Salesloft,1,False,2023-02-07,2023-02-07,0,,,100.0,100.0,100.0,0.1,0.1,0.1,Sales,Professional Services,Acquired,Acquired / Subsidiary,United States,North America,245.0,5.5053315359323625,4.61512051684126,4.61512051684126,1,Severe Single-Wave Resets (Deep Structural Cuts)
Salsify,3,True,2020-04-03,2023-10-25,1300,650.0,343.0,260.0,86.66666666666667,110.0,0.12,0.12,0.13,Retail,Consumer & Retail,Unknown,Unspecified / Private,United States,North America,453.0,6.118097198041348,5.564520407322694,4.709530201312334,2,"Enterprise Mega-Downscalers (High Capitalization, Scaled Magnitude)"
Salto,1,False,2025-06-10,2025-06-10,0,,,30.0,30.0,30.0,0.5,0.5,0.5,Other,Other / Diversified,Series B,Expansion Stage (Series B),Israel,Middle East,69.0,4.248495242049359,3.4339872044851463,3.4339872044851463,0,Targeted Multi-Wave Downscalers (Iterative Restructuring)
SambaNova,1,False,2025-04-25,2025-04-25,0,,,77.0,77.0,77.0,0.15,0.15,0.15,AI,Other / Diversified,Series D,Late Stage (Series C-D),United States,North America,1100.0,7.00397413672268,4.356708826689592,4.356708826689592,1,Severe Single-Wave Resets (Deep Structural Cuts)
Sami,1,False,2022-06-14,2022-06-14,0,,,75.0,75.0,75.0,0.15,0.15,0.15,Healthcare,Healthcare & BioTech,Unknown,Unspecified / Private,Brazil,Latin America,36.0,3.6109179126442243,4.330733340286331,4.330733340286331,1,Severe Single-Wave Resets (Deep Structural Cuts)
Samsara,1,False,2020-05-20,2020-05-20,0,,,300.0,300.0,300.0,0.18,0.18,0.18,Logistics,Travel & Transportation,Series F,Growth Stage (Series E+),United States,North America,530.0,6.274762021241939,5.707110264748875,5.707110264748875,1,Severe Single-Wave Resets (Deep Structural Cuts)
Sana Benefits,2,True,2023-02-07,2023-11-01,267,267.0,267.0,73.0,73.0,73.0,0.345,0.345,0.5,HR,Other / Diversified,Series B,Expansion Stage (Series B),United States,North America,106.0,4.672828834461906,4.30406509320417,4.30406509320417,1,Severe Single-Wave Resets (Deep Structural Cuts)
Sanar,1,False,2022-06-10,2022-06-10,0,,,60.0,60.0,60.0,0.2,0.2,0.2,Healthcare,Healthcare & BioTech,Unknown,Unspecified / Private,Brazil,Latin America,11.0,2.4849066497880004,4.110873864173311,4.110873864173311,1,Severe Single-Wave Resets (Deep Structural Cuts)
Sandbox VR,1,False,2020-05-01,2020-05-01,0,,,80.0,80.0,80.0,0.8,0.8,0.8,Consumer,Consumer & Retail,Series A,Early Venture (Series A),United States,North America,82.0,4.418840607796598,4.394449154672439,4.394449154672439,0,Targeted Multi-Wave Downscalers (Iterative Restructuring)
Sapiens,1,False,2025-12-28,2025-12-28,0,,,700.0,700.0,700.0,0.15,0.15,0.15,Finance,Fintech & Financial Services,Acquired,Acquired / Subsidiary,Israel,Middle East,88.0,4.48863636973214,6.55250788703459,6.55250788703459,1,Severe Single-Wave Resets (Deep Structural Cuts)
Sarcos,2,True,2023-07-17,2023-11-14,120,120.0,120.0,225.0,112.5,150.0,0.25,0.25,0.25,Aerospace,Hardware & Manufacturing,Post-IPO,Public (Post-IPO),United States,North America,316.0,5.75890177387728,5.420534999272286,5.017279836814924,1,Severe Single-Wave Resets (Deep Structural Cuts)
Satellogic,2,True,2024-05-24,2024-06-14,21,21.0,21.0,104.0,52.0,70.0,0.215,0.215,0.3,Aerospace,Hardware & Manufacturing,Post-IPO,Public (Post-IPO),Uruguay,Other / International,424.0,6.052089168924417,4.653960350157523,4.2626798770413155,1,Severe Single-Wave Resets (Deep Structural Cuts)
Sauce Labs,1,False,2020-04-02,2020-04-02,0,,,30.0,30.0,30.0,0.15,0.15,0.15,Infrastructure,Enterprise & Infrastructure,Unknown,Unspecified / Private,United States,North America,151.0,5.0238805208462765,3.4339872044851463,3.4339872044851463,1,Severe Single-Wave Resets (Deep Structural Cuts)
Scale AI,2,True,2023-01-09,2025-07-16,919,919.0,919.0,200.0,200.0,200.0,0.17,0.17,0.2,Data,Enterprise & Infrastructure,Series E,Growth Stage (Series E+),United States,North America,602.0,6.401917196727186,5.303304908059076,5.303304908059076,2,"Enterprise Mega-Downscalers (High Capitalization, Scaled Magnitude)"
ScaleFactor,1,False,2020-06-23,2020-06-23,0,,,90.0,90.0,90.0,0.9,0.9,0.9,Finance,Fintech & Financial Services,Series C,Late Stage (Series C-D),United States,North America,103.0,4.6443908991413725,4.51085950651685,4.51085950651685,0,Targeted Multi-Wave Downscalers (Iterative Restructuring)
ScaleFocus,1,False,2020-06-11,2020-06-11,0,,,120.0,120.0,120.0,0.1,0.1,0.1,Infrastructure,Enterprise & Infrastructure,Unknown,Unspecified / Private,Bulgaria,Other / International,,5.159055299214529,4.795790545596741,4.795790545596741,1,Severe Single-Wave Resets (Deep Structural Cuts)
SchoolMint,1,False,2023-10-05,2023-10-05,0,,,29.0,29.0,29.0,0.14,0.14,0.14,Education,EdTech & Learning,Acquired,Acquired / Subsidiary,United States,North America,8.0,2.1972245773362196,3.4011973816621555,3.4011973816621555,1,Severe Single-Wave Resets (Deep Structural Cuts)
Scoop,2,True,2020-04-08,2020-11-17,223,223.0,223.0,92.0,92.0,92.0,0.33,0.33,0.33,Transportation,Travel & Transportation,Series C,Late Stage (Series C-D),United States,North America,95.0,4.564348191467836,4.532599493153256,4.532599493153256,1,Severe Single-Wave Resets (Deep Structural Cuts)
Scribe Media,1,False,2023-05-04,2023-05-04,0,,,90.0,90.0,90.0,1.0,1.0,1.0,Marketing,Marketing & Media,Unknown,Unspecified / Private,United States,North America,,5.159055299214529,4.51085950651685,4.51085950651685,0,Targeted Multi-Wave Downscalers (Iterative Restructuring)
Seagate,2,True,2022-10-26,2023-03-29,154,154.0,154.0,3480.0,1740.0,3000.0,0.08,0.08,0.08,Hardware,Hardware & Manufacturing,Post-IPO,Public (Post-IPO),United States,North America,,5.159055299214529,8.15507488781144,8.006700845440367,2,"Enterprise Mega-Downscalers (High Capitalization, Scaled Magnitude)"
SeatGeek,1,False,2025-02-20,2025-02-20,0,,,150.0,150.0,150.0,0.15,0.15,0.15,Consumer,Consumer & Retail,Series E,Growth Stage (Series E+),United States,North America,400.0,5.993961427306569,5.017279836814924,5.017279836814924,1,Severe Single-Wave Resets (Deep Structural Cuts)
SecureWorks,2,True,2023-02-07,2023-08-14,188,188.0,188.0,512.0,256.0,300.0,0.12,0.12,0.15,Security,Enterprise & Infrastructure,Post-IPO,Public (Post-IPO),United States,North America,83.0,4.430816798843313,6.240275845170769,5.707110264748875,1,Severe Single-Wave Resets (Deep Structural Cuts)
SeekOut,2,True,2023-10-05,2024-05-16,224,224.0,224.0,16.0,16.0,16.0,0.185,0.185,0.3,Recruiting,Professional Services,Series C,Late Stage (Series C-D),United States,North America,,5.159055299214529,2.833213344056216,2.833213344056216,1,Severe Single-Wave Resets (Deep Structural Cuts)
Segment,1,False,2020-05-06,2020-05-06,0,,,50.0,50.0,50.0,0.1,0.1,0.1,Data,Enterprise & Infrastructure,Series D,Late Stage (Series C-D),United States,North America,283.0,5.648974238161206,3.9318256327243257,3.9318256327243257,1,Severe Single-Wave Resets (Deep Structural Cuts)
Sema4,2,True,2022-08-15,2022-11-14,91,91.0,91.0,750.0,375.0,500.0,0.13,0.13,0.13,Healthcare,Healthcare & BioTech,Post-IPO,Public (Post-IPO),United States,North America,791.0,6.674561391814426,6.621405651764134,6.2166061010848646,2,"Enterprise Mega-Downscalers (High Capitalization, Scaled Magnitude)"
Sendle,1,False,2022-07-04,2022-07-04,0,,,27.0,27.0,27.0,0.12,0.12,0.12,Logistics,Travel & Transportation,Series C,Late Stage (Series C-D),Australia,Asia-Pacific,69.0,4.248495242049359,3.332204510175204,3.332204510175204,1,Severe Single-Wave Resets (Deep Structural Cuts)
Sendy,3,True,2022-08-02,2023-08-08,371,185.5,0.0,84.0,42.0,54.0,0.43333333333333335,0.2,1.0,Logistics,Travel & Transportation,Series B,Expansion Stage (Series B),Kenya,Africa,26.0,3.295836866004329,4.442651256490317,4.007333185232471,1,Severe Single-Wave Resets (Deep Structural Cuts)
Sensibill,1,False,2020-04-01,2020-04-01,0,,,17.0,17.0,17.0,0.2,0.2,0.2,Finance,Fintech & Financial Services,Series B,Expansion Stage (Series B),Canada,North America,50.0,3.9318256327243257,2.8903717578961645,2.8903717578961645,1,Severe Single-Wave Resets (Deep Structural Cuts)
SentinelOne,2,True,2023-06-01,2026-05-29,1093,1093.0,1093.0,230.0,230.0,230.0,0.065,0.065,0.08,Security,Enterprise & Infrastructure,Post-IPO,Public (Post-IPO),United States,North America,696.0,6.546785410760524,5.442417710521793,5.442417710521793,2,"Enterprise Mega-Downscalers (High Capitalization, Scaled Magnitude)"
ServiceTitan,1,False,2023-02-15,2023-02-15,0,,,221.0,221.0,221.0,0.08,0.08,0.08,Sales,Professional Services,Series G,Growth Stage (Series E+),United States,North America,1100.0,7.00397413672268,5.402677381872279,5.402677381872279,1,Severe Single-Wave Resets (Deep Structural Cuts)
Shakepay,1,False,2023-01-27,2023-01-27,0,,,21.0,21.0,21.0,0.25,0.25,0.25,Crypto,Fintech & Financial Services,Series A,Early Venture (Series A),Canada,North America,45.0,3.828641396489095,3.091042453358316,3.091042453358316,1,Severe Single-Wave Resets (Deep Structural Cuts)
Share Now,1,False,2022-12-09,2022-12-09,0,,,150.0,150.0,150.0,0.36,0.36,0.36,Transportation,Travel & Transportation,Acquired,Acquired / Subsidiary,Germany,Europe,,5.159055299214529,5.017279836814924,5.017279836814924,1,Severe Single-Wave Resets (Deep Structural Cuts)
ShareChat,6,True,2020-05-20,2025-01-15,1701,340.2,45.0,958.0,159.66666666666666,500.0,0.14,0.15,0.25,Marketing,Marketing & Media,Series D,Late Stage (Series C-D),India,Asia-Pacific,1700.0,7.438971592395862,6.8658910748834385,6.2166061010848646,2,"Enterprise Mega-Downscalers (High Capitalization, Scaled Magnitude)"
Shippo,1,False,2022-11-03,2022-11-03,0,,,60.0,60.0,60.0,0.2,0.2,0.2,Logistics,Travel & Transportation,Series E,Growth Stage (Series E+),United States,North America,154.0,5.043425116919247,4.110873864173311,4.110873864173311,1,Severe Single-Wave Resets (Deep Structural Cuts)
Shipsi,1,False,2020-04-28,2020-04-28,0,,,20.0,20.0,20.0,0.5,0.5,0.5,Retail,Consumer & Retail,Seed,Early Stage (Seed),United States,North America,2.0,1.0986122886681098,3.044522437723423,3.044522437723423,0,Targeted Multi-Wave Downscalers (Iterative Restructuring)
Shogun,1,False,2022-08-09,2022-08-09,0,,,48.0,48.0,48.0,0.3,0.3,0.3,Retail,Consumer & Retail,Series C,Late Stage (Series C-D),United States,North America,114.0,4.74493212836325,3.8918202981106265,3.8918202981106265,1,Severe Single-Wave Resets (Deep Structural Cuts)
Shop101,1,False,2020-04-15,2020-04-15,0,,,200.0,200.0,200.0,0.4,0.4,0.4,Retail,Consumer & Retail,Series C,Late Stage (Series C-D),India,Asia-Pacific,19.0,2.995732273553991,5.303304908059076,5.303304908059076,1,Severe Single-Wave Resets (Deep Structural Cuts)
ShopBack,1,False,2024-03-19,2024-03-19,0,,,195.0,195.0,195.0,0.24,0.24,0.24,Retail,Consumer & Retail,Series F,Growth Stage (Series E+),Singapore,Asia-Pacific,355.0,5.87493073085203,5.278114659230517,5.278114659230517,1,Severe Single-Wave Resets (Deep Structural Cuts)
Shopee,5,True,2022-06-14,2026-06-10,1457,364.25,57.0,200.0,200.0,200.0,0.08,0.08,0.08,Food,Consumer & Retail,Unknown,Unspecified / Private,Singapore,Asia-Pacific,,5.159055299214529,5.303304908059076,5.303304908059076,2,"Enterprise Mega-Downscalers (High Capitalization, Scaled Magnitude)"
Shopify,8,True,2020-08-14,2026-05-04,2089,298.42857142857144,20.0,3480.0,580.0,2300.0,0.15000000000000002,0.15000000000000002,0.2,Retail,Consumer & Retail,Post-IPO,Public (Post-IPO),Canada,North America,122.3,4.814620410170298,8.15507488781144,7.741099090035366,2,"Enterprise Mega-Downscalers (High Capitalization, Scaled Magnitude)"
Showpad,2,True,2020-04-01,2024-04-18,1478,1478.0,1478.0,102.0,51.0,52.0,0.11,0.11,0.12,Marketing,Marketing & Media,Series D,Late Stage (Series C-D),Belgium,Europe,159.0,5.075173815233827,4.634728988229636,3.970291913552122,2,"Enterprise Mega-Downscalers (High Capitalization, Scaled Magnitude)"
SiFive,1,False,2023-10-24,2023-10-24,0,,,130.0,130.0,130.0,0.2,0.2,0.2,Hardware,Hardware & Manufacturing,Series F,Growth Stage (Series E+),United States,North America,365.0,5.902633333401366,4.875197323201151,4.875197323201151,1,Severe Single-Wave Resets (Deep Structural Cuts)
Sidecar Health,1,False,2022-06-28,2022-06-28,0,,,110.0,110.0,110.0,0.4,0.4,0.4,Healthcare,Healthcare & BioTech,Series C,Late Stage (Series C-D),United States,North America,163.0,5.099866427824199,4.709530201312334,4.709530201312334,1,Severe Single-Wave Resets (Deep Structural Cuts)
Sight Diagnostics,1,False,2024-05-09,2024-05-09,0,,,40.0,40.0,40.0,0.3,0.3,0.3,Healthcare,Healthcare & BioTech,Series D,Late Stage (Series C-D),Israel,Middle East,124.0,4.8283137373023015,3.713572066704308,3.713572066704308,1,Severe Single-Wave Resets (Deep Structural Cuts)
Sightful,1,False,2024-07-01,2024-07-01,0,,,20.0,20.0,20.0,0.33,0.33,0.33,Hardware,Hardware & Manufacturing,Unknown,Unspecified / Private,Israel,Middle East,61.0,4.127134385045092,3.044522437723423,3.044522437723423,1,Severe Single-Wave Resets (Deep Structural Cuts)
Similarweb,2,True,2022-11-16,2023-05-10,175,175.0,175.0,180.0,90.0,120.0,0.08,0.08,0.1,Other,Other / Diversified,Post-IPO,Public (Post-IPO),United States,North America,235.0,5.4638318050256105,5.198497031265826,4.795790545596741,1,Severe Single-Wave Resets (Deep Structural Cuts)
Simpl,4,True,2023-04-09,2025-10-01,906,302.0,29.0,360.0,90.0,150.0,0.2,0.2,0.25,Finance,Fintech & Financial Services,Series B,Expansion Stage (Series B),India,Asia-Pacific,72.0,4.290459441148391,5.8888779583328805,5.017279836814924,2,"Enterprise Mega-Downscalers (High Capitalization, Scaled Magnitude)"
Simple Feast,1,False,2022-09-07,2022-09-07,0,,,150.0,150.0,150.0,1.0,1.0,1.0,Food,Consumer & Retail,Unknown,Unspecified / Private,Denmark,Europe,173.0,5.159055299214529,5.017279836814924,5.017279836814924,0,Targeted Multi-Wave Downscalers (Iterative Restructuring)
Singularity 6,2,True,2024-04-08,2024-05-15,37,37.0,37.0,85.0,42.5,49.0,0.35,0.35,0.35,Other,Other / Diversified,Series B,Expansion Stage (Series B),United States,North America,49.0,3.912023005428146,4.454347296253507,3.912023005428146,1,Severe Single-Wave Resets (Deep Structural Cuts)
SirionLabs,1,False,2023-01-25,2023-01-25,0,,,130.0,130.0,130.0,0.15,0.15,0.15,Legal,Professional Services,Series D,Late Stage (Series C-D),United States,North America,171.0,5.147494476813453,4.875197323201151,4.875197323201151,1,Severe Single-Wave Resets (Deep Structural Cuts)
SiriusXM,2,True,2023-03-06,2024-02-12,343,343.0,343.0,635.0,317.5,475.0,0.055,0.055,0.08,Media,Marketing & Media,Post-IPO,Public (Post-IPO),United States,North America,525.0,6.26530121273771,6.455198563340122,6.16541785423142,2,"Enterprise Mega-Downscalers (High Capitalization, Scaled Magnitude)"
Sisense,3,True,2020-04-23,2024-01-11,1358,679.0,184.0,240.0,80.0,100.0,0.12333333333333334,0.13,0.15,Data,Enterprise & Infrastructure,Series F,Growth Stage (Series E+),United States,North America,274.0,5.616771097666572,5.484796933490655,4.61512051684126,2,"Enterprise Mega-Downscalers (High Capitalization, Scaled Magnitude)"
Skai,3,True,2022-07-27,2026-06-03,1407,703.5,547.0,210.0,70.0,100.0,0.12666666666666668,0.14,0.2,Marketing,Marketing & Media,Series E,Growth Stage (Series E+),Israel,Middle East,60.0,4.110873864173311,5.351858133476067,4.61512051684126,2,"Enterprise Mega-Downscalers (High Capitalization, Scaled Magnitude)"
Skedulo,1,False,2022-08-23,2022-08-23,0,,,31.0,31.0,31.0,0.08,0.08,0.08,HR,Other / Diversified,Series C,Late Stage (Series C-D),United States,North America,114.0,4.74493212836325,3.4657359027997265,3.4657359027997265,1,Severe Single-Wave Resets (Deep Structural Cuts)
Skillz,3,True,2020-04-14,2022-08-29,867,433.5,101.0,91.0,45.5,70.0,0.1,0.1,0.1,Consumer,Consumer & Retail,Post-IPO,Public (Post-IPO),United States,North America,287.0,5.662960480135946,4.5217885770490405,4.2626798770413155,2,"Enterprise Mega-Downscalers (High Capitalization, Scaled Magnitude)"
SkySlope,1,False,2020-03-31,2020-03-31,0,,,50.0,50.0,50.0,0.25,0.25,0.25,Real Estate,Real Estate & PropTech,Acquired,Acquired / Subsidiary,United States,North America,,5.159055299214529,3.9318256327243257,3.9318256327243257,1,Severe Single-Wave Resets (Deep Structural Cuts)
Skybox Security,1,False,2025-02-24,2025-02-24,0,,,300.0,300.0,300.0,1.0,1.0,1.0,Security,Enterprise & Infrastructure,Private Equity,Private Equity Owned,United States,North America,335.0,5.817111159963204,5.707110264748875,5.707110264748875,0,Targeted Multi-Wave Downscalers (Iterative Restructuring)
Skyscanner,1,False,2020-07-14,2020-07-14,0,,,300.0,300.0,300.0,0.2,0.2,0.2,Travel,Travel & Transportation,Acquired,Acquired / Subsidiary,United Kingdom,Europe,197.2,5.289276621895888,5.707110264748875,5.707110264748875,1,Severe Single-Wave Resets (Deep Structural Cuts)
Slickdeals,1,False,2023-05-12,2023-05-12,0,,,79.0,79.0,79.0,0.33,0.33,0.33,Retail,Consumer & Retail,Unknown,Unspecified / Private,United States,North America,,5.159055299214529,4.382026634673881,4.382026634673881,1,Severe Single-Wave Resets (Deep Structural Cuts)
Slite,1,False,2023-03-23,2023-03-23,0,,,10.0,10.0,10.0,0.25,0.25,0.25,Other,Other / Diversified,Series A,Early Venture (Series A),France,Europe,15.0,2.772588722239781,2.3978952727983707,2.3978952727983707,1,Severe Single-Wave Resets (Deep Structural Cuts)
Smallcase,1,False,2023-03-21,2023-03-21,0,,,15.0,15.0,15.0,0.04,0.04,0.04,Finance,Fintech & Financial Services,Series C,Late Stage (Series C-D),India,Asia-Pacific,62.0,4.143134726391533,2.772588722239781,2.772588722239781,1,Severe Single-Wave Resets (Deep Structural Cuts)
SmartNews,1,False,2023-01-12,2023-01-12,0,,,120.0,120.0,120.0,0.4,0.4,0.4,Media,Marketing & Media,Series F,Growth Stage (Series E+),Japan,Asia-Pacific,410.0,6.018593214496234,4.795790545596741,4.795790545596741,1,Severe Single-Wave Resets (Deep Structural Cuts)
Smartsheet,3,True,2023-02-16,2026-02-04,1084,542.0,125.0,205.0,102.5,120.0,0.03,0.03,0.03,Other,Other / Diversified,Post-IPO,Public (Post-IPO),United States,North America,152.0,5.030437921392435,5.327876168789581,4.795790545596741,2,"Enterprise Mega-Downscalers (High Capitalization, Scaled Magnitude)"
Smashing,1,False,2025-04-16,2025-04-16,0,,,7.0,7.0,7.0,1.0,1.0,1.0,Consumer,Consumer & Retail,Seed,Early Stage (Seed),United States,North America,3.0,1.3862943611198906,2.0794415416798357,2.0794415416798357,0,Targeted Multi-Wave Downscalers (Iterative Restructuring)
Smava,2,True,2022-08-31,2022-11-02,63,63.0,63.0,200.0,100.0,100.0,0.125,0.125,0.15,Finance,Fintech & Financial Services,Unknown,Unspecified / Private,Germany,Europe,188.0,5.241747015059643,5.303304908059076,4.61512051684126,1,Severe Single-Wave Resets (Deep Structural Cuts)
Snap,5,True,2022-08-31,2026-04-15,1323,330.75,42.0,2970.0,594.0,1280.0,0.15333333333333335,0.16,0.2,Consumer,Consumer & Retail,Post-IPO,Public (Post-IPO),United States,North America,4900.0,8.497194544909547,7.9966538754626075,7.155396301896734,2,"Enterprise Mega-Downscalers (High Capitalization, Scaled Magnitude)"
Snappy,1,False,2023-01-15,2023-01-15,0,,,100.0,100.0,100.0,0.3,0.3,0.3,Marketing,Marketing & Media,Series C,Late Stage (Series C-D),United States,North America,104.0,4.653960350157523,4.61512051684126,4.61512051684126,1,Severe Single-Wave Resets (Deep Structural Cuts)
Snyk,4,True,2022-06-30,2026-06-24,1455,485.0,116.0,356.0,118.66666666666667,198.0,0.14,0.14,0.14,Security,Enterprise & Infrastructure,Series F,Growth Stage (Series E+),United States,North America,849.0,6.745236349484363,5.877735781779639,5.293304824724492,2,"Enterprise Mega-Downscalers (High Capitalization, Scaled Magnitude)"
SoFi,3,True,2020-05-20,2024-01-10,1330,665.0,345.0,112.0,112.0,112.0,0.05500000000000001,0.05500000000000001,0.07,Finance,Fintech & Financial Services,Post-IPO,Public (Post-IPO),United States,North America,3000.0,8.006700845440367,4.727387818712341,4.727387818712341,2,"Enterprise Mega-Downscalers (High Capitalization, Scaled Magnitude)"
Socure,2,True,2022-06-17,2023-01-05,202,202.0,202.0,173.0,86.5,104.0,0.16,0.16,0.19,Finance,Fintech & Financial Services,Series E,Growth Stage (Series E+),United States,North America,646.0,6.472346294500901,5.159055299214529,4.653960350157523,1,Severe Single-Wave Resets (Deep Structural Cuts)
Software AG,1,False,2023-01-31,2023-01-31,0,,,200.0,200.0,200.0,0.04,0.04,0.04,Data,Enterprise & Infrastructure,Post-IPO,Public (Post-IPO),Germany,Europe,344.0,5.84354441703136,5.303304908059076,5.303304908059076,1,Severe Single-Wave Resets (Deep Structural Cuts)
Sojern,2,True,2020-04-03,2023-12-13,1349,1349.0,1349.0,300.0,300.0,300.0,0.35,0.35,0.5,Marketing,Marketing & Media,Unknown,Unspecified / Private,United States,North America,172.0,5.153291594497779,5.707110264748875,5.707110264748875,2,"Enterprise Mega-Downscalers (High Capitalization, Scaled Magnitude)"
SolarEdge,4,True,2024-01-21,2025-01-06,351,117.0,40.0,2200.0,550.0,900.0,0.14,0.14,0.16,Energy,Other / Diversified,Post-IPO,Public (Post-IPO),Israel,Middle East,155.0,5.049856007249537,7.696667081526462,6.803505257608338,2,"Enterprise Mega-Downscalers (High Capitalization, Scaled Magnitude)"
Solarisbank,2,True,2022-09-29,2023-12-14,441,441.0,441.0,20.0,20.0,20.0,0.1,0.1,0.1,Finance,Fintech & Financial Services,Unknown,Unspecified / Private,Germany,Europe,385.0,5.955837369464831,3.044522437723423,3.044522437723423,1,Severe Single-Wave Resets (Deep Structural Cuts)
Soluto,1,False,2022-07-24,2022-07-24,0,,,120.0,120.0,120.0,1.0,1.0,1.0,Support,Enterprise & Infrastructure,Acquired,Acquired / Subsidiary,Israel,Middle East,18.0,2.9444389791664403,4.795790545596741,4.795790545596741,0,Targeted Multi-Wave Downscalers (Iterative Restructuring)
Sonatype,1,False,2023-05-09,2023-05-09,0,,,100.0,100.0,100.0,0.14,0.14,0.14,Security,Enterprise & Infrastructure,Acquired,Acquired / Subsidiary,United States,North America,154.0,5.043425116919247,4.61512051684126,4.61512051684126,1,Severe Single-Wave Resets (Deep Structural Cuts)
Sonder,6,True,2020-03-24,2025-11-10,2057,411.4,210.0,856.0,214.0,400.0,0.37,0.21,1.0,Travel,Travel & Transportation,Post-IPO,Public (Post-IPO),United States,North America,839.0,6.733401891837359,6.75343791859778,5.993961427306569,2,"Enterprise Mega-Downscalers (High Capitalization, Scaled Magnitude)"
SonderMind,2,True,2022-12-16,2024-01-16,396,396.0,396.0,49.0,49.0,49.0,0.16,0.16,0.17,Healthcare,Healthcare & BioTech,Series C,Late Stage (Series C-D),United States,North America,183.0,5.214935757608986,3.912023005428146,3.912023005428146,1,Severe Single-Wave Resets (Deep Structural Cuts)
Sonos,7,True,2020-06-24,2026-06-25,2192,365.3333333333333,85.0,604.0,151.0,200.0,0.08,0.07,0.12,Consumer,Consumer & Retail,Post-IPO,Public (Post-IPO),United States,North America,455.2,6.122931309850288,6.405228458030842,5.303304908059076,2,"Enterprise Mega-Downscalers (High Capitalization, Scaled Magnitude)"
Sony Interactive,1,False,2024-02-27,2024-02-27,0,,,900.0,900.0,900.0,0.08,0.08,0.08,Consumer,Consumer & Retail,Subsidiary,Unspecified / Private,United States,North America,,5.159055299214529,6.803505257608338,6.803505257608338,1,Severe Single-Wave Resets (Deep Structural Cuts)
Sophos,2,True,2023-01-18,2025-02-13,757,757.0,757.0,450.0,450.0,450.0,0.08,0.08,0.1,Security,Enterprise & Infrastructure,Acquired,Acquired / Subsidiary,United Kingdom,Europe,125.0,4.836281906951478,6.111467339502679,6.111467339502679,2,"Enterprise Mega-Downscalers (High Capitalization, Scaled Magnitude)"
Sorare,1,False,2024-03-06,2024-03-06,0,,,22.0,22.0,22.0,0.13,0.13,0.13,Crypto,Fintech & Financial Services,Series B,Expansion Stage (Series B),United States,North America,739.0,6.606650186198215,3.1354942159291497,3.1354942159291497,1,Severe Single-Wave Resets (Deep Structural Cuts)
SoundHound,2,True,2022-11-10,2023-01-05,56,56.0,56.0,245.0,122.5,200.0,0.3,0.3,0.5,Other,Other / Diversified,Post-IPO,Public (Post-IPO),United States,North America,326.0,5.7899601708972535,5.5053315359323625,5.303304908059076,1,Severe Single-Wave Resets (Deep Structural Cuts)
SoundThinking,2,True,2024-06-30,2026-03-31,639,639.0,639.0,15.0,15.0,15.0,0.03,0.03,0.03,Security,Enterprise & Infrastructure,Unknown,Unspecified / Private,United States,North America,68.0,4.23410650459726,2.772588722239781,2.772588722239781,1,Severe Single-Wave Resets (Deep Structural Cuts)
Sourcegraph,1,False,2022-06-21,2022-06-21,0,,,24.0,24.0,24.0,0.08,0.08,0.08,Product,Other / Diversified,Series D,Late Stage (Series C-D),United States,North America,248.0,5.517452896464707,3.2188758248682006,3.2188758248682006,1,Severe Single-Wave Resets (Deep Structural Cuts)
Spartan Poker,1,False,2023-08-19,2023-08-19,0,,,125.0,125.0,125.0,0.4,0.4,0.4,Consumer,Consumer & Retail,Unknown,Unspecified / Private,India,Asia-Pacific,,5.159055299214529,4.836281906951478,4.836281906951478,1,Severe Single-Wave Resets (Deep Structural Cuts)
Spin,2,True,2022-01-08,2022-09-30,265,265.0,265.0,78.0,78.0,78.0,0.175,0.175,0.25,Transportation,Travel & Transportation,Acquired,Acquired / Subsidiary,United States,North America,8.0,2.1972245773362196,4.3694478524670215,4.3694478524670215,1,Severe Single-Wave Resets (Deep Structural Cuts)
Spinny,1,False,2023-08-02,2023-08-02,0,,,300.0,300.0,300.0,0.05,0.05,0.05,Transportation,Travel & Transportation,Series E,Growth Stage (Series E+),India,Asia-Pacific,513.0,6.2422232654551655,5.707110264748875,5.707110264748875,1,Severe Single-Wave Resets (Deep Structural Cuts)
Splunk,3,True,2020-06-16,2023-11-01,1233,616.5,273.0,895.0,298.3333333333333,500.0,0.04,0.04,0.07,Data,Enterprise & Infrastructure,Post-IPO,Public (Post-IPO),United States,North America,2400.0,7.783640596221253,6.79794041297493,6.2166061010848646,2,"Enterprise Mega-Downscalers (High Capitalization, Scaled Magnitude)"
SpotHero,2,True,2020-03-24,2020-06-03,71,71.0,71.0,40.0,40.0,40.0,0.21,0.21,0.21,Transportation,Travel & Transportation,Series D,Late Stage (Series C-D),United States,North America,117.0,4.770684624465665,3.713572066704308,3.713572066704308,1,Severe Single-Wave Resets (Deep Structural Cuts)
Spotify,8,True,2022-10-06,2026-03-23,1264,180.57142857142858,34.0,2370.0,395.0,1500.0,0.08333333333333333,0.06,0.17,Media,Marketing & Media,Post-IPO,Public (Post-IPO),Sweden,Europe,2100.0,7.650168700845001,7.771067086065406,7.313886831633462,2,"Enterprise Mega-Downscalers (High Capitalization, Scaled Magnitude)"
Springbig,1,False,2022-12-01,2022-12-01,0,,,37.0,37.0,37.0,0.23,0.23,0.23,Sales,Professional Services,Post-IPO,Public (Post-IPO),United States,North America,32.0,3.4965075614664802,3.6375861597263857,3.6375861597263857,1,Severe Single-Wave Resets (Deep Structural Cuts)
Sprinklr,5,True,2020-06-25,2025-02-06,1687,421.75,238.0,766.0,191.5,500.0,0.07333333333333333,0.04,0.15,Support,Enterprise & Infrastructure,Post-IPO,Public (Post-IPO),United States,North America,429.0,6.063785208687608,6.642486801367256,6.2166061010848646,2,"Enterprise Mega-Downscalers (High Capitalization, Scaled Magnitude)"
Sprout Social,2,True,2024-11-25,2026-07-15,597,597.0,597.0,260.0,260.0,260.0,0.2,0.2,0.2,Marketing,Marketing & Media,Post-IPO,Public (Post-IPO),United States,North America,111.0,4.718498871295094,5.564520407322694,5.564520407322694,1,Severe Single-Wave Resets (Deep Structural Cuts)
Spyce,1,False,2020-04-08,2020-04-08,0,,,4.0,4.0,4.0,0.12,0.12,0.12,Food,Consumer & Retail,Series A,Early Venture (Series A),United States,North America,26.0,3.295836866004329,1.6094379124341003,1.6094379124341003,1,Severe Single-Wave Resets (Deep Structural Cuts)
Stack Overflow,3,True,2020-05-05,2023-10-16,1259,629.5,159.0,98.0,49.0,58.0,0.17666666666666667,0.15,0.28,Recruiting,Professional Services,Acquired,Acquired / Subsidiary,United States,North America,153.0,5.0369526024136295,4.59511985013459,4.07753744390572,2,"Enterprise Mega-Downscalers (High Capitalization, Scaled Magnitude)"
Staffbase,2,True,2023-06-02,2026-05-08,1071,1071.0,1071.0,266.0,133.0,176.0,0.22,0.22,0.22,Other,Other / Diversified,Series E,Growth Stage (Series E+),Germany,Europe,307.0,5.730099782973574,5.58724865840025,5.176149732573829,2,"Enterprise Mega-Downscalers (High Capitalization, Scaled Magnitude)"
Starry,2,True,2022-10-20,2023-01-18,90,90.0,90.0,100.0,100.0,100.0,0.37,0.37,0.5,Other,Other / Diversified,Post-IPO,Public (Post-IPO),United States,North America,260.0,5.564520407322694,4.61512051684126,4.61512051684126,1,Severe Single-Wave Resets (Deep Structural Cuts)
Stash,4,True,2022-12-06,2024-12-04,729,243.0,162.0,240.0,60.0,88.0,0.20750000000000002,0.175,0.4,Finance,Fintech & Financial Services,Unknown,Unspecified / Private,United States,North America,480.0,6.175867270105761,5.484796933490655,4.48863636973214,2,"Enterprise Mega-Downscalers (High Capitalization, Scaled Magnitude)"
Stash Financial,1,False,2022-06-30,2022-06-30,0,,,40.0,40.0,40.0,0.08,0.08,0.08,Finance,Fintech & Financial Services,Unknown,Unspecified / Private,United States,North America,480.0,6.175867270105761,3.713572066704308,3.713572066704308,1,Severe Single-Wave Resets (Deep Structural Cuts)
Stashaway,1,False,2022-06-09,2022-06-09,0,,,31.0,31.0,31.0,0.14,0.14,0.14,Finance,Fintech & Financial Services,Series D,Late Stage (Series C-D),Singapore,Asia-Pacific,61.0,4.127134385045092,3.4657359027997265,3.4657359027997265,1,Severe Single-Wave Resets (Deep Structural Cuts)
Stay Alfred,1,False,2020-05-20,2020-05-20,0,,,221.0,221.0,221.0,1.0,1.0,1.0,Travel,Travel & Transportation,Series B,Expansion Stage (Series B),United States,North America,62.0,4.143134726391533,5.402677381872279,5.402677381872279,0,Targeted Multi-Wave Downscalers (Iterative Restructuring)
Stedi,1,False,2022-08-02,2022-08-02,0,,,23.0,23.0,23.0,0.3,0.3,0.3,Product,Other / Diversified,Series B,Expansion Stage (Series B),United States,North America,75.0,4.330733340286331,3.1780538303479458,3.1780538303479458,1,Severe Single-Wave Resets (Deep Structural Cuts)
StellarAlgo,1,False,2023-10-19,2023-10-19,0,,,21.0,21.0,21.0,0.28,0.28,0.28,Data,Enterprise & Infrastructure,Series A,Early Venture (Series A),Canada,North America,16.0,2.833213344056216,3.091042453358316,3.091042453358316,1,Severe Single-Wave Resets (Deep Structural Cuts)
StepStone,1,False,2023-10-30,2023-10-30,0,,,215.0,215.0,215.0,0.05,0.05,0.05,Recruiting,Professional Services,Acquired,Acquired / Subsidiary,Germany,Europe,,5.159055299214529,5.375278407684165,5.375278407684165,1,Severe Single-Wave Resets (Deep Structural Cuts)
Stint,1,False,2022-07-19,2022-07-19,0,,,28.0,28.0,28.0,0.2,0.2,0.2,HR,Other / Diversified,Unknown,Unspecified / Private,United Kingdom,Europe,,5.159055299214529,3.367295829986474,3.367295829986474,1,Severe Single-Wave Resets (Deep Structural Cuts)
Stitch Fix,6,True,2020-06-01,2024-01-18,1326,265.2,89.0,2688.0,672.0,1400.0,0.17666666666666667,0.18,0.2,Retail,Consumer & Retail,Post-IPO,Public (Post-IPO),United States,North America,79.0,4.382026634673881,7.896924656268864,7.244941546337007,2,"Enterprise Mega-Downscalers (High Capitalization, Scaled Magnitude)"
Stoa,2,True,2023-07-20,2024-11-12,481,481.0,481.0,80.0,80.0,80.0,0.9,0.9,1.0,Education,EdTech & Learning,Seed,Early Stage (Seed),India,Asia-Pacific,,5.159055299214529,4.394449154672439,4.394449154672439,0,Targeted Multi-Wave Downscalers (Iterative Restructuring)
StockX,3,True,2020-04-23,2022-06-28,796,398.0,0.0,300.0,100.0,120.0,0.1,0.1,0.12,Retail,Consumer & Retail,Series E,Growth Stage (Series E+),United States,North America,690.0,6.53813982376767,5.707110264748875,4.795790545596741,2,"Enterprise Mega-Downscalers (High Capitalization, Scaled Magnitude)"
Stone,2,True,2020-05-12,2026-03-13,2131,2131.0,2131.0,1700.0,850.0,1300.0,0.115,0.115,0.2,Finance,Fintech & Financial Services,Post-IPO,Public (Post-IPO),Brazil,Latin America,521.0,6.257667587882639,7.438971592395862,7.170888478512505,2,"Enterprise Mega-Downscalers (High Capitalization, Scaled Magnitude)"
Stoqo,1,False,2020-04-25,2020-04-25,0,,,250.0,250.0,250.0,1.0,1.0,1.0,Food,Consumer & Retail,Series A,Early Venture (Series A),Indonesia,Asia-Pacific,,5.159055299214529,5.5254529391317835,5.5254529391317835,0,Targeted Multi-Wave Downscalers (Iterative Restructuring)
Stord,1,False,2022-06-02,2022-06-02,0,,,59.0,59.0,59.0,0.08,0.08,0.08,Logistics,Travel & Transportation,Series D,Late Stage (Series C-D),United States,North America,325.0,5.786897381366708,4.0943445622221,4.0943445622221,1,Severe Single-Wave Resets (Deep Structural Cuts)
Storytel,3,True,2022-03-17,2024-02-15,700,350.0,22.0,260.0,86.66666666666667,100.0,0.12,0.13,0.13,Consumer,Consumer & Retail,Post-IPO,Public (Post-IPO),Sweden,Europe,312.0,5.746203190540153,5.564520407322694,4.61512051684126,2,"Enterprise Mega-Downscalers (High Capitalization, Scaled Magnitude)"
Stream,1,False,2022-06-30,2022-06-30,0,,,20.0,20.0,20.0,0.12,0.12,0.12,Product,Other / Diversified,Series B,Expansion Stage (Series B),United States,North America,58.0,4.07753744390572,3.044522437723423,3.044522437723423,1,Severe Single-Wave Resets (Deep Structural Cuts)
StreamElements,3,True,2022-06-23,2023-08-17,420,210.0,201.0,100.0,50.0,60.0,0.25,0.2,0.35,Media,Marketing & Media,Series B,Expansion Stage (Series B),Israel,Middle East,111.0,4.718498871295094,4.61512051684126,4.110873864173311,1,Severe Single-Wave Resets (Deep Structural Cuts)
Stripe,4,True,2022-08-19,2025-01-21,886,295.3333333333333,76.0,1350.0,450.0,1000.0,0.085,0.085,0.14,Finance,Fintech & Financial Services,Series I,Growth Stage (Series E+),United States,North America,8700.0,9.071193240566025,7.208600337960199,6.90875477931522,2,"Enterprise Mega-Downscalers (High Capitalization, Scaled Magnitude)"
Studio,2,True,2022-06-13,2022-11-03,143,143.0,143.0,33.0,33.0,33.0,0.4,0.4,0.4,Education,EdTech & Learning,Series B,Expansion Stage (Series B),United States,North America,50.0,3.9318256327243257,3.5263605246161616,3.5263605246161616,1,Severe Single-Wave Resets (Deep Structural Cuts)
Stytch,1,False,2023-02-27,2023-02-27,0,,,19.0,19.0,19.0,0.25,0.25,0.25,Security,Enterprise & Infrastructure,Series B,Expansion Stage (Series B),United States,North America,126.0,4.844187086458591,2.995732273553991,2.995732273553991,1,Severe Single-Wave Resets (Deep Structural Cuts)
Submittable,2,True,2020-04-25,2024-08-08,1566,1566.0,1566.0,70.0,35.0,40.0,0.2,0.2,0.2,Other,Other / Diversified,Unknown,Unspecified / Private,United States,North America,115.0,4.7535901911063645,4.2626798770413155,3.713572066704308,2,"Enterprise Mega-Downscalers (High Capitalization, Scaled Magnitude)"
Substack,1,False,2022-06-29,2022-06-29,0,,,13.0,13.0,13.0,0.14,0.14,0.14,Media,Marketing & Media,Series B,Expansion Stage (Series B),United States,North America,82.0,4.418840607796598,2.6390573296152584,2.6390573296152584,1,Severe Single-Wave Resets (Deep Structural Cuts)
SumUp,2,True,2021-05-05,2022-05-30,390,390.0,390.0,100.0,100.0,100.0,0.03,0.03,0.03,Finance,Fintech & Financial Services,Unknown,Unspecified / Private,Brazil,Latin America,53.0,3.9889840465642745,4.61512051684126,4.61512051684126,1,Severe Single-Wave Resets (Deep Structural Cuts)
SummerBio,1,False,2022-06-20,2022-06-20,0,,,101.0,101.0,101.0,1.0,1.0,1.0,Healthcare,Healthcare & BioTech,Unknown,Unspecified / Private,United States,North America,7.0,2.0794415416798357,4.624972813284271,4.624972813284271,0,Targeted Multi-Wave Downscalers (Iterative Restructuring)
Sunday,1,False,2022-06-24,2022-06-24,0,,,90.0,90.0,90.0,0.23,0.23,0.23,Finance,Fintech & Financial Services,Series A,Early Venture (Series A),United States,North America,124.0,4.8283137373023015,4.51085950651685,4.51085950651685,1,Severe Single-Wave Resets (Deep Structural Cuts)
SundaySky,1,False,2022-07-11,2022-07-11,0,,,24.0,24.0,24.0,0.13,0.13,0.13,Marketing,Marketing & Media,Series D,Late Stage (Series C-D),United States,North America,74.0,4.31748811353631,3.2188758248682006,3.2188758248682006,1,Severe Single-Wave Resets (Deep Structural Cuts)
SuperOps,1,False,2026-04-24,2026-04-24,0,,,60.0,60.0,60.0,0.3,0.3,0.3,Other,Other / Diversified,Series C,Late Stage (Series C-D),India,Asia-Pacific,54.0,4.007333185232471,4.110873864173311,4.110873864173311,1,Severe Single-Wave Resets (Deep Structural Cuts)
Superhuman,1,False,2022-06-03,2022-06-03,0,,,23.0,23.0,23.0,0.22,0.22,0.22,Consumer,Consumer & Retail,Series C,Late Stage (Series C-D),United States,North America,108.0,4.6913478822291435,3.1780538303479458,3.1780538303479458,1,Severe Single-Wave Resets (Deep Structural Cuts)
Supernal,1,False,2026-03-04,2026-03-04,0,,,296.0,296.0,296.0,0.8,0.8,0.8,Transportation,Travel & Transportation,Unknown,Unspecified / Private,United States,North America,,5.159055299214529,5.6937321388027,5.6937321388027,0,Targeted Multi-Wave Downscalers (Iterative Restructuring)
Superpedestrian,2,True,2022-06-22,2023-12-15,541,541.0,541.0,35.0,35.0,35.0,0.07,0.07,0.07,Transportation,Travel & Transportation,Series C,Late Stage (Series C-D),United States,North America,262.0,5.572154032177765,3.58351893845611,3.58351893845611,1,Severe Single-Wave Resets (Deep Structural Cuts)
SurveyMonkey,2,True,2022-10-10,2023-02-15,128,128.0,128.0,180.0,180.0,180.0,0.125,0.125,0.14,Marketing,Marketing & Media,Post-IPO,Public (Post-IPO),United States,North America,1100.0,7.00397413672268,5.198497031265826,5.198497031265826,1,Severe Single-Wave Resets (Deep Structural Cuts)
Swappie,1,False,2022-06-15,2022-06-15,0,,,250.0,250.0,250.0,0.17,0.17,0.17,Retail,Consumer & Retail,Series C,Late Stage (Series C-D),Finland,Europe,169.0,5.135798437050262,5.5254529391317835,5.5254529391317835,1,Severe Single-Wave Resets (Deep Structural Cuts)
Sweetgreen,2,True,2020-04-17,2022-08-09,844,844.0,844.0,35.0,35.0,35.0,0.1,0.1,0.1,Food,Consumer & Retail,Post-IPO,Public (Post-IPO),United States,North America,478.0,6.171700597410915,3.58351893845611,3.58351893845611,1,Severe Single-Wave Resets (Deep Structural Cuts)
Swiggy,6,True,2020-04-21,2024-01-25,1374,274.8,27.0,3280.0,546.6666666666666,1100.0,0.07,0.06,0.14,Food,Consumer & Retail,Unknown,Unspecified / Private,India,Asia-Pacific,3600.0,8.188966863648876,8.0959035329611,7.00397413672268,2,"Enterprise Mega-Downscalers (High Capitalization, Scaled Magnitude)"
Swyft,1,False,2022-06-15,2022-06-15,0,,,10.0,10.0,10.0,0.3,0.3,0.3,Logistics,Travel & Transportation,Series A,Early Venture (Series A),Canada,North America,20.0,3.044522437723423,2.3978952727983707,2.3978952727983707,1,Severe Single-Wave Resets (Deep Structural Cuts)
Swyftx,3,True,2022-08-17,2026-04-15,1337,668.5,110.0,201.0,67.0,90.0,0.25333333333333335,0.21,0.4,Crypto,Fintech & Financial Services,Unknown,Unspecified / Private,Australia,Asia-Pacific,,5.159055299214529,5.308267697401205,4.51085950651685,2,"Enterprise Mega-Downscalers (High Capitalization, Scaled Magnitude)"
Syft Technologies,1,False,2023-02-10,2023-02-10,0,,,30.0,30.0,30.0,0.2,0.2,0.2,Manufacturing,Hardware & Manufacturing,Private Equity,Private Equity Owned,New Zealand,Asia-Pacific,,5.159055299214529,3.4339872044851463,3.4339872044851463,1,Severe Single-Wave Resets (Deep Structural Cuts)
Symend,3,True,2022-11-17,2024-05-10,540,270.0,120.0,50.0,50.0,50.0,0.19,0.19,0.25,Other,Other / Diversified,Series C,Late Stage (Series C-D),Canada,North America,148.0,5.003946305945459,3.9318256327243257,3.9318256327243257,1,Severe Single-Wave Resets (Deep Structural Cuts)
Synamedia,1,False,2023-02-22,2023-02-22,0,,,200.0,200.0,200.0,0.12,0.12,0.12,Media,Marketing & Media,Unknown,Unspecified / Private,United Kingdom,Europe,,5.159055299214529,5.303304908059076,5.303304908059076,1,Severe Single-Wave Resets (Deep Structural Cuts)
Synapse,2,True,2023-06-14,2023-10-02,110,110.0,110.0,86.0,86.0,86.0,0.29000000000000004,0.29000000000000004,0.4,Finance,Fintech & Financial Services,Series B,Expansion Stage (Series B),United States,North America,50.0,3.9318256327243257,4.465908118654584,4.465908118654584,1,Severe Single-Wave Resets (Deep Structural Cuts)
SynapseFI,1,False,2020-06-12,2020-06-12,0,,,63.0,63.0,63.0,0.48,0.48,0.48,Finance,Fintech & Financial Services,Series B,Expansion Stage (Series B),United States,North America,50.0,3.9318256327243257,4.1588830833596715,4.1588830833596715,1,Severe Single-Wave Resets (Deep Structural Cuts)
Synapsica,1,False,2022-10-21,2022-10-21,0,,,30.0,30.0,30.0,0.3,0.3,0.3,Healthcare,Healthcare & BioTech,Series A,Early Venture (Series A),India,Asia-Pacific,4.0,1.6094379124341003,3.4339872044851463,3.4339872044851463,1,Severe Single-Wave Resets (Deep Structural Cuts)
Synctera,1,False,2024-03-26,2024-03-26,0,,,17.0,17.0,17.0,0.15,0.15,0.15,Finance,Fintech & Financial Services,Series A,Early Venture (Series A),United States,North America,79.0,4.382026634673881,2.8903717578961645,2.8903717578961645,1,Severe Single-Wave Resets (Deep Structural Cuts)
Synergysuite,1,False,2020-04-02,2020-04-02,0,,,5.0,5.0,5.0,0.07,0.07,0.07,Food,Consumer & Retail,Series A,Early Venture (Series A),United States,North America,6.0,1.9459101490553132,1.791759469228055,1.791759469228055,1,Severe Single-Wave Resets (Deep Structural Cuts)
Synopsys,3,True,2023-01-27,2026-09-01,1313,656.5,293.0,2228.0,742.6666666666666,2000.0,0.1,0.1,0.1,Other,Other / Diversified,Post-IPO,Public (Post-IPO),United States,North America,,5.159055299214529,7.709308333385869,7.601402334583733,2,"Enterprise Mega-Downscalers (High Capitalization, Scaled Magnitude)"
Synthego,1,False,2022-11-18,2022-11-18,0,,,105.0,105.0,105.0,0.2,0.2,0.2,Healthcare,Healthcare & BioTech,Series E,Growth Stage (Series E+),United States,North America,459.0,6.131226489483141,4.663439094112067,4.663439094112067,1,Severe Single-Wave Resets (Deep Structural Cuts)
Syte,1,False,2022-07-05,2022-07-05,0,,,13.0,13.0,13.0,0.08,0.08,0.08,Retail,Consumer & Retail,Series C,Late Stage (Series C-D),Israel,Middle East,71.0,4.276666119016055,2.6390573296152584,2.6390573296152584,1,Severe Single-Wave Resets (Deep Structural Cuts)
TADA,1,False,2023-06-15,2023-06-15,0,,,45.0,45.0,45.0,0.6,0.6,0.6,Transportation,Travel & Transportation,Subsidiary,Unspecified / Private,South Korea,Asia-Pacific,,5.159055299214529,3.828641396489095,3.828641396489095,0,Targeted Multi-Wave Downscalers (Iterative Restructuring)
TCR2,2,True,2022-08-31,2023-01-05,127,127.0,127.0,30.0,30.0,30.0,0.30000000000000004,0.30000000000000004,0.4,Healthcare,Healthcare & BioTech,Post-IPO,Public (Post-IPO),United States,North America,173.0,5.159055299214529,3.4339872044851463,3.4339872044851463,1,Severe Single-Wave Resets (Deep Structural Cuts)
TIFIN,1,False,2022-06-14,2022-06-14,0,,,24.0,24.0,24.0,0.1,0.1,0.1,Crypto,Fintech & Financial Services,Series D,Late Stage (Series C-D),United States,North America,204.0,5.3230099791384085,3.2188758248682006,3.2188758248682006,1,Severe Single-Wave Resets (Deep Structural Cuts)
TRM Labs,1,False,2023-04-18,2023-04-18,0,,,16.0,16.0,16.0,0.09,0.09,0.09,Crypto,Fintech & Financial Services,Series B,Expansion Stage (Series B),United States,North America,149.0,5.0106352940962555,2.833213344056216,2.833213344056216,1,Severe Single-Wave Resets (Deep Structural Cuts)
Tabnine,1,False,2025-02-05,2025-02-05,0,,,15.0,15.0,15.0,0.18,0.18,0.18,AI,Other / Diversified,Series B,Expansion Stage (Series B),Israel,Middle East,57.0,4.060443010546419,2.772588722239781,2.772588722239781,1,Severe Single-Wave Resets (Deep Structural Cuts)
Taboola,2,True,2022-09-13,2026-04-15,1310,1310.0,1310.0,200.0,100.0,100.0,0.055,0.055,0.06,Marketing,Marketing & Media,Post-IPO,Public (Post-IPO),United States,North America,445.0,6.100318952020064,5.303304908059076,4.61512051684126,2,"Enterprise Mega-Downscalers (High Capitalization, Scaled Magnitude)"
Tails.com,1,False,2024-02-20,2024-02-20,0,,,55.0,55.0,55.0,0.25,0.25,0.25,Retail,Consumer & Retail,Series A,Early Venture (Series A),United Kingdom,Europe,5.0,1.791759469228055,4.02535169073515,4.02535169073515,1,Severe Single-Wave Resets (Deep Structural Cuts)
Take-Two,1,False,2024-04-16,2024-04-16,0,,,579.0,579.0,579.0,0.05,0.05,0.05,Consumer,Consumer & Retail,Post-IPO,Public (Post-IPO),United States,North America,4100.0,8.31898612539206,6.363028103540465,6.363028103540465,1,Severe Single-Wave Resets (Deep Structural Cuts)
Talent.com,2,True,2023-04-05,2023-09-05,153,153.0,153.0,86.0,86.0,86.0,0.18,0.18,0.18,Recruiting,Professional Services,Series B,Expansion Stage (Series B),Canada,North America,150.0,5.017279836814924,4.465908118654584,4.465908118654584,1,Severe Single-Wave Resets (Deep Structural Cuts)
Tally,2,True,2020-05-07,2024-08-12,1558,1558.0,1558.0,28.0,28.0,28.0,0.615,0.615,1.0,Finance,Fintech & Financial Services,Series C,Late Stage (Series C-D),United States,North America,172.0,5.153291594497779,3.367295829986474,3.367295829986474,0,Targeted Multi-Wave Downscalers (Iterative Restructuring)
Tamara Mellon,1,False,2020-03-12,2020-03-12,0,,,20.0,20.0,20.0,0.4,0.4,0.4,Retail,Consumer & Retail,Series C,Late Stage (Series C-D),United States,North America,90.0,4.51085950651685,3.044522437723423,3.044522437723423,1,Severe Single-Wave Resets (Deep Structural Cuts)
TaskUs,2,True,2022-06-21,2023-02-22,246,246.0,246.0,238.0,119.0,186.0,0.0,0.0,0.0,Support,Enterprise & Infrastructure,Post-IPO,Public (Post-IPO),United States,North America,279.0,5.634789603169249,5.476463551931511,5.231108616854587,1,Severe Single-Wave Resets (Deep Structural Cuts)
TaxBit,2,True,2022-12-13,2023-06-11,180,180.0,180.0,80.0,80.0,80.0,0.4,0.4,0.4,Crypto,Fintech & Financial Services,Unknown,Unspecified / Private,United States,North America,253.0,5.537334267018537,4.394449154672439,4.394449154672439,1,Severe Single-Wave Resets (Deep Structural Cuts)
Taxfix,1,False,2023-05-30,2023-05-30,0,,,120.0,120.0,120.0,0.2,0.2,0.2,Finance,Fintech & Financial Services,Series D,Late Stage (Series C-D),Germany,Europe,330.0,5.802118375377063,4.795790545596741,4.795790545596741,1,Severe Single-Wave Resets (Deep Structural Cuts)
Teachmint,2,True,2022-11-30,2023-05-05,156,156.0,156.0,115.0,57.5,70.0,0.05,0.05,0.05,Education,EdTech & Learning,Series B,Expansion Stage (Series B),India,Asia-Pacific,118.0,4.77912349311153,4.7535901911063645,4.2626798770413155,1,Severe Single-Wave Resets (Deep Structural Cuts)
Teads,1,False,2025-12-04,2025-12-04,0,,,180.0,180.0,180.0,0.1,0.1,0.1,Marketing,Marketing & Media,Unknown,Unspecified / Private,United States,North America,123.0,4.820281565605037,5.198497031265826,5.198497031265826,1,Severe Single-Wave Resets (Deep Structural Cuts)
TealBook,1,False,2022-11-17,2022-11-17,0,,,34.0,34.0,34.0,0.19,0.19,0.19,Other,Other / Diversified,Series B,Expansion Stage (Series B),Canada,North America,73.0,4.30406509320417,3.5553480614894135,3.5553480614894135,1,Severe Single-Wave Resets (Deep Structural Cuts)
Teampay,1,False,2023-04-26,2023-04-26,0,,,30.0,30.0,30.0,0.33,0.33,0.33,Finance,Fintech & Financial Services,Series B,Expansion Stage (Series B),United States,North America,79.0,4.382026634673881,3.4339872044851463,3.4339872044851463,1,Severe Single-Wave Resets (Deep Structural Cuts)
TechTarget,1,False,2022-12-08,2022-12-08,0,,,60.0,60.0,60.0,0.05,0.05,0.05,Marketing,Marketing & Media,Post-IPO,Public (Post-IPO),United States,North America,115.0,4.7535901911063645,4.110873864173311,4.110873864173311,1,Severe Single-Wave Resets (Deep Structural Cuts)
Tekion,1,False,2023-08-02,2023-08-02,0,,,300.0,300.0,300.0,0.1,0.1,0.1,Other,Other / Diversified,Series D,Late Stage (Series C-D),India,Asia-Pacific,435.0,6.077642243349034,5.707110264748875,5.707110264748875,1,Severe Single-Wave Resets (Deep Structural Cuts)
Teladoc Health,1,False,2023-01-18,2023-01-18,0,,,300.0,300.0,300.0,0.06,0.06,0.06,Healthcare,Healthcare & BioTech,Post-IPO,Public (Post-IPO),United States,North America,172.0,5.153291594497779,5.707110264748875,5.707110264748875,1,Severe Single-Wave Resets (Deep Structural Cuts)
Teleport,1,False,2022-07-01,2022-07-01,0,,,15.0,15.0,15.0,0.06,0.06,0.06,Infrastructure,Enterprise & Infrastructure,Series C,Late Stage (Series C-D),United States,North America,169.0,5.135798437050262,2.772588722239781,2.772588722239781,1,Severe Single-Wave Resets (Deep Structural Cuts)
Ten Square Games,1,False,2023-04-17,2023-04-17,0,,,120.0,120.0,120.0,0.25,0.25,0.25,Consumer,Consumer & Retail,Seed,Early Stage (Seed),Poland,Other / International,,5.159055299214529,4.795790545596741,4.795790545596741,1,Severe Single-Wave Resets (Deep Structural Cuts)
Tenstorrent,1,False,2025-12-09,2025-12-09,0,,,80.0,80.0,80.0,0.07,0.07,0.07,Hardware,Hardware & Manufacturing,Series D,Late Stage (Series C-D),Canada,North America,1000.0,6.90875477931522,4.394449154672439,4.394449154672439,1,Severe Single-Wave Resets (Deep Structural Cuts)
Tesla,3,True,2022-06-03,2024-04-30,697,348.5,15.0,14500.0,7250.0,14000.0,0.1,0.1,0.1,Transportation,Travel & Transportation,Post-IPO,Public (Post-IPO),United States,North America,20200.0,9.913487387114461,9.581972891547895,9.546884034617925,2,"Enterprise Mega-Downscalers (High Capitalization, Scaled Magnitude)"
Textio,4,True,2020-03-27,2025-01-15,1755,585.0,307.0,74.0,18.5,30.0,0.16,0.16,0.2,Recruiting,Professional Services,Unknown,Unspecified / Private,United States,North America,42.0,3.7612001156935624,4.31748811353631,3.4339872044851463,2,"Enterprise Mega-Downscalers (High Capitalization, Scaled Magnitude)"
The Athletic,1,False,2020-06-05,2020-06-05,0,,,46.0,46.0,46.0,0.08,0.08,0.08,Media,Marketing & Media,Series D,Late Stage (Series C-D),United States,North America,139.0,4.941642422609304,3.8501476017100584,3.8501476017100584,1,Severe Single-Wave Resets (Deep Structural Cuts)
The Good Glamm Group,1,False,2024-04-18,2024-04-18,0,,,150.0,150.0,150.0,0.15,0.15,0.15,Retail,Consumer & Retail,Unknown,Unspecified / Private,India,Asia-Pacific,180.0,5.198497031265826,5.017279836814924,5.017279836814924,1,Severe Single-Wave Resets (Deep Structural Cuts)
The Grommet,1,False,2022-06-09,2022-06-09,0,,,40.0,40.0,40.0,1.0,1.0,1.0,Retail,Consumer & Retail,Acquired,Acquired / Subsidiary,United States,North America,5.0,1.791759469228055,3.713572066704308,3.713572066704308,0,Targeted Multi-Wave Downscalers (Iterative Restructuring)
The Guild,1,False,2020-03-23,2020-03-23,0,,,38.0,38.0,38.0,0.22,0.22,0.22,Travel,Travel & Transportation,Series B,Expansion Stage (Series B),United States,North America,36.0,3.6109179126442243,3.6635616461296463,3.6635616461296463,1,Severe Single-Wave Resets (Deep Structural Cuts)
The Iconic,1,False,2023-02-23,2023-02-23,0,,,69.0,69.0,69.0,0.06,0.06,0.06,Retail,Consumer & Retail,Unknown,Unspecified / Private,Australia,Asia-Pacific,,5.159055299214529,4.248495242049359,4.248495242049359,1,Severe Single-Wave Resets (Deep Structural Cuts)
The Messenger,2,True,2024-01-02,2024-01-31,29,29.0,29.0,24.0,24.0,24.0,1.0,1.0,1.0,Media,Marketing & Media,Unknown,Unspecified / Private,United States,North America,,5.159055299214529,3.2188758248682006,3.2188758248682006,0,Targeted Multi-Wave Downscalers (Iterative Restructuring)
The Mom Project,1,False,2022-07-14,2022-07-14,0,,,54.0,54.0,54.0,0.15,0.15,0.15,HR,Other / Diversified,Series C,Late Stage (Series C-D),United States,North America,115.0,4.7535901911063645,4.007333185232471,4.007333185232471,1,Severe Single-Wave Resets (Deep Structural Cuts)
The Predictive Index,2,True,2020-04-02,2022-08-02,852,852.0,852.0,99.0,49.5,59.0,0.25,0.25,0.25,HR,Other / Diversified,Acquired,Acquired / Subsidiary,United States,North America,71.0,4.276666119016055,4.605170185988092,4.0943445622221,1,Severe Single-Wave Resets (Deep Structural Cuts)
The RealReal,2,True,2020-04-14,2023-02-16,1038,1038.0,1038.0,465.0,232.5,235.0,0.085,0.085,0.1,Retail,Consumer & Retail,Post-IPO,Public (Post-IPO),United States,North America,358.0,5.883322388488279,6.144185634125646,5.4638318050256105,2,"Enterprise Mega-Downscalers (High Capitalization, Scaled Magnitude)"
The Sill,1,False,2020-05-28,2020-05-28,0,,,20.0,20.0,20.0,0.25,0.25,0.25,Retail,Consumer & Retail,Series A,Early Venture (Series A),United States,North America,7.0,2.0794415416798357,3.044522437723423,3.044522437723423,1,Severe Single-Wave Resets (Deep Structural Cuts)
The Trade Desk,2,True,2025-12-17,2026-09-03,260,260.0,260.0,585.0,585.0,585.0,0.15,0.15,0.15,Marketing,Marketing & Media,Post-IPO,Public (Post-IPO),United States,North America,257.0,5.552959584921617,6.373319789577012,6.373319789577012,2,"Enterprise Mega-Downscalers (High Capitalization, Scaled Magnitude)"
The Wing,3,True,2020-04-03,2022-08-31,880,440.0,89.0,56.0,56.0,56.0,0.75,0.75,1.0,Real Estate,Real Estate & PropTech,Series C,Late Stage (Series C-D),United States,North America,117.0,4.770684624465665,4.04305126783455,4.04305126783455,0,Targeted Multi-Wave Downscalers (Iterative Restructuring)
TheSkimm,3,True,2020-05-01,2023-05-03,1097,548.5,91.0,65.0,21.666666666666668,26.0,0.14333333333333334,0.13,0.2,Media,Marketing & Media,Series C,Late Stage (Series C-D),United States,North America,28.0,3.367295829986474,4.189654742026425,3.295836866004329,2,"Enterprise Mega-Downscalers (High Capitalization, Scaled Magnitude)"
Thimble,1,False,2022-07-05,2022-07-05,0,,,20.0,20.0,20.0,0.33,0.33,0.33,Finance,Fintech & Financial Services,Series A,Early Venture (Series A),United States,North America,28.0,3.367295829986474,3.044522437723423,3.044522437723423,1,Severe Single-Wave Resets (Deep Structural Cuts)
Thinkific,3,True,2022-03-29,2023-01-10,287,143.5,36.0,176.0,88.0,100.0,0.195,0.195,0.2,Education,EdTech & Learning,Post-IPO,Public (Post-IPO),Canada,North America,22.0,3.1354942159291497,5.176149732573829,4.61512051684126,1,Severe Single-Wave Resets (Deep Structural Cuts)
ThirdLove,2,True,2020-03-27,2020-04-02,6,6.0,6.0,75.0,37.5,65.0,0.3,0.3,0.3,Retail,Consumer & Retail,Series B,Expansion Stage (Series B),United States,North America,68.0,4.23410650459726,4.330733340286331,4.189654742026425,1,Severe Single-Wave Resets (Deep Structural Cuts)
Thirty Madison,2,True,2022-05-14,2022-08-18,96,96.0,96.0,24.0,24.0,24.0,0.1,0.1,0.1,Healthcare,Healthcare & BioTech,Series C,Late Stage (Series C-D),United States,North America,209.0,5.3471075307174685,3.2188758248682006,3.2188758248682006,1,Severe Single-Wave Resets (Deep Structural Cuts)
Thoughtworks,2,True,2023-03-01,2023-08-08,160,160.0,160.0,1079.0,539.5,579.0,0.045,0.045,0.05,Other,Other / Diversified,Post-IPO,Public (Post-IPO),United States,North America,748.0,6.618738983517219,6.984716320118266,6.363028103540465,2,"Enterprise Mega-Downscalers (High Capitalization, Scaled Magnitude)"
Thread,1,False,2022-11-30,2022-11-30,0,,,30.0,30.0,30.0,0.5,0.5,0.5,Retail,Consumer & Retail,Acquired,Acquired / Subsidiary,United Kingdom,Europe,40.0,3.713572066704308,3.4339872044851463,3.4339872044851463,0,Targeted Multi-Wave Downscalers (Iterative Restructuring)
ThredUp,2,True,2021-02-09,2022-08-15,552,552.0,552.0,243.0,243.0,243.0,0.15,0.15,0.15,Retail,Consumer & Retail,Post-IPO,Public (Post-IPO),United States,North America,305.0,5.723585101952381,5.497168225293202,5.497168225293202,2,"Enterprise Mega-Downscalers (High Capitalization, Scaled Magnitude)"
Thriver,1,False,2020-08-06,2020-08-06,0,,,75.0,75.0,75.0,0.5,0.5,0.5,Food,Consumer & Retail,Series B,Expansion Stage (Series B),Canada,North America,53.0,3.9889840465642745,4.330733340286331,4.330733340286331,0,Targeted Multi-Wave Downscalers (Iterative Restructuring)
Thumbtack,2,True,2020-03-30,2022-12-13,988,988.0,988.0,410.0,205.0,250.0,0.22,0.22,0.3,Consumer,Consumer & Retail,Series I,Growth Stage (Series E+),United States,North America,698.0,6.54965074223381,6.018593214496234,5.5254529391317835,2,"Enterprise Mega-Downscalers (High Capitalization, Scaled Magnitude)"
Tickertape,1,False,2023-04-27,2023-04-27,0,,,29.0,29.0,29.0,0.29,0.29,0.29,Finance,Fintech & Financial Services,Seed,Early Stage (Seed),India,Asia-Pacific,5.0,1.791759469228055,3.4011973816621555,3.4011973816621555,1,Severe Single-Wave Resets (Deep Structural Cuts)
Ticketmaster,1,False,2026-05-07,2026-05-07,0,,,350.0,350.0,350.0,0.08,0.08,0.08,Consumer,Consumer & Retail,Acquired,Acquired / Subsidiary,United States,North America,,5.159055299214529,5.860786223465865,5.860786223465865,1,Severe Single-Wave Resets (Deep Structural Cuts)
Tidal,2,True,2023-12-06,2024-10-31,330,330.0,330.0,40.0,40.0,40.0,0.1,0.1,0.1,Consumer,Consumer & Retail,Acquired,Acquired / Subsidiary,United States,North America,,5.159055299214529,3.713572066704308,3.713572066704308,1,Severe Single-Wave Resets (Deep Structural Cuts)
Tidepool,1,False,2020-11-17,2020-11-17,0,,,18.0,18.0,18.0,0.4,0.4,0.4,Healthcare,Healthcare & BioTech,Unknown,Unspecified / Private,United States,North America,,5.159055299214529,2.9444389791664403,2.9444389791664403,1,Severe Single-Wave Resets (Deep Structural Cuts)
Tiendanube,1,False,2022-10-17,2022-10-17,0,,,50.0,50.0,50.0,0.05,0.05,0.05,Marketing,Marketing & Media,Unknown,Unspecified / Private,Argentina,Latin America,,5.159055299214529,3.9318256327243257,3.9318256327243257,1,Severe Single-Wave Resets (Deep Structural Cuts)
Tier Mobility,3,True,2022-08-23,2023-11-28,462,231.0,155.0,260.0,130.0,180.0,0.15,0.16,0.22,Transportation,Travel & Transportation,Series D,Late Stage (Series C-D),Germany,Europe,646.0,6.472346294500901,5.564520407322694,5.198497031265826,2,"Enterprise Mega-Downscalers (High Capitalization, Scaled Magnitude)"
Tilia,1,False,2023-07-19,2023-07-19,0,,,28.0,28.0,28.0,0.32,0.32,0.32,Finance,Fintech & Financial Services,Unknown,Unspecified / Private,United States,North America,32.0,3.4965075614664802,3.367295829986474,3.367295829986474,1,Severe Single-Wave Resets (Deep Structural Cuts)
Tilting Point,1,False,2023-01-31,2023-01-31,0,,,60.0,60.0,60.0,0.14,0.14,0.14,Consumer,Consumer & Retail,Unknown,Unspecified / Private,United States,North America,235.0,5.4638318050256105,4.110873864173311,4.110873864173311,1,Severe Single-Wave Resets (Deep Structural Cuts)
Times Internet,1,False,2023-08-18,2023-08-18,0,,,100.0,100.0,100.0,0.05,0.05,0.05,Media,Marketing & Media,Subsidiary,Unspecified / Private,India,Asia-Pacific,,5.159055299214529,4.61512051684126,4.61512051684126,1,Severe Single-Wave Resets (Deep Structural Cuts)
Tipalti,3,True,2023-01-11,2026-01-15,1100,550.0,175.0,223.0,111.5,123.0,0.11,0.11,0.11,Finance,Fintech & Financial Services,Series F,Growth Stage (Series E+),United States,North America,565.0,6.338594078203183,5.4116460518550396,4.820281565605037,2,"Enterprise Mega-Downscalers (High Capitalization, Scaled Magnitude)"
Titan Medical,1,False,2023-02-10,2023-02-10,0,,,48.0,48.0,48.0,0.72,0.72,0.72,Healthcare,Healthcare & BioTech,Post-IPO,Public (Post-IPO),Canada,North America,278.0,5.631211781821365,3.8918202981106265,3.8918202981106265,0,Targeted Multi-Wave Downscalers (Iterative Restructuring)
Toast,2,True,2020-04-07,2024-02-15,1409,1409.0,1409.0,1850.0,925.0,1300.0,0.3,0.3,0.5,Food,Consumer & Retail,Post-IPO,Public (Post-IPO),United States,North America,962.0,6.870053411798126,7.523481312573497,7.170888478512505,2,"Enterprise Mega-Downscalers (High Capitalization, Scaled Magnitude)"
TomTom,3,True,2022-06-01,2025-06-30,1125,562.5,559.0,845.0,281.6666666666667,500.0,0.1,0.1,0.1,Other,Other / Diversified,Post-IPO,Public (Post-IPO),Netherlands,Europe,430.0,6.066108090103747,6.740519359606223,6.2166061010848646,2,"Enterprise Mega-Downscalers (High Capitalization, Scaled Magnitude)"
Tome,2,True,2024-04-16,2024-10-02,169,169.0,169.0,24.0,12.0,12.0,0.28,0.28,0.31,Sales,Professional Services,Series B,Expansion Stage (Series B),United States,North America,75.0,4.330733340286331,3.2188758248682006,2.5649493574615367,1,Severe Single-Wave Resets (Deep Structural Cuts)
Tome Biosciences,1,False,2024-08-26,2024-08-26,0,,,131.0,131.0,131.0,1.0,1.0,1.0,Healthcare,Healthcare & BioTech,Series A,Early Venture (Series A),United States,North America,213.0,5.365976015021851,4.882801922586371,4.882801922586371,0,Targeted Multi-Wave Downscalers (Iterative Restructuring)
Tomo,1,False,2022-05-31,2022-05-31,0,,,44.0,44.0,44.0,0.33,0.33,0.33,Finance,Fintech & Financial Services,Series A,Early Venture (Series A),United States,North America,110.0,4.709530201312334,3.8066624897703196,3.8066624897703196,1,Severe Single-Wave Resets (Deep Structural Cuts)
Tomorrow,2,True,2022-12-16,2025-04-28,864,864.0,864.0,30.0,30.0,30.0,0.625,0.625,1.0,Hardware,Hardware & Manufacturing,Unknown,Unspecified / Private,United States,North America,29.0,3.4011973816621555,3.4339872044851463,3.4339872044851463,0,Targeted Multi-Wave Downscalers (Iterative Restructuring)
Tonal,1,False,2022-07-13,2022-07-13,0,,,262.0,262.0,262.0,0.35,0.35,0.35,Fitness,Other / Diversified,Series E,Growth Stage (Series E+),United States,North America,450.0,6.111467339502679,5.572154032177765,5.572154032177765,1,Severe Single-Wave Resets (Deep Structural Cuts)
Tonkean,1,False,2022-06-15,2022-06-15,0,,,23.0,23.0,23.0,0.23,0.23,0.23,Other,Other / Diversified,Series B,Expansion Stage (Series B),United States,North America,83.0,4.430816798843313,3.1780538303479458,3.1780538303479458,1,Severe Single-Wave Resets (Deep Structural Cuts)
Top Hat,3,True,2020-05-12,2024-02-02,1361,680.5,182.0,93.0,31.0,42.0,0.05666666666666667,0.07,0.07,Education,EdTech & Learning,Series E,Growth Stage (Series E+),Canada,North America,234.0,5.459585514144159,4.543294782270004,3.7612001156935624,2,"Enterprise Mega-Downscalers (High Capitalization, Scaled Magnitude)"
Tor,1,False,2020-04-17,2020-04-17,0,,,13.0,13.0,13.0,0.37,0.37,0.37,Security,Enterprise & Infrastructure,Unknown,Unspecified / Private,United States,North America,1.0,0.6931471805599453,2.6390573296152584,2.6390573296152584,1,Severe Single-Wave Resets (Deep Structural Cuts)
Torii,1,False,2023-06-29,2023-06-29,0,,,28.0,28.0,28.0,0.3,0.3,0.3,Other,Other / Diversified,Series B,Expansion Stage (Series B),Israel,Middle East,65.0,4.189654742026425,3.367295829986474,3.367295829986474,1,Severe Single-Wave Resets (Deep Structural Cuts)
TouchBistro,1,False,2020-04-14,2020-04-14,0,,,131.0,131.0,131.0,0.23,0.23,0.23,Food,Consumer & Retail,Series E,Growth Stage (Series E+),Canada,North America,224.0,5.41610040220442,4.882801922586371,4.882801922586371,1,Severe Single-Wave Resets (Deep Structural Cuts)
TradeWindow,1,False,2023-03-15,2023-03-15,0,,,25.0,25.0,25.0,0.3,0.3,0.3,Finance,Fintech & Financial Services,Series B,Expansion Stage (Series B),New Zealand,Asia-Pacific,24.0,3.2188758248682006,3.258096538021482,3.258096538021482,1,Severe Single-Wave Resets (Deep Structural Cuts)
Transfix,1,False,2020-04-29,2020-04-29,0,,,24.0,24.0,24.0,0.1,0.1,0.1,Logistics,Travel & Transportation,Series D,Late Stage (Series C-D),United States,North America,128.0,4.859812404361672,3.2188758248682006,3.2188758248682006,1,Severe Single-Wave Resets (Deep Structural Cuts)
Transmit Security,1,False,2022-07-05,2022-07-05,0,,,27.0,27.0,27.0,0.07,0.07,0.07,Security,Enterprise & Infrastructure,Series A,Early Venture (Series A),United States,North America,583.0,6.369900982828227,3.332204510175204,3.332204510175204,1,Severe Single-Wave Resets (Deep Structural Cuts)
TravelTriangle,1,False,2020-03-28,2020-03-28,0,,,250.0,250.0,250.0,0.5,0.5,0.5,Travel,Travel & Transportation,Series D,Late Stage (Series C-D),India,Asia-Pacific,47.0,3.871201010907891,5.5254529391317835,5.5254529391317835,0,Targeted Multi-Wave Downscalers (Iterative Restructuring)
Traveloka,1,False,2020-04-03,2020-04-03,0,,,100.0,100.0,100.0,0.1,0.1,0.1,Travel,Travel & Transportation,Unknown,Unspecified / Private,Indonesia,Asia-Pacific,,5.159055299214529,4.61512051684126,4.61512051684126,1,Severe Single-Wave Resets (Deep Structural Cuts)
Trax,3,True,2020-05-03,2022-11-22,933,466.5,155.0,300.0,100.0,120.0,0.09999999999999999,0.1,0.12,Retail,Consumer & Retail,Series E,Growth Stage (Series E+),Singapore,Asia-Pacific,1000.0,6.90875477931522,5.707110264748875,4.795790545596741,2,"Enterprise Mega-Downscalers (High Capitalization, Scaled Magnitude)"
Treasure Financial,1,False,2024-01-09,2024-01-09,0,,,14.0,14.0,14.0,0.6,0.6,0.6,Finance,Fintech & Financial Services,Series A,Early Venture (Series A),United States,North America,14.0,2.70805020110221,2.70805020110221,2.70805020110221,0,Targeted Multi-Wave Downscalers (Iterative Restructuring)
Treasury Prime,1,False,2024-02-28,2024-02-28,0,,,40.0,40.0,40.0,0.4,0.4,0.4,Finance,Fintech & Financial Services,Series C,Late Stage (Series C-D),United States,North America,71.0,4.276666119016055,3.713572066704308,3.713572066704308,1,Severe Single-Wave Resets (Deep Structural Cuts)
Treehouse,1,False,2021-09-14,2021-09-14,0,,,41.0,41.0,41.0,0.9,0.9,0.9,Education,EdTech & Learning,Series B,Expansion Stage (Series B),United States,North America,12.0,2.5649493574615367,3.7376696182833684,3.7376696182833684,0,Targeted Multi-Wave Downscalers (Iterative Restructuring)
Trell,1,False,2022-03-15,2022-03-15,0,,,300.0,300.0,300.0,0.5,0.5,0.5,Retail,Consumer & Retail,Series B,Expansion Stage (Series B),India,Asia-Pacific,62.0,4.143134726391533,5.707110264748875,5.707110264748875,0,Targeted Multi-Wave Downscalers (Iterative Restructuring)
Trend Micro,2,True,2024-01-09,2026-05-12,854,854.0,854.0,45.0,45.0,45.0,0.02,0.02,0.02,Security,Enterprise & Infrastructure,Post-IPO,Public (Post-IPO),Australia,Asia-Pacific,,5.159055299214529,3.828641396489095,3.828641396489095,1,Severe Single-Wave Resets (Deep Structural Cuts)
Trendsales,1,False,2024-04-08,2024-04-08,0,,,79.0,79.0,79.0,1.0,1.0,1.0,Retail,Consumer & Retail,Acquired,Acquired / Subsidiary,Denmark,Europe,,5.159055299214529,4.382026634673881,4.382026634673881,0,Targeted Multi-Wave Downscalers (Iterative Restructuring)
Trigo,1,False,2024-01-04,2024-01-04,0,,,30.0,30.0,30.0,0.15,0.15,0.15,Retail,Consumer & Retail,Series C,Late Stage (Series C-D),Israel,Middle East,199.0,5.298317366548036,3.4339872044851463,3.4339872044851463,1,Severe Single-Wave Resets (Deep Structural Cuts)
TripActions,1,False,2020-03-25,2020-03-25,0,,,300.0,300.0,300.0,0.25,0.25,0.25,Travel,Travel & Transportation,Series D,Late Stage (Series C-D),United States,North America,981.0,6.889591308354466,5.707110264748875,5.707110264748875,1,Severe Single-Wave Resets (Deep Structural Cuts)
TripAdvisor,5,True,2020-04-28,2025-11-05,2017,504.25,102.0,1100.0,366.6666666666667,900.0,0.16333333333333333,0.2,0.25,Travel,Travel & Transportation,Post-IPO,Public (Post-IPO),United States,North America,3.0,1.3862943611198906,7.00397413672268,6.803505257608338,2,"Enterprise Mega-Downscalers (High Capitalization, Scaled Magnitude)"
Tripbam,1,False,2020-04-03,2020-04-03,0,,,10.0,10.0,10.0,0.25,0.25,0.25,Travel,Travel & Transportation,Unknown,Unspecified / Private,United States,North America,,5.159055299214529,2.3978952727983707,2.3978952727983707,1,Severe Single-Wave Resets (Deep Structural Cuts)
TripleLift,3,True,2020-04-02,2025-07-11,1926,963.0,882.0,123.0,61.5,100.0,0.135,0.135,0.2,Marketing,Marketing & Media,Acquired,Acquired / Subsidiary,United States,North America,16.0,2.833213344056216,4.820281565605037,4.61512051684126,2,"Enterprise Mega-Downscalers (High Capitalization, Scaled Magnitude)"
Triplebyte,1,False,2020-03-23,2020-03-23,0,,,15.0,15.0,15.0,0.17,0.17,0.17,Recruiting,Professional Services,Series B,Expansion Stage (Series B),United States,North America,48.0,3.8918202981106265,2.772588722239781,2.772588722239781,1,Severe Single-Wave Resets (Deep Structural Cuts)
True Anomaly,1,False,2024-04-25,2024-04-25,0,,,30.0,30.0,30.0,0.25,0.25,0.25,Aerospace,Hardware & Manufacturing,Series B,Expansion Stage (Series B),United States,North America,158.0,5.0689042022202315,3.4339872044851463,3.4339872044851463,1,Severe Single-Wave Resets (Deep Structural Cuts)
TrueCar,3,True,2020-05-28,2026-02-24,2098,1049.0,986.0,421.0,140.33333333333334,219.0,0.28,0.3,0.3,Transportation,Travel & Transportation,Post-IPO,Public (Post-IPO),United States,North America,340.0,5.831882477283517,6.045005314036012,5.393627546352362,2,"Enterprise Mega-Downscalers (High Capitalization, Scaled Magnitude)"
TrueLayer,2,True,2022-09-16,2024-11-15,791,791.0,791.0,111.0,55.5,71.0,0.175,0.175,0.25,Finance,Fintech & Financial Services,Series E,Growth Stage (Series E+),United Kingdom,Europe,321.0,5.7745515455444085,4.718498871295094,4.276666119016055,1,Severe Single-Wave Resets (Deep Structural Cuts)
Truepill,4,True,2022-04-14,2022-09-30,169,56.333333333333336,50.0,325.0,162.5,175.0,0.24,0.24,0.33,Healthcare,Healthcare & BioTech,Series D,Late Stage (Series C-D),United States,North America,255.0,5.545177444479562,5.786897381366708,5.170483995038151,2,"Enterprise Mega-Downscalers (High Capitalization, Scaled Magnitude)"
Truiloo,1,False,2022-09-23,2022-09-23,0,,,24.0,24.0,24.0,0.05,0.05,0.05,Security,Enterprise & Infrastructure,Series D,Late Stage (Series C-D),Canada,North America,474.0,6.163314804034641,3.2188758248682006,3.2188758248682006,1,Severe Single-Wave Resets (Deep Structural Cuts)
Trybe,2,True,2022-08-10,2023-06-09,303,303.0,303.0,175.0,87.5,128.0,0.22499999999999998,0.22499999999999998,0.35,Education,EdTech & Learning,Series B,Expansion Stage (Series B),Brazil,Latin America,40.0,3.713572066704308,5.170483995038151,4.859812404361672,1,Severe Single-Wave Resets (Deep Structural Cuts)
TuSimple,3,True,2022-12-21,2023-12-04,348,174.0,148.0,500.0,250.0,350.0,0.275,0.275,0.3,Transportation,Travel & Transportation,Post-IPO,Public (Post-IPO),United States,North America,648.0,6.47543271670409,6.2166061010848646,5.860786223465865,2,"Enterprise Mega-Downscalers (High Capitalization, Scaled Magnitude)"
Tufin,1,False,2022-08-21,2022-08-21,0,,,55.0,55.0,55.0,0.1,0.1,0.1,Security,Enterprise & Infrastructure,Acquired,Acquired / Subsidiary,United States,North America,21.0,3.091042453358316,4.02535169073515,4.02535169073515,1,Severe Single-Wave Resets (Deep Structural Cuts)
Turnitin,2,True,2022-10-06,2024-03-07,518,518.0,518.0,66.0,33.0,51.0,0.035,0.035,0.05,Education,EdTech & Learning,Acquired,Acquired / Subsidiary,United States,North America,,5.159055299214529,4.204692619390966,3.9512437185814275,1,Severe Single-Wave Resets (Deep Structural Cuts)
Turo,2,True,2020-03-31,2025-04-16,1842,1842.0,1842.0,258.0,129.0,150.0,0.235,0.235,0.3,Transportation,Travel & Transportation,Series E,Growth Stage (Series E+),United States,North America,467.0,6.148468295917647,5.556828061699537,5.017279836814924,2,"Enterprise Mega-Downscalers (High Capitalization, Scaled Magnitude)"
TutorMundi,1,False,2020-04-24,2020-04-24,0,,,4.0,4.0,4.0,1.0,1.0,1.0,Education,EdTech & Learning,Series A,Early Venture (Series A),Brazil,Latin America,2.0,1.0986122886681098,1.6094379124341003,1.6094379124341003,0,Targeted Multi-Wave Downscalers (Iterative Restructuring)
Twiga,2,True,2022-11-16,2023-08-20,277,277.0,277.0,494.0,247.0,283.0,0.27,0.27,0.33,Food,Consumer & Retail,Series C,Late Stage (Series C-D),Kenya,Africa,157.0,5.062595033026967,6.20455776256869,5.648974238161206,1,Severe Single-Wave Resets (Deep Structural Cuts)
Twilio,3,True,2022-09-14,2023-12-04,446,223.0,152.0,2300.0,1150.0,1500.0,0.11,0.11,0.17,Other,Other / Diversified,Post-IPO,Public (Post-IPO),United States,North America,614.0,6.421622267806518,7.741099090035366,7.313886831633462,2,"Enterprise Mega-Downscalers (High Capitalization, Scaled Magnitude)"
Twine Solutions,1,False,2023-01-05,2023-01-05,0,,,30.0,30.0,30.0,0.33,0.33,0.33,Hardware,Hardware & Manufacturing,Unknown,Unspecified / Private,Israel,Middle East,50.0,3.9318256327243257,3.4339872044851463,3.4339872044851463,1,Severe Single-Wave Resets (Deep Structural Cuts)
Twist Bioscience,1,False,2023-05-05,2023-05-05,0,,,270.0,270.0,270.0,0.25,0.25,0.25,Healthcare,Healthcare & BioTech,Post-IPO,Public (Post-IPO),United States,North America,503.0,6.222576268071369,5.602118820879701,5.602118820879701,1,Severe Single-Wave Resets (Deep Structural Cuts)
Twitch,2,True,2023-10-03,2024-01-09,98,98.0,98.0,500.0,500.0,500.0,0.35,0.35,0.35,Consumer,Consumer & Retail,Acquired,Acquired / Subsidiary,United States,North America,35.0,3.58351893845611,6.2166061010848646,6.2166061010848646,1,Severe Single-Wave Resets (Deep Structural Cuts)
Twitter,4,True,2022-07-07,2023-02-25,233,77.66666666666667,51.0,3940.0,1313.3333333333333,3700.0,0.3,0.3,0.5,Consumer,Consumer & Retail,Post-IPO,Public (Post-IPO),United States,North America,12900.0,9.465060106725137,8.279189777195004,8.216358332386156,2,"Enterprise Mega-Downscalers (High Capitalization, Scaled Magnitude)"
TytoCare,2,True,2023-07-06,2025-07-17,742,742.0,742.0,55.0,27.5,35.0,0.16,0.16,0.22,Healthcare,Healthcare & BioTech,Series E,Growth Stage (Series E+),United States,North America,206.0,5.332718793265369,4.02535169073515,3.58351893845611,1,Severe Single-Wave Resets (Deep Structural Cuts)
UIPath,1,False,2024-07-09,2024-07-09,0,,,420.0,420.0,420.0,0.1,0.1,0.1,Other,Other / Diversified,Post-IPO,Public (Post-IPO),United States,North America,2000.0,7.601402334583733,6.042632833682381,6.042632833682381,1,Severe Single-Wave Resets (Deep Structural Cuts)
UKG,4,True,2023-03-06,2026-04-15,1136,378.6666666666667,148.0,3715.0,928.75,2200.0,0.14,0.14,0.14,HR,Other / Diversified,Unknown,Unspecified / Private,United States,North America,,5.159055299214529,8.22040309993373,7.696667081526462,2,"Enterprise Mega-Downscalers (High Capitalization, Scaled Magnitude)"
UPshow,1,False,2020-04-24,2020-04-24,0,,,19.0,19.0,19.0,0.3,0.3,0.3,Marketing,Marketing & Media,Series A,Early Venture (Series A),United States,North America,7.0,2.0794415416798357,2.995732273553991,2.995732273553991,1,Severe Single-Wave Resets (Deep Structural Cuts)
Ualá,1,False,2022-11-30,2022-11-30,0,,,53.0,53.0,53.0,0.03,0.03,0.03,Finance,Fintech & Financial Services,Series D,Late Stage (Series C-D),Argentina,Latin America,544.0,6.300785794663244,3.9889840465642745,3.9889840465642745,1,Severe Single-Wave Resets (Deep Structural Cuts)
Uber,9,True,2020-05-06,2026-09-02,2310,288.75,8.0,11085.0,1583.5714285714287,3700.0,0.14333333333333334,0.135,0.25,Transportation,Travel & Transportation,Post-IPO,Public (Post-IPO),United States,North America,25200.0,10.134638955251866,9.31343832997975,8.216358332386156,3,"Early-Stage Capital-Constrained Exits (High Percentage, Small Scale)"
Uber Freight,3,True,2023-01-23,2024-01-09,351,175.5,171.0,230.0,76.66666666666667,150.0,0.03,0.03,0.03,Logistics,Travel & Transportation,Subsidiary,Unspecified / Private,United States,North America,2700.0,7.901377353792616,5.442417710521793,5.017279836814924,2,"Enterprise Mega-Downscalers (High Capitalization, Scaled Magnitude)"
Uberflip,1,False,2022-08-05,2022-08-05,0,,,31.0,31.0,31.0,0.17,0.17,0.17,Marketing,Marketing & Media,Series A,Early Venture (Series A),Canada,North America,42.0,3.7612001156935624,3.4657359027997265,3.4657359027997265,1,Severe Single-Wave Resets (Deep Structural Cuts)
Udaan,3,True,2022-06-27,2023-12-18,539,269.5,130.0,630.0,210.0,350.0,0.07,0.07,0.1,Retail,Consumer & Retail,Unknown,Unspecified / Private,India,Asia-Pacific,1500.0,7.313886831633462,6.447305862541213,5.860786223465865,2,"Enterprise Mega-Downscalers (High Capitalization, Scaled Magnitude)"
Udacity,1,False,2022-10-11,2022-10-11,0,,,55.0,55.0,55.0,0.13,0.13,0.13,Education,EdTech & Learning,Unknown,Unspecified / Private,United States,North America,235.0,5.4638318050256105,4.02535169073515,4.02535169073515,1,Severe Single-Wave Resets (Deep Structural Cuts)
Udayy,1,False,2022-06-01,2022-06-01,0,,,100.0,100.0,100.0,1.0,1.0,1.0,Education,EdTech & Learning,Seed,Early Stage (Seed),India,Asia-Pacific,2.0,1.0986122886681098,4.61512051684126,4.61512051684126,0,Targeted Multi-Wave Downscalers (Iterative Restructuring)
Udemy,2,True,2023-02-14,2024-09-11,575,575.0,575.0,280.0,280.0,280.0,0.1,0.1,0.1,Education,EdTech & Learning,Post-IPO,Public (Post-IPO),United States,North America,311.0,5.7430031878094825,5.638354669333745,5.638354669333745,2,"Enterprise Mega-Downscalers (High Capitalization, Scaled Magnitude)"
UiPath,2,True,2022-06-27,2022-11-15,141,141.0,141.0,451.0,225.5,241.0,0.055,0.055,0.06,Data,Enterprise & Infrastructure,Post-IPO,Public (Post-IPO),United States,North America,2000.0,7.601402334583733,6.113682179832232,5.488937726156687,2,"Enterprise Mega-Downscalers (High Capitalization, Scaled Magnitude)"
Ula,1,False,2022-11-30,2022-11-30,0,,,134.0,134.0,134.0,0.23,0.23,0.23,Retail,Consumer & Retail,Series B,Expansion Stage (Series B),Indonesia,Asia-Pacific,140.0,4.948759890378168,4.90527477843843,4.90527477843843,1,Severe Single-Wave Resets (Deep Structural Cuts)
Unacademy,5,True,2022-04-07,2024-07-02,817,204.25,72.0,1750.0,437.5,1000.0,0.10500000000000001,0.11,0.17,Education,EdTech & Learning,Series H,Growth Stage (Series E+),India,Asia-Pacific,838.0,6.732210706467206,7.467942332285852,6.90875477931522,2,"Enterprise Mega-Downscalers (High Capitalization, Scaled Magnitude)"
Unbabel,2,True,2020-04-08,2025-01-20,1748,1748.0,1748.0,146.0,73.0,80.0,0.3,0.3,0.35,Support,Enterprise & Infrastructure,Series C,Late Stage (Series C-D),Portugal,Europe,91.0,4.5217885770490405,4.990432586778736,4.394449154672439,2,"Enterprise Mega-Downscalers (High Capitalization, Scaled Magnitude)"
Unbounce,2,True,2022-08-03,2024-07-16,713,713.0,713.0,47.0,47.0,47.0,0.2,0.2,0.2,Marketing,Marketing & Media,Acquired,Acquired / Subsidiary,Canada,North America,39.0,3.6888794541139363,3.871201010907891,3.871201010907891,1,Severe Single-Wave Resets (Deep Structural Cuts)
Uncapped,1,False,2022-05-27,2022-05-27,0,,,29.0,29.0,29.0,0.26,0.26,0.26,Finance,Fintech & Financial Services,Unknown,Unspecified / Private,United Kingdom,Europe,118.0,4.77912349311153,3.4011973816621555,3.4011973816621555,1,Severe Single-Wave Resets (Deep Structural Cuts)
Unico,2,True,2022-10-24,2023-01-17,85,85.0,85.0,160.0,80.0,110.0,0.07,0.07,0.1,Other,Other / Diversified,Series D,Late Stage (Series C-D),Brazil,Latin America,336.0,5.820082930352362,5.081404364984463,4.709530201312334,1,Severe Single-Wave Resets (Deep Structural Cuts)
Uniphore,1,False,2023-01-03,2023-01-03,0,,,76.0,76.0,76.0,0.1,0.1,0.1,Support,Enterprise & Infrastructure,Series E,Growth Stage (Series E+),United States,North America,620.0,6.431331081933479,4.343805421853684,4.343805421853684,1,Severe Single-Wave Resets (Deep Structural Cuts)
Unison,1,False,2020-04-08,2020-04-08,0,,,89.0,89.0,89.0,0.45,0.45,0.45,Finance,Fintech & Financial Services,Series B,Expansion Stage (Series B),United States,North America,40.0,3.713572066704308,4.499809670330265,4.499809670330265,1,Severe Single-Wave Resets (Deep Structural Cuts)
Unity,8,True,2022-06-29,2025-02-11,958,136.85714285714286,34.0,3499.0,499.85714285714283,1800.0,0.09000000000000001,0.06,0.25,Other,Other / Diversified,Post-IPO,Public (Post-IPO),United States,North America,1300.0,7.170888478512505,8.160518247477505,7.496097345175956,2,"Enterprise Mega-Downscalers (High Capitalization, Scaled Magnitude)"
Unstoppable Domains,1,False,2022-07-14,2022-07-14,0,,,42.0,42.0,42.0,0.25,0.25,0.25,Crypto,Fintech & Financial Services,Series B,Expansion Stage (Series B),United States,North America,7.0,2.0794415416798357,3.7612001156935624,3.7612001156935624,1,Severe Single-Wave Resets (Deep Structural Cuts)
UpScalio,1,False,2023-01-05,2023-01-05,0,,,25.0,25.0,25.0,0.15,0.15,0.15,Retail,Consumer & Retail,Series B,Expansion Stage (Series B),India,Asia-Pacific,62.0,4.143134726391533,3.258096538021482,3.258096538021482,1,Severe Single-Wave Resets (Deep Structural Cuts)
Upstart,2,True,2022-11-01,2023-01-31,91,91.0,91.0,505.0,252.5,365.0,0.135,0.135,0.2,Finance,Fintech & Financial Services,Post-IPO,Public (Post-IPO),United States,North America,144.0,4.976733742420574,6.226536669287466,5.902633333401366,1,Severe Single-Wave Resets (Deep Structural Cuts)
Upwork,3,True,2023-05-03,2026-05-07,1100,550.0,539.0,288.0,144.0,151.0,0.19999999999999998,0.21,0.24,Other,Other / Diversified,Post-IPO,Public (Post-IPO),United States,North America,168.0,5.1298987149230735,5.666426688112432,5.0238805208462765,2,"Enterprise Mega-Downscalers (High Capitalization, Scaled Magnitude)"
Urban Sports Club,1,False,2022-09-01,2022-09-01,0,,,55.0,55.0,55.0,0.15,0.15,0.15,Fitness,Other / Diversified,Unknown,Unspecified / Private,Germany,Europe,95.0,4.564348191467836,4.02535169073515,4.02535169073515,1,Severe Single-Wave Resets (Deep Structural Cuts)
Usermind,1,False,2020-04-01,2020-04-01,0,,,15.0,15.0,15.0,0.25,0.25,0.25,Marketing,Marketing & Media,Series C,Late Stage (Series C-D),United States,North America,46.0,3.8501476017100584,2.772588722239781,2.772588722239781,1,Severe Single-Wave Resets (Deep Structural Cuts)
VSCO,2,True,2020-04-14,2025-12-09,2065,2065.0,2065.0,69.0,34.5,45.0,0.35,0.35,0.35,Consumer,Consumer & Retail,Series B,Expansion Stage (Series B),United States,North America,90.0,4.51085950651685,4.248495242049359,3.828641396489095,2,"Enterprise Mega-Downscalers (High Capitalization, Scaled Magnitude)"
VTEX,1,False,2022-05-26,2022-05-26,0,,,200.0,200.0,200.0,0.13,0.13,0.13,Retail,Consumer & Retail,Post-IPO,Public (Post-IPO),Brazil,Latin America,365.0,5.902633333401366,5.303304908059076,5.303304908059076,1,Severe Single-Wave Resets (Deep Structural Cuts)
VTrips,1,False,2023-10-07,2023-10-07,0,,,75.0,75.0,75.0,0.09,0.09,0.09,Travel,Travel & Transportation,Private Equity,Private Equity Owned,United States,North America,,5.159055299214529,4.330733340286331,4.330733340286331,1,Severe Single-Wave Resets (Deep Structural Cuts)
Vacasa,4,True,2020-03-20,2024-05-09,1511,503.6666666666667,71.0,2420.0,806.6666666666666,1300.0,0.11666666666666668,0.13,0.17,Travel,Travel & Transportation,Post-IPO,Public (Post-IPO),United States,North America,834.0,6.727431724850855,7.791935956938058,7.170888478512505,2,"Enterprise Mega-Downscalers (High Capitalization, Scaled Magnitude)"
Validity,1,False,2020-05-06,2020-05-06,0,,,130.0,130.0,130.0,0.33,0.33,0.33,Data,Enterprise & Infrastructure,Private Equity,Private Equity Owned,United States,North America,,5.159055299214529,4.875197323201151,4.875197323201151,1,Severe Single-Wave Resets (Deep Structural Cuts)
Varonis,1,False,2022-11-06,2022-11-06,0,,,110.0,110.0,110.0,0.05,0.05,0.05,Security,Enterprise & Infrastructure,Post-IPO,Public (Post-IPO),United States,North America,30.0,3.4339872044851463,4.709530201312334,4.709530201312334,1,Severe Single-Wave Resets (Deep Structural Cuts)
Vast,1,False,2026-08-19,2026-08-19,0,,,46.0,46.0,46.0,0.04,0.04,0.04,Aerospace,Hardware & Manufacturing,Series A,Early Venture (Series A),United States,North America,650.0,6.478509642208569,3.8501476017100584,3.8501476017100584,1,Severe Single-Wave Resets (Deep Structural Cuts)
Vedantu,4,True,2022-05-05,2022-12-07,216,72.0,13.0,1109.0,277.25,424.0,0.05,0.05,0.07,Education,EdTech & Learning,Series E,Growth Stage (Series E+),India,Asia-Pacific,292.0,5.680172609017068,7.01211529430638,6.052089168924417,2,"Enterprise Mega-Downscalers (High Capitalization, Scaled Magnitude)"
Vee,2,True,2022-07-31,2022-10-25,86,86.0,86.0,33.0,16.5,17.0,0.41000000000000003,0.41000000000000003,0.5,HR,Other / Diversified,Seed,Early Stage (Seed),Israel,Middle East,15.0,2.772588722239781,3.5263605246161616,2.8903717578961645,1,Severe Single-Wave Resets (Deep Structural Cuts)
Veev,2,True,2022-11-11,2023-11-26,380,380.0,380.0,100.0,100.0,100.0,0.65,0.65,1.0,Construction,Other / Diversified,Series D,Late Stage (Series C-D),United States,North America,597.0,6.393590753950631,4.61512051684126,4.61512051684126,0,Targeted Multi-Wave Downscalers (Iterative Restructuring)
Veho,1,False,2024-01-25,2024-01-25,0,,,65.0,65.0,65.0,0.19,0.19,0.19,Logistics,Travel & Transportation,Series B,Expansion Stage (Series B),United States,North America,299.0,5.703782474656201,4.189654742026425,4.189654742026425,1,Severe Single-Wave Resets (Deep Structural Cuts)
Vendease,3,True,2022-11-25,2025-02-19,817,408.5,142.0,215.0,71.66666666666667,120.0,0.24333333333333332,0.2,0.44,Food,Consumer & Retail,Series A,Early Venture (Series A),Nigeria,Africa,43.0,3.784189633918261,5.375278407684165,4.795790545596741,2,"Enterprise Mega-Downscalers (High Capitalization, Scaled Magnitude)"
Vendr,2,True,2023-05-31,2024-01-12,226,226.0,226.0,100.0,100.0,100.0,0.25,0.25,0.25,Other,Other / Diversified,Series B,Expansion Stage (Series B),United States,North America,216.0,5.37989735354046,4.61512051684126,4.61512051684126,1,Severe Single-Wave Resets (Deep Structural Cuts)
Venngage,1,False,2023-01-24,2023-01-24,0,,,11.0,11.0,11.0,0.2,0.2,0.2,Marketing,Marketing & Media,Unknown,Unspecified / Private,Canada,North America,,5.159055299214529,2.4849066497880004,2.4849066497880004,1,Severe Single-Wave Resets (Deep Structural Cuts)
VerSe Innovation,2,True,2022-11-25,2025-05-18,905,905.0,905.0,500.0,250.0,350.0,0.05,0.05,0.05,Media,Marketing & Media,Series J,Growth Stage (Series E+),India,Asia-Pacific,1700.0,7.438971592395862,6.2166061010848646,5.860786223465865,2,"Enterprise Mega-Downscalers (High Capitalization, Scaled Magnitude)"
Verbit,4,True,2022-07-05,2025-09-10,1163,387.6666666666667,222.0,162.0,54.0,80.0,0.08,0.08,0.1,Data,Enterprise & Infrastructure,Series E,Growth Stage (Series E+),United States,North America,569.0,6.345636360828596,5.093750200806762,4.394449154672439,2,"Enterprise Mega-Downscalers (High Capitalization, Scaled Magnitude)"
Veriff,3,True,2020-05-04,2023-08-23,1206,603.0,195.0,230.0,76.66666666666667,101.0,0.17999999999999997,0.21,0.21,Security,Enterprise & Infrastructure,Series C,Late Stage (Series C-D),Estonia,Europe,192.0,5.262690188904886,5.442417710521793,4.624972813284271,2,"Enterprise Mega-Downscalers (High Capitalization, Scaled Magnitude)"
Verily,4,True,2023-01-11,2026-06-09,1245,415.0,287.0,308.0,154.0,250.0,0.15,0.15,0.15,Healthcare,Healthcare & BioTech,Subsidiary,Unspecified / Private,United States,North America,3500.0,8.160803920954665,5.733341276897746,5.5254529391317835,2,"Enterprise Mega-Downscalers (High Capitalization, Scaled Magnitude)"
Veritone,1,False,2026-06-10,2026-06-10,0,,,111.0,111.0,111.0,0.25,0.25,0.25,AI,Other / Diversified,Post-IPO,Public (Post-IPO),United States,North America,514.0,6.244166900663736,4.718498871295094,4.718498871295094,1,Severe Single-Wave Resets (Deep Structural Cuts)
VerticalScope,1,False,2023-02-01,2023-02-01,0,,,60.0,60.0,60.0,0.22,0.22,0.22,Media,Marketing & Media,Post-IPO,Public (Post-IPO),Canada,North America,,5.159055299214529,4.110873864173311,4.110873864173311,1,Severe Single-Wave Resets (Deep Structural Cuts)
Vesalius Therapeutics,1,False,2022-09-19,2022-09-19,0,,,29.0,29.0,29.0,0.43,0.43,0.43,Healthcare,Healthcare & BioTech,Series B,Expansion Stage (Series B),United States,North America,75.0,4.330733340286331,3.4011973816621555,3.4011973816621555,1,Severe Single-Wave Resets (Deep Structural Cuts)
Vesttoo,1,False,2023-08-01,2023-08-01,0,,,150.0,150.0,150.0,0.75,0.75,0.75,Finance,Fintech & Financial Services,Series C,Late Stage (Series C-D),Israel,Middle East,110.0,4.709530201312334,5.017279836814924,5.017279836814924,0,Targeted Multi-Wave Downscalers (Iterative Restructuring)
Vezeeta,1,False,2022-06-28,2022-06-28,0,,,50.0,50.0,50.0,0.1,0.1,0.1,Healthcare,Healthcare & BioTech,Series D,Late Stage (Series C-D),United Arab Emirates,Middle East,71.0,4.276666119016055,3.9318256327243257,3.9318256327243257,1,Severe Single-Wave Resets (Deep Structural Cuts)
Viant,1,False,2022-12-13,2022-12-13,0,,,46.0,46.0,46.0,0.13,0.13,0.13,Marketing,Marketing & Media,Post-IPO,Public (Post-IPO),United States,North America,,5.159055299214529,3.8501476017100584,3.8501476017100584,1,Severe Single-Wave Resets (Deep Structural Cuts)
Viaplay,1,False,2023-07-20,2023-07-20,0,,,450.0,450.0,450.0,0.25,0.25,0.25,Media,Marketing & Media,Unknown,Unspecified / Private,Sweden,Europe,,5.159055299214529,6.111467339502679,6.111467339502679,1,Severe Single-Wave Resets (Deep Structural Cuts)
Viasat,2,True,2023-04-12,2023-11-02,204,204.0,204.0,1100.0,550.0,800.0,0.07,0.07,0.1,Other,Other / Diversified,Post-IPO,Public (Post-IPO),United States,North America,366.0,5.905361848054571,7.00397413672268,6.68586094706836,2,"Enterprise Mega-Downscalers (High Capitalization, Scaled Magnitude)"
Viber,1,False,2022-11-15,2022-11-15,0,,,45.0,45.0,45.0,0.08,0.08,0.08,Consumer,Consumer & Retail,Acquired,Acquired / Subsidiary,Luxembourg,Other / International,,5.159055299214529,3.828641396489095,3.828641396489095,1,Severe Single-Wave Resets (Deep Structural Cuts)
VideoAmp,5,True,2020-04-08,2026-08-07,2312,578.0,112.0,111.0,37.0,50.0,0.12400000000000003,0.1,0.2,Marketing,Marketing & Media,Series F,Growth Stage (Series E+),United States,North America,456.0,6.124683390894205,4.718498871295094,3.9318256327243257,2,"Enterprise Mega-Downscalers (High Capitalization, Scaled Magnitude)"
View,2,True,2020-04-15,2023-04-03,1083,1083.0,1083.0,170.0,170.0,170.0,0.23,0.23,0.23,Other,Other / Diversified,Post-IPO,Public (Post-IPO),United States,North America,2300.0,7.741099090035366,5.14166355650266,5.14166355650266,2,"Enterprise Mega-Downscalers (High Capitalization, Scaled Magnitude)"
Virgin Hyperloop,1,False,2022-02-21,2022-02-21,0,,,111.0,111.0,111.0,0.5,0.5,0.5,Transportation,Travel & Transportation,Unknown,Unspecified / Private,United States,North America,368.0,5.910796644040527,4.718498871295094,4.718498871295094,1,Severe Single-Wave Resets (Deep Structural Cuts)
Virgio,1,False,2023-10-25,2023-10-25,0,,,20.0,20.0,20.0,0.33,0.33,0.33,Retail,Consumer & Retail,Series A,Early Venture (Series A),India,Asia-Pacific,,5.159055299214529,3.044522437723423,3.044522437723423,1,Severe Single-Wave Resets (Deep Structural Cuts)
Voi,4,True,2020-04-02,2024-02-16,1415,471.6666666666667,168.0,385.0,96.25,130.0,0.11666666666666665,0.12,0.13,Transportation,Travel & Transportation,Series D,Late Stage (Series C-D),Sweden,Europe,515.0,6.246106765481563,5.955837369464831,4.875197323201151,2,"Enterprise Mega-Downscalers (High Capitalization, Scaled Magnitude)"
Vouch,1,False,2022-06-23,2022-06-23,0,,,15.0,15.0,15.0,0.07,0.07,0.07,Finance,Fintech & Financial Services,Series C,Late Stage (Series C-D),United States,North America,159.0,5.075173815233827,2.772588722239781,2.772588722239781,1,Severe Single-Wave Resets (Deep Structural Cuts)
Vox Media,5,True,2020-07-14,2024-12-05,1605,401.25,177.0,169.0,84.5,130.0,0.043333333333333335,0.04,0.07,Media,Marketing & Media,Series F,Growth Stage (Series E+),United States,North America,307.6,5.73204593992906,5.135798437050262,4.875197323201151,2,"Enterprise Mega-Downscalers (High Capitalization, Scaled Magnitude)"
Voyage SMS,1,False,2022-06-23,2022-06-23,0,,,8.0,8.0,8.0,0.13,0.13,0.13,Marketing,Marketing & Media,Unknown,Unspecified / Private,United States,North America,10.0,2.3978952727983707,2.1972245773362196,2.1972245773362196,1,Severe Single-Wave Resets (Deep Structural Cuts)
Vroom,5,True,2022-05-09,2024-01-23,624,156.0,91.0,1802.0,360.4,800.0,0.3375,0.17,0.9,Transportation,Travel & Transportation,Post-IPO,Public (Post-IPO),United States,North America,1300.0,7.170888478512505,7.497207223203318,6.68586094706836,2,"Enterprise Mega-Downscalers (High Capitalization, Scaled Magnitude)"
WHOOP,2,True,2022-07-21,2023-01-10,173,173.0,173.0,95.0,95.0,95.0,0.095,0.095,0.15,Fitness,Other / Diversified,Series F,Growth Stage (Series E+),United States,North America,404.0,6.003887067106539,4.564348191467836,4.564348191467836,1,Severe Single-Wave Resets (Deep Structural Cuts)
WSC,1,False,2026-07-21,2026-07-21,0,,,70.0,70.0,70.0,0.1,0.1,0.1,Media,Marketing & Media,Series D,Late Stage (Series C-D),Israel,Middle East,136.0,4.919980925828125,4.2626798770413155,4.2626798770413155,1,Severe Single-Wave Resets (Deep Structural Cuts)
WalkMe,2,True,2023-01-08,2023-04-19,101,101.0,101.0,155.0,77.5,112.0,0.065,0.065,0.1,Other,Other / Diversified,Post-IPO,Public (Post-IPO),United States,North America,307.0,5.730099782973574,5.049856007249537,4.727387818712341,1,Severe Single-Wave Resets (Deep Structural Cuts)
Walnut,1,False,2024-05-29,2024-05-29,0,,,15.0,15.0,15.0,0.2,0.2,0.2,Sales,Professional Services,Series B,Expansion Stage (Series B),United States,North America,56.0,4.04305126783455,2.772588722239781,2.772588722239781,1,Severe Single-Wave Resets (Deep Structural Cuts)
WanderJaunt,2,True,2020-03-25,2022-07-01,828,828.0,828.0,141.0,70.5,85.0,0.615,0.615,1.0,Travel,Travel & Transportation,Series B,Expansion Stage (Series B),United States,North America,26.0,3.295836866004329,4.955827057601261,4.454347296253507,0,Targeted Multi-Wave Downscalers (Iterative Restructuring)
Wattpad,2,True,2023-03-08,2024-01-30,328,328.0,328.0,62.0,31.0,42.0,0.125,0.125,0.15,Media,Marketing & Media,Acquired,Acquired / Subsidiary,Canada,North America,117.0,4.770684624465665,4.143134726391533,3.7612001156935624,1,Severe Single-Wave Resets (Deep Structural Cuts)
Wave,1,False,2022-07-13,2022-07-13,0,,,300.0,300.0,300.0,0.15,0.15,0.15,Finance,Fintech & Financial Services,Series A,Early Venture (Series A),Senegal,Other / International,292.0,5.680172609017068,5.707110264748875,5.707110264748875,1,Severe Single-Wave Resets (Deep Structural Cuts)
Wave Sports and Entertainment,1,False,2022-06-13,2022-06-13,0,,,56.0,56.0,56.0,0.33,0.33,0.33,Media,Marketing & Media,Series B,Expansion Stage (Series B),United States,North America,65.0,4.189654742026425,4.04305126783455,4.04305126783455,1,Severe Single-Wave Resets (Deep Structural Cuts)
WayCool,3,True,2023-07-11,2024-07-26,381,190.5,151.0,570.0,190.0,300.0,0.12,0.12,0.12,Food,Consumer & Retail,Unknown,Unspecified / Private,India,Asia-Pacific,363.0,5.8971538676367405,6.3473892096560105,5.707110264748875,2,"Enterprise Mega-Downscalers (High Capitalization, Scaled Magnitude)"
Wayfair,5,True,2022-08-19,2025-03-07,931,232.75,56.0,5340.0,1068.0,1750.0,0.07750000000000001,0.07500000000000001,0.13,Retail,Consumer & Retail,Post-IPO,Public (Post-IPO),Germany,Europe,1700.0,7.438971592395862,8.58316818033977,7.467942332285852,2,"Enterprise Mega-Downscalers (High Capitalization, Scaled Magnitude)"
Wayflyer,1,False,2022-11-16,2022-11-16,0,,,200.0,200.0,200.0,0.4,0.4,0.4,Marketing,Marketing & Media,Unknown,Unspecified / Private,Ireland,Europe,889.0,6.7912214627261855,5.303304908059076,5.303304908059076,1,Severe Single-Wave Resets (Deep Structural Cuts)
Waymo,2,True,2023-03-01,2023-10-17,230,230.0,230.0,209.0,209.0,209.0,0.08,0.08,0.08,Transportation,Travel & Transportation,Subsidiary,Unspecified / Private,United States,North America,5500.0,8.612685172875459,5.3471075307174685,5.3471075307174685,2,"Enterprise Mega-Downscalers (High Capitalization, Scaled Magnitude)"
Waze,2,True,2020-09-09,2023-06-27,1021,1021.0,1021.0,30.0,30.0,30.0,0.054,0.054,0.054,Transportation,Travel & Transportation,Acquired,Acquired / Subsidiary,United States,North America,67.0,4.219507705176107,3.4339872044851463,3.4339872044851463,1,Severe Single-Wave Resets (Deep Structural Cuts)
WazirX,1,False,2022-10-02,2022-10-02,0,,,60.0,60.0,60.0,0.4,0.4,0.4,Crypto,Fintech & Financial Services,Acquired,Acquired / Subsidiary,India,Asia-Pacific,,5.159055299214529,4.110873864173311,4.110873864173311,1,Severe Single-Wave Resets (Deep Structural Cuts)
WeTransfer,2,True,2023-10-18,2024-09-08,326,326.0,326.0,295.0,147.5,260.0,0.425,0.425,0.75,Other,Other / Diversified,Acquired,Acquired / Subsidiary,Netherlands,Europe,64.0,4.174387269895637,5.69035945432406,5.564520407322694,1,Severe Single-Wave Resets (Deep Structural Cuts)
WeWork,6,True,2020-03-28,2023-01-19,1027,205.4,19.0,1150.0,230.0,300.0,0.2,0.2,0.2,Real Estate,Real Estate & PropTech,Post-IPO,Public (Post-IPO),United States,North America,22200.0,10.007892611890918,7.048386408721883,5.707110264748875,2,"Enterprise Mega-Downscalers (High Capitalization, Scaled Magnitude)"
Wealthsimple,1,False,2022-06-15,2022-06-15,0,,,159.0,159.0,159.0,0.13,0.13,0.13,Finance,Fintech & Financial Services,Unknown,Unspecified / Private,Canada,North America,900.0,6.803505257608338,5.075173815233827,5.075173815233827,1,Severe Single-Wave Resets (Deep Structural Cuts)
Weedmaps,2,True,2022-08-04,2022-12-06,124,124.0,124.0,175.0,175.0,175.0,0.175,0.175,0.25,Other,Other / Diversified,Acquired,Acquired / Subsidiary,United States,North America,,5.159055299214529,5.170483995038151,5.170483995038151,1,Severe Single-Wave Resets (Deep Structural Cuts)
Weee!,1,False,2022-06-15,2022-06-15,0,,,150.0,150.0,150.0,0.1,0.1,0.1,Food,Consumer & Retail,Series E,Growth Stage (Series E+),United States,North America,863.0,6.761572768804055,5.017279836814924,5.017279836814924,1,Severe Single-Wave Resets (Deep Structural Cuts)
Wejo,1,False,2023-03-22,2023-03-22,0,,,40.0,40.0,40.0,0.16,0.16,0.16,Transportation,Travel & Transportation,Post-IPO,Public (Post-IPO),United Kingdom,Europe,376.0,5.932245187448011,3.713572066704308,3.713572066704308,1,Severe Single-Wave Resets (Deep Structural Cuts)
Welkin Health,1,False,2020-04-24,2020-04-24,0,,,10.0,10.0,10.0,0.33,0.33,0.33,Healthcare,Healthcare & BioTech,Series B,Expansion Stage (Series B),United States,North America,29.0,3.4011973816621555,2.3978952727983707,2.3978952727983707,1,Severe Single-Wave Resets (Deep Structural Cuts)
Welltech,2,True,2025-03-07,2026-04-03,392,392.0,392.0,305.0,152.5,225.0,0.2,0.2,0.3,Fitness,Other / Diversified,Unknown,Unspecified / Private,Cyprus,Other / International,,5.159055299214529,5.723585101952381,5.420534999272286,1,Severe Single-Wave Resets (Deep Structural Cuts)
Western Digital,3,True,2022-11-22,2023-06-13,203,101.5,20.0,522.0,174.0,251.0,0.07,0.07,0.07,Hardware,Hardware & Manufacturing,Post-IPO,Public (Post-IPO),United States,North America,900.0,6.803505257608338,6.259581464064923,5.529429087511423,2,"Enterprise Mega-Downscalers (High Capitalization, Scaled Magnitude)"
Wex,1,False,2024-06-18,2024-06-18,0,,,375.0,375.0,375.0,0.05,0.05,0.05,Finance,Fintech & Financial Services,Post-IPO,Public (Post-IPO),United States,North America,400.0,5.993961427306569,5.929589143389895,5.929589143389895,1,Severe Single-Wave Resets (Deep Structural Cuts)
Whatfix,1,False,2025-12-09,2025-12-09,0,,,60.0,60.0,60.0,0.06,0.06,0.06,AI,Other / Diversified,Series E,Growth Stage (Series E+),India,Asia-Pacific,265.0,5.583496308781699,4.110873864173311,4.110873864173311,1,Severe Single-Wave Resets (Deep Structural Cuts)
Wheel,2,True,2022-08-18,2023-02-01,167,167.0,167.0,91.0,45.5,56.0,0.22500000000000003,0.22500000000000003,0.28,Healthcare,Healthcare & BioTech,Series C,Late Stage (Series C-D),United States,North America,215.0,5.375278407684165,4.5217885770490405,4.04305126783455,1,Severe Single-Wave Resets (Deep Structural Cuts)
When I Work,1,False,2020-04-22,2020-04-22,0,,,55.0,55.0,55.0,0.35,0.35,0.35,HR,Other / Diversified,Series B,Expansion Stage (Series B),United States,North America,24.0,3.2188758248682006,4.02535169073515,4.02535169073515,1,Severe Single-Wave Resets (Deep Structural Cuts)
Wildlife Studios,1,False,2022-11-28,2022-11-28,0,,,300.0,300.0,300.0,0.2,0.2,0.2,Consumer,Consumer & Retail,Unknown,Unspecified / Private,Brazil,Latin America,260.0,5.564520407322694,5.707110264748875,5.707110264748875,1,Severe Single-Wave Resets (Deep Structural Cuts)
Willow,1,False,2022-12-23,2022-12-23,0,,,99.0,99.0,99.0,0.22,0.22,0.22,Real Estate,Real Estate & PropTech,Unknown,Unspecified / Private,Australia,Asia-Pacific,,5.159055299214529,4.605170185988092,4.605170185988092,1,Severe Single-Wave Resets (Deep Structural Cuts)
WillowTree,1,False,2023-05-24,2023-05-24,0,,,120.0,120.0,120.0,0.11,0.11,0.11,Marketing,Marketing & Media,Acquired,Acquired / Subsidiary,United States,North America,,5.159055299214529,4.795790545596741,4.795790545596741,1,Severe Single-Wave Resets (Deep Structural Cuts)
Wint Wealth,1,False,2024-02-14,2024-02-14,0,,,19.0,19.0,19.0,0.2,0.2,0.2,Finance,Fintech & Financial Services,Series A,Early Venture (Series A),India,Asia-Pacific,16.0,2.833213344056216,2.995732273553991,2.995732273553991,1,Severe Single-Wave Resets (Deep Structural Cuts)
WiseTech,2,True,2025-07-23,2026-02-24,216,216.0,216.0,2000.0,2000.0,2000.0,0.3,0.3,0.3,Logistics,Travel & Transportation,Post-IPO,Public (Post-IPO),Australia,Asia-Pacific,3000.0,8.006700845440367,7.601402334583733,7.601402334583733,2,"Enterprise Mega-Downscalers (High Capitalization, Scaled Magnitude)"
Wish,3,True,2022-03-01,2023-07-27,513,256.5,177.0,595.0,198.33333333333334,255.0,0.22,0.17,0.34,Retail,Consumer & Retail,Post-IPO,Public (Post-IPO),United States,North America,1600.0,7.3783837129967145,6.39024066706535,5.545177444479562,2,"Enterprise Mega-Downscalers (High Capitalization, Scaled Magnitude)"
Wix,3,True,2022-08-09,2026-05-25,1385,692.5,190.0,1470.0,490.0,1000.0,0.13,0.13,0.2,Marketing,Marketing & Media,Post-IPO,Public (Post-IPO),Israel,Middle East,58.0,4.07753744390572,7.293697720601438,6.90875477931522,2,"Enterprise Mega-Downscalers (High Capitalization, Scaled Magnitude)"
Wonder,3,True,2020-04-02,2026-09-01,2343,1171.5,972.0,280.0,140.0,150.0,0.07,0.07,0.07,Food,Consumer & Retail,Series B,Expansion Stage (Series B),United States,North America,850.0,6.7464121285733745,5.638354669333745,5.017279836814924,2,"Enterprise Mega-Downscalers (High Capitalization, Scaled Magnitude)"
Wonderschool,2,True,2020-03-25,2023-02-10,1052,1052.0,1052.0,50.0,50.0,50.0,0.75,0.75,0.75,Education,EdTech & Learning,Series A,Early Venture (Series A),United States,North America,24.0,3.2188758248682006,3.9318256327243257,3.9318256327243257,0,Targeted Multi-Wave Downscalers (Iterative Restructuring)
Wonolo,1,False,2020-04-01,2020-04-01,0,,,46.0,46.0,46.0,0.13,0.13,0.13,Recruiting,Professional Services,Series C,Late Stage (Series C-D),United States,North America,52.0,3.970291913552122,3.8501476017100584,3.8501476017100584,1,Severe Single-Wave Resets (Deep Structural Cuts)
Wordstream,1,False,2020-04-06,2020-04-06,0,,,26.0,26.0,26.0,0.1,0.1,0.1,Marketing,Marketing & Media,Acquired,Acquired / Subsidiary,United States,North America,28.0,3.367295829986474,3.295836866004329,3.295836866004329,1,Severe Single-Wave Resets (Deep Structural Cuts)
WorkRamp,1,False,2022-09-15,2022-09-15,0,,,35.0,35.0,35.0,0.2,0.2,0.2,HR,Other / Diversified,Series C,Late Stage (Series C-D),United States,North America,67.0,4.219507705176107,3.58351893845611,3.58351893845611,1,Severe Single-Wave Resets (Deep Structural Cuts)
Workable,1,False,2020-05-05,2020-05-05,0,,,25.0,25.0,25.0,0.1,0.1,0.1,Recruiting,Professional Services,Series C,Late Stage (Series C-D),United States,North America,84.0,4.442651256490317,3.258096538021482,3.258096538021482,1,Severe Single-Wave Resets (Deep Structural Cuts)
Workato,1,False,2023-02-01,2023-02-01,0,,,90.0,90.0,90.0,0.1,0.1,0.1,Other,Other / Diversified,Series E,Growth Stage (Series E+),United States,North America,415.0,6.030685260261263,4.51085950651685,4.51085950651685,1,Severe Single-Wave Resets (Deep Structural Cuts)
Workday,3,True,2023-01-31,2026-02-04,1100,550.0,364.0,2675.0,891.6666666666666,1750.0,0.043333333333333335,0.03,0.08,HR,Other / Diversified,Post-IPO,Public (Post-IPO),United States,North America,230.0,5.442417710521793,7.892078421248119,7.467942332285852,2,"Enterprise Mega-Downscalers (High Capitalization, Scaled Magnitude)"
Workhuman,1,False,2023-03-21,2023-03-21,0,,,130.0,130.0,130.0,0.1,0.1,0.1,HR,Other / Diversified,Unknown,Unspecified / Private,Ireland,Europe,131.0,4.882801922586371,4.875197323201151,4.875197323201151,1,Severe Single-Wave Resets (Deep Structural Cuts)
Workmotion,1,False,2022-12-15,2022-12-15,0,,,60.0,60.0,60.0,0.2,0.2,0.2,HR,Other / Diversified,Series B,Expansion Stage (Series B),Germany,Europe,76.0,4.343805421853684,4.110873864173311,4.110873864173311,1,Severe Single-Wave Resets (Deep Structural Cuts)
Worksmith,1,False,2020-11-09,2020-11-09,0,,,30.0,30.0,30.0,0.5,0.5,0.5,Retail,Consumer & Retail,Unknown,Unspecified / Private,United States,North America,3.8,1.5686159179138452,3.4339872044851463,3.4339872044851463,0,Targeted Multi-Wave Downscalers (Iterative Restructuring)
Woven,1,False,2022-08-16,2022-08-16,0,,,5.0,5.0,5.0,0.15,0.15,0.15,HR,Other / Diversified,Series A,Early Venture (Series A),United States,North America,11.0,2.4849066497880004,1.791759469228055,1.791759469228055,1,Severe Single-Wave Resets (Deep Structural Cuts)
Xendit,4,True,2022-10-04,2024-01-22,475,158.33333333333334,0.0,200.0,200.0,200.0,0.05,0.05,0.05,Finance,Fintech & Financial Services,Series D,Late Stage (Series C-D),Indonesia,Asia-Pacific,534.0,6.282266746896006,5.303304908059076,5.303304908059076,2,"Enterprise Mega-Downscalers (High Capitalization, Scaled Magnitude)"
Xentral,1,False,2022-12-10,2022-12-10,0,,,20.0,20.0,20.0,0.1,0.1,0.1,Product,Other / Diversified,Series B,Expansion Stage (Series B),Germany,Europe,94.0,4.553876891600541,3.044522437723423,3.044522437723423,1,Severe Single-Wave Resets (Deep Structural Cuts)
Xero,2,True,2023-03-09,2026-02-18,1077,1077.0,1077.0,1050.0,525.0,800.0,0.15,0.15,0.15,Finance,Fintech & Financial Services,Post-IPO,Public (Post-IPO),New Zealand,Asia-Pacific,681.0,6.525029657843462,6.957497370876951,6.68586094706836,2,"Enterprise Mega-Downscalers (High Capitalization, Scaled Magnitude)"
Xerox,1,False,2024-01-03,2024-01-03,0,,,3000.0,3000.0,3000.0,0.15,0.15,0.15,Hardware,Hardware & Manufacturing,Post-IPO,Public (Post-IPO),United States,North America,27200.0,10.211009016314167,8.006700845440367,8.006700845440367,2,"Enterprise Mega-Downscalers (High Capitalization, Scaled Magnitude)"
Xiaohongshu,1,False,2022-04-21,2022-04-21,0,,,180.0,180.0,180.0,0.09,0.09,0.09,Consumer,Consumer & Retail,Series E,Growth Stage (Series E+),China,Asia-Pacific,917.0,6.822197390620491,5.198497031265826,5.198497031265826,1,Severe Single-Wave Resets (Deep Structural Cuts)
Yahoo,3,True,2023-02-09,2024-12-12,672,336.0,299.0,1600.0,1600.0,1600.0,0.2,0.2,0.2,Consumer,Consumer & Retail,Acquired,Acquired / Subsidiary,United States,North America,6.0,1.9459101490553132,7.3783837129967145,7.3783837129967145,2,"Enterprise Mega-Downscalers (High Capitalization, Scaled Magnitude)"
Yellow.ai,2,True,2023-03-01,2025-12-23,1028,1028.0,1028.0,300.0,150.0,200.0,0.3,0.3,0.3,Support,Enterprise & Infrastructure,Series C,Late Stage (Series C-D),United States,North America,102.0,4.634728988229636,5.707110264748875,5.303304908059076,2,"Enterprise Mega-Downscalers (High Capitalization, Scaled Magnitude)"
Yelp,2,True,2020-04-09,2020-07-13,95,95.0,95.0,1063.0,531.5,1000.0,0.17,0.17,0.17,Consumer,Consumer & Retail,Post-IPO,Public (Post-IPO),United States,North America,56.0,4.04305126783455,6.96979066990159,6.90875477931522,1,Severe Single-Wave Resets (Deep Structural Cuts)
Ynsect,1,False,2023-04-17,2023-04-17,0,,,17.0,17.0,17.0,0.25,0.25,0.25,Food,Consumer & Retail,Series D,Late Stage (Series C-D),France,Europe,579.0,6.363028103540465,2.8903717578961645,2.8903717578961645,1,Severe Single-Wave Resets (Deep Structural Cuts)
Yojak,1,False,2022-06-02,2022-06-02,0,,,140.0,140.0,140.0,0.5,0.5,0.5,Construction,Other / Diversified,Seed,Early Stage (Seed),India,Asia-Pacific,3.0,1.3862943611198906,4.948759890378168,4.948759890378168,0,Targeted Multi-Wave Downscalers (Iterative Restructuring)
Yotpo,2,True,2022-11-16,2025-08-05,993,993.0,993.0,270.0,135.0,200.0,0.21500000000000002,0.21500000000000002,0.34,Marketing,Marketing & Media,Unknown,Unspecified / Private,United States,North America,436.0,6.07993319509559,5.602118820879701,5.303304908059076,2,"Enterprise Mega-Downscalers (High Capitalization, Scaled Magnitude)"
Zak,1,False,2022-05-16,2022-05-16,0,,,100.0,100.0,100.0,0.4,0.4,0.4,Food,Consumer & Retail,Series A,Early Venture (Series A),Brazil,Latin America,29.0,3.4011973816621555,4.61512051684126,4.61512051684126,1,Severe Single-Wave Resets (Deep Structural Cuts)
Zebra Technologies,2,True,2023-08-28,2025-12-12,837,837.0,837.0,700.0,700.0,700.0,0.07,0.07,0.07,Manufacturing,Hardware & Manufacturing,Post-IPO,Public (Post-IPO),United States,North America,2000.0,7.601402334583733,6.55250788703459,6.55250788703459,2,"Enterprise Mega-Downscalers (High Capitalization, Scaled Magnitude)"
Zego,1,False,2022-07-14,2022-07-14,0,,,85.0,85.0,85.0,0.17,0.17,0.17,Finance,Fintech & Financial Services,Series C,Late Stage (Series C-D),United Kingdom,Europe,202.0,5.313205979041787,4.454347296253507,4.454347296253507,1,Severe Single-Wave Resets (Deep Structural Cuts)
Zeitgold,1,False,2020-07-27,2020-07-27,0,,,75.0,75.0,75.0,0.72,0.72,0.72,Finance,Fintech & Financial Services,Series B,Expansion Stage (Series B),Germany,Europe,60.18,4.113820338722757,4.330733340286331,4.330733340286331,0,Targeted Multi-Wave Downscalers (Iterative Restructuring)
Zencity,2,True,2022-07-20,2026-06-07,1418,1418.0,1418.0,45.0,22.5,30.0,0.2,0.2,0.2,Other,Other / Diversified,Unknown,Unspecified / Private,Israel,Middle East,51.0,3.9512437185814275,3.828641396489095,3.4339872044851463,1,Severe Single-Wave Resets (Deep Structural Cuts)
Zendesk,5,True,2022-08-04,2026-03-24,1328,332.0,95.0,901.0,180.2,350.0,0.065,0.065,0.08,Support,Enterprise & Infrastructure,Acquired,Acquired / Subsidiary,United States,North America,85.0,4.454347296253507,6.804614520062624,5.860786223465865,2,"Enterprise Mega-Downscalers (High Capitalization, Scaled Magnitude)"
Zenefits,1,False,2020-04-23,2020-04-23,0,,,87.0,87.0,87.0,0.15,0.15,0.15,HR,Other / Diversified,Series C,Late Stage (Series C-D),United States,North America,583.0,6.369900982828227,4.477336814478207,4.477336814478207,1,Severe Single-Wave Resets (Deep Structural Cuts)
Zenius,2,True,2022-05-24,2022-08-04,72,72.0,72.0,200.0,200.0,200.0,0.3,0.3,0.3,Education,EdTech & Learning,Series B,Expansion Stage (Series B),Indonesia,Asia-Pacific,20.0,3.044522437723423,5.303304908059076,5.303304908059076,1,Severe Single-Wave Resets (Deep Structural Cuts)
Zenoti,1,False,2020-03-31,2020-03-31,0,,,17.0,17.0,17.0,0.04,0.04,0.04,Fitness,Other / Diversified,Series C,Late Stage (Series C-D),United States,North America,91.0,4.5217885770490405,2.8903717578961645,2.8903717578961645,1,Severe Single-Wave Resets (Deep Structural Cuts)
Zeplin,1,False,2023-08-30,2023-08-30,0,,,37.0,37.0,37.0,0.35,0.35,0.35,Product,Other / Diversified,Seed,Early Stage (Seed),United States,North America,1.0,0.6931471805599453,3.6375861597263857,3.6375861597263857,1,Severe Single-Wave Resets (Deep Structural Cuts)
Zepto,2,True,2022-07-02,2025-10-18,1204,1204.0,1204.0,300.0,300.0,300.0,0.07500000000000001,0.07500000000000001,0.1,Retail,Consumer & Retail,Series H,Growth Stage (Series E+),India,Asia-Pacific,2600.0,7.8636512654486515,5.707110264748875,5.707110264748875,2,"Enterprise Mega-Downscalers (High Capitalization, Scaled Magnitude)"
Zepz,3,True,2023-05-16,2025-02-12,638,319.0,198.0,650.0,216.66666666666666,420.0,0.16,0.2,0.26,Finance,Fintech & Financial Services,Series E,Growth Stage (Series E+),United Kingdom,Europe,700.0,6.55250788703459,6.478509642208569,6.042632833682381,2,"Enterprise Mega-Downscalers (High Capitalization, Scaled Magnitude)"
ZestMoney,2,True,2023-04-07,2023-12-05,242,242.0,242.0,250.0,125.0,150.0,0.6,0.6,1.0,Finance,Fintech & Financial Services,Series C,Late Stage (Series C-D),India,Asia-Pacific,120.0,4.795790545596741,5.5254529391317835,5.017279836814924,0,Targeted Multi-Wave Downscalers (Iterative Restructuring)
Zeus Living,4,True,2020-03-24,2023-11-07,1323,441.0,49.0,217.0,72.33333333333333,80.0,0.565,0.48,1.0,Real Estate,Real Estate & PropTech,Series C,Late Stage (Series C-D),United States,North America,151.0,5.0238805208462765,5.384495062789089,4.394449154672439,2,"Enterprise Mega-Downscalers (High Capitalization, Scaled Magnitude)"
Zilingo,2,True,2020-04-17,2020-07-09,83,83.0,83.0,144.0,72.0,100.0,0.08499999999999999,0.08499999999999999,0.12,Retail,Consumer & Retail,Series D,Late Stage (Series C-D),Singapore,Asia-Pacific,307.0,5.730099782973574,4.976733742420574,4.61512051684126,1,Severe Single-Wave Resets (Deep Structural Cuts)
Zillow,6,True,2021-11-02,2026-08-04,1736,347.2,183.0,3023.0,604.6,2000.0,0.12333333333333334,0.07,0.25,Real Estate,Real Estate & PropTech,Post-IPO,Public (Post-IPO),United States,North America,97.0,4.584967478670572,8.014335737299424,7.601402334583733,2,"Enterprise Mega-Downscalers (High Capitalization, Scaled Magnitude)"
Zip,1,False,2023-07-02,2023-07-02,0,,,300.0,300.0,300.0,0.2,0.2,0.2,Finance,Fintech & Financial Services,Post-IPO,Public (Post-IPO),Australia,Asia-Pacific,896.0,6.799055862058796,5.707110264748875,5.707110264748875,1,Severe Single-Wave Resets (Deep Structural Cuts)
ZipRecruiter,3,True,2020-03-29,2025-09-16,1997,998.5,839.0,750.0,250.0,400.0,0.29500000000000004,0.29500000000000004,0.39,Recruiting,Professional Services,Post-IPO,Public (Post-IPO),United States,North America,769.0,6.646390514847729,6.621405651764134,5.993961427306569,2,"Enterprise Mega-Downscalers (High Capitalization, Scaled Magnitude)"
Zipcar,2,True,2020-03-27,2026-02-02,2138,2138.0,2138.0,226.0,113.0,126.0,0.2,0.2,0.2,Transportation,Travel & Transportation,Acquired,Acquired / Subsidiary,United States,North America,107.0,4.68213122712422,5.424950017481403,4.844187086458591,2,"Enterprise Mega-Downscalers (High Capitalization, Scaled Magnitude)"
Zomato,5,True,2020-05-15,2026-08-31,2299,574.75,158.0,1470.0,367.5,600.0,0.085,0.085,0.13,Food,Consumer & Retail,Series J,Growth Stage (Series E+),India,Asia-Pacific,914.0,6.818924065275521,7.293697720601438,6.398594934535208,2,"Enterprise Mega-Downscalers (High Capitalization, Scaled Magnitude)"
Zoom,2,True,2023-02-07,2024-02-01,359,359.0,359.0,1450.0,725.0,1300.0,0.08499999999999999,0.08499999999999999,0.15,Other,Other / Diversified,Post-IPO,Public (Post-IPO),United States,North America,276.0,5.6240175061873385,7.280008252884188,7.170888478512505,2,"Enterprise Mega-Downscalers (High Capitalization, Scaled Magnitude)"
ZoomInfo,3,True,2023-06-02,2026-05-10,1073,536.5,335.0,870.0,290.0,600.0,0.09000000000000001,0.04,0.2,Sales,Professional Services,Post-IPO,Public (Post-IPO),United States,North America,7.0,2.0794415416798357,6.769641976852503,6.398594934535208,2,"Enterprise Mega-Downscalers (High Capitalization, Scaled Magnitude)"
Zoomo,2,True,2022-10-04,2023-05-02,210,210.0,210.0,92.0,46.0,65.0,0.12,0.12,0.16,Transportation,Travel & Transportation,Series B,Expansion Stage (Series B),Australia,Asia-Pacific,105.0,4.663439094112067,4.532599493153256,4.189654742026425,1,Severe Single-Wave Resets (Deep Structural Cuts)
Zoox,2,True,2020-04-03,2020-04-13,10,10.0,10.0,220.0,110.0,120.0,0.1,0.1,0.1,Transportation,Travel & Transportation,Series B,Expansion Stage (Series B),United States,North America,955.0,6.862757913051401,5.3981627015177525,4.795790545596741,1,Severe Single-Wave Resets (Deep Structural Cuts)
Zscaler,2,True,2023-03-02,2026-09-03,1281,1281.0,1281.0,177.0,177.0,177.0,0.03,0.03,0.03,Security,Enterprise & Infrastructure,Post-IPO,Public (Post-IPO),United States,North America,148.0,5.003946305945459,5.181783550292085,5.181783550292085,2,"Enterprise Mega-Downscalers (High Capitalization, Scaled Magnitude)"
Zulily,4,True,2022-05-16,2023-12-08,571,190.33333333333334,101.0,839.0,839.0,839.0,1.0,1.0,1.0,Retail,Consumer & Retail,Acquired,Acquired / Subsidiary,United States,North America,194.0,5.272999558563747,6.733401891837359,6.733401891837359,0,Targeted Multi-Wave Downscalers (Iterative Restructuring)
Zume,2,True,2020-04-15,2023-06-02,1143,1143.0,1143.0,200.0,200.0,200.0,0.835,0.835,1.0,Food,Consumer & Retail,Unknown,Unspecified / Private,United States,North America,423.0,6.049733455231958,5.303304908059076,5.303304908059076,0,Targeted Multi-Wave Downscalers (Iterative Restructuring)
Zumper,1,False,2022-06-16,2022-06-16,0,,,45.0,45.0,45.0,0.15,0.15,0.15,Real Estate,Real Estate & PropTech,Series D,Late Stage (Series C-D),United States,North America,178.0,5.187385805840755,3.828641396489095,3.828641396489095,1,Severe Single-Wave Resets (Deep Structural Cuts)
Zupee,2,True,2025-09-11,2026-01-30,141,141.0,141.0,370.0,185.0,200.0,0.3,0.3,0.3,Consumer,Consumer & Retail,Series B,Expansion Stage (Series B),India,Asia-Pacific,121.0,4.804021044733257,5.916202062607435,5.303304908059076,1,Severe Single-Wave Resets (Deep Structural Cuts)
Zwift,4,True,2020-03-23,2024-02-05,1414,471.3333333333333,299.0,230.0,115.0,150.0,0.15,0.15,0.15,Fitness,Other / Diversified,Series C,Late Stage (Series C-D),United States,North America,619.0,6.429719478039138,5.442417710521793,5.017279836814924,2,"Enterprise Mega-Downscalers (High Capitalization, Scaled Magnitude)"
Zymergen,5,True,2020-05-13,2023-05-03,1085,271.25,32.0,307.0,76.75,120.0,0.1,0.1,0.1,Other,Other / Diversified,Acquired,Acquired / Subsidiary,United States,North America,974.0,6.882437470997847,5.730099782973574,4.795790545596741,2,"Enterprise Mega-Downscalers (High Capitalization, Scaled Magnitude)"
eBay,7,True,2023-02-07,2026-02-26,1115,185.83333333333334,37.0,2540.0,423.3333333333333,1000.0,0.06333333333333334,0.06,0.09,Retail,Consumer & Retail,Post-IPO,Public (Post-IPO),Israel,Middle East,1200.0,7.0909098220799835,7.840312983320164,6.90875477931522,2,"Enterprise Mega-Downscalers (High Capitalization, Scaled Magnitude)"
eGym,1,False,2020-04-02,2020-04-02,0,,,100.0,100.0,100.0,0.25,0.25,0.25,Fitness,Other / Diversified,Series D,Late Stage (Series C-D),Germany,Europe,109.0,4.700480365792417,4.61512051684126,4.61512051684126,1,Severe Single-Wave Resets (Deep Structural Cuts)
eToro,2,True,2022-07-05,2026-01-13,1288,1288.0,1288.0,205.0,102.5,105.0,0.065,0.065,0.07,Finance,Fintech & Financial Services,Unknown,Unspecified / Private,Israel,Middle East,322.0,5.777652323222656,5.327876168789581,4.663439094112067,2,"Enterprise Mega-Downscalers (High Capitalization, Scaled Magnitude)"
ezCater,2,True,2020-04-07,2025-11-21,2054,2054.0,2054.0,440.0,220.0,400.0,0.24,0.24,0.44,Food,Consumer & Retail,Series D,Late Stage (Series C-D),United States,North America,319.0,5.768320995793772,6.089044875446846,5.993961427306569,2,"Enterprise Mega-Downscalers (High Capitalization, Scaled Magnitude)"
iCAD,1,False,2023-03-29,2023-03-29,0,,,23.0,23.0,23.0,0.28,0.28,0.28,Healthcare,Healthcare & BioTech,Post-IPO,Public (Post-IPO),United States,North America,59.0,4.0943445622221,3.1780538303479458,3.1780538303479458,1,Severe Single-Wave Resets (Deep Structural Cuts)
iFit,3,True,2021-12-08,2022-11-14,341,170.5,79.0,300.0,300.0,300.0,0.2,0.2,0.2,Fitness,Other / Diversified,Private Equity,Private Equity Owned,United States,North America,200.0,5.303304908059076,5.707110264748875,5.707110264748875,2,"Enterprise Mega-Downscalers (High Capitalization, Scaled Magnitude)"
iFood,1,False,2023-03-01,2023-03-01,0,,,355.0,355.0,355.0,0.06,0.06,0.06,Food,Consumer & Retail,Subsidiary,Unspecified / Private,Brazil,Latin America,2100.0,7.650168700845001,5.87493073085203,5.87493073085203,1,Severe Single-Wave Resets (Deep Structural Cuts)
iPrice Group,1,False,2022-06-08,2022-06-08,0,,,50.0,50.0,50.0,0.2,0.2,0.2,Retail,Consumer & Retail,Unknown,Unspecified / Private,Malaysia,Asia-Pacific,26.0,3.295836866004329,3.9318256327243257,3.9318256327243257,1,Severe Single-Wave Resets (Deep Structural Cuts)
iRobot,4,True,2022-08-05,2024-11-06,824,274.6666666666667,192.0,680.0,170.0,350.0,0.16,0.13,0.31,Consumer,Consumer & Retail,Post-IPO,Public (Post-IPO),United States,North America,30.0,3.4339872044851463,6.523562306149512,5.860786223465865,2,"Enterprise Mega-Downscalers (High Capitalization, Scaled Magnitude)"
nCino,2,True,2023-01-18,2025-05-27,860,860.0,860.0,100.0,100.0,100.0,0.07,0.07,0.07,Finance,Fintech & Financial Services,Post-IPO,Public (Post-IPO),United States,North America,1100.0,7.00397413672268,4.61512051684126,4.61512051684126,2,"Enterprise Mega-Downscalers (High Capitalization, Scaled Magnitude)"
uShip,1,False,2020-03-31,2020-03-31,0,,,65.0,65.0,65.0,0.37,0.37,0.37,Logistics,Travel & Transportation,Series D,Late Stage (Series C-D),United States,North America,69.0,4.248495242049359,4.189654742026425,4.189654742026425,1,Severe Single-Wave Resets (Deep Structural Cuts)
