company,event_count,is_repeated,first_layoff_date,last_layoff_date,timespan_days,mean_inter_event_days,min_inter_event_days,total_laid_off,mean_laid_off,max_laid_off,mean_percentage,median_percentage,max_percentage,industry,industry_group,stage,stage_group,country,region,funds_raised,funds_raised_log,total_laid_off_log
#Paid,1,False,2023-01-27,2023-01-27,0,,,19.0,19.0,19.0,0.17,0.17,0.17,Marketing,Marketing & Media,Series B,Expansion Stage (Series B),Canada,North America,21.0,3.091042453358316,2.995732273553991
&Open,1,False,2022-11-17,2022-11-17,0,,,9.0,9.0,9.0,0.09,0.09,0.09,Marketing,Marketing & Media,Series A,Early Venture (Series A),Ireland,Europe,35.0,3.58351893845611,2.302585092994046
0G,1,False,2026-05-05,2026-05-05,0,,,,,,0.25,0.25,0.25,Crypto,Fintech & Financial Services,Unknown,Unspecified / Private,United States,North America,,,
100 Thieves,2,True,2022-07-13,2023-01-10,181,181.0,181.0,12.0,12.0,12.0,,,,Retail,Consumer & Retail,Series C,Late Stage (Series C-D),United States,North America,120.0,4.795790545596741,2.5649493574615367
10X Genomics,1,False,2022-08-04,2022-08-04,0,,,100.0,100.0,100.0,0.08,0.08,0.08,Healthcare,Healthcare & BioTech,Post-IPO,Public (Post-IPO),United States,North America,242.0,5.493061443340548,4.61512051684126
123Milhas,1,False,2023-08-29,2023-08-29,0,,,,,,,,,Travel,Travel & Transportation,Unknown,Unspecified / Private,Brazil,Latin America,,,
1K Kirana,1,False,2023-04-04,2023-04-04,0,,,600.0,600.0,600.0,0.4,0.4,0.4,Retail,Consumer & Retail,Series B,Expansion Stage (Series B),India,Asia-Pacific,,,6.398594934535208
1stdibs,1,False,2020-04-02,2020-04-02,0,,,70.0,70.0,70.0,0.17,0.17,0.17,Retail,Consumer & Retail,Series D,Late Stage (Series C-D),United States,North America,253.0,5.537334267018537,4.2626798770413155
23andMe,3,True,2023-06-09,2024-11-11,521,260.5,60.0,346.0,115.33333333333333,200.0,0.20000000000000004,0.11,0.4,Healthcare,Healthcare & BioTech,Post-IPO,Public (Post-IPO),United States,North America,1100.0,7.00397413672268,5.849324779946859
2TM,2,True,2022-06-01,2022-09-01,92,92.0,92.0,190.0,95.0,100.0,0.135,0.135,0.15,Crypto,Fintech & Financial Services,Unknown,Unspecified / Private,Brazil,Latin America,250.0,5.5254529391317835,5.25227342804663
2U,5,True,2022-07-28,2025-03-31,977,244.25,116.0,,,,0.2,0.2,0.2,Education,EdTech & Learning,Post-IPO,Public (Post-IPO),United States,North America,426.0,6.056784013228625,
54gene,1,False,2022-08-29,2022-08-29,0,,,95.0,95.0,95.0,0.3,0.3,0.3,Healthcare,Healthcare & BioTech,Series B,Expansion Stage (Series B),United States,North America,44.0,3.8066624897703196,4.564348191467836
5B Solar,1,False,2022-06-03,2022-06-03,0,,,,,,0.25,0.25,0.25,Energy,Other / Diversified,Series A,Early Venture (Series A),Australia,Asia-Pacific,12.0,2.5649493574615367,
6sense,1,False,2022-10-12,2022-10-12,0,,,150.0,150.0,150.0,0.1,0.1,0.1,Sales,Professional Services,Series E,Growth Stage (Series E+),United States,North America,426.0,6.056784013228625,5.017279836814924
7Shifts,1,False,2024-01-11,2024-01-11,0,,,68.0,68.0,68.0,0.19,0.19,0.19,Food,Consumer & Retail,Series C,Late Stage (Series C-D),Canada,North America,131.0,4.882801922586371,4.23410650459726
7shifts,1,False,2023-09-15,2023-09-15,0,,,30.0,30.0,30.0,0.07,0.07,0.07,Food,Consumer & Retail,Series C,Late Stage (Series C-D),Canada,North America,131.0,4.882801922586371,3.4339872044851463
80 Acres Farms,2,True,2023-01-18,2026-08-04,1294,1294.0,1294.0,,,,0.55,0.55,1.0,Food,Consumer & Retail,Unknown,Unspecified / Private,United States,North America,275.0,5.62040086571715,
888,1,False,2024-01-11,2024-01-11,0,,,,,,,,,Consumer,Consumer & Retail,Post-IPO,Public (Post-IPO),Israel,Middle East,,,
8x8,2,True,2022-10-04,2023-01-18,106,106.0,106.0,355.0,177.5,200.0,0.08,0.08,0.09,Support,Enterprise & Infrastructure,Post-IPO,Public (Post-IPO),United States,North America,253.0,5.537334267018537,5.87493073085203
91Trucks,1,False,2026-06-22,2026-06-22,0,,,100.0,100.0,100.0,0.7,0.7,0.7,Transportation,Travel & Transportation,Series A,Early Venture (Series A),India,Asia-Pacific,5.0,1.791759469228055,4.61512051684126
98point6,2,True,2022-07-21,2024-04-23,642,642.0,642.0,,,,0.1,0.1,0.1,Healthcare,Healthcare & BioTech,Acquired,Acquired / Subsidiary,United States,North America,299.0,5.703782474656201,
99,1,False,2022-09-20,2022-09-20,0,,,75.0,75.0,75.0,0.02,0.02,0.02,Transportation,Travel & Transportation,Acquired,Acquired / Subsidiary,Brazil,Latin America,244.0,5.501258210544727,4.330733340286331
ABBYY,1,False,2024-10-01,2024-10-01,0,,,200.0,200.0,200.0,,,,Data,Enterprise & Infrastructure,Unknown,Unspecified / Private,Cyprus,Other / International,6.0,1.9459101490553132,5.303304908059076
ABL,1,False,2024-09-03,2024-09-03,0,,,,,,,,,Aerospace,Hardware & Manufacturing,Unknown,Unspecified / Private,United States,North America,479.0,6.173786103901937,
ADP,1,False,2026-06-26,2026-06-26,0,,,76.0,76.0,76.0,,,,HR,Other / Diversified,Post-IPO,Public (Post-IPO),United States,North America,,,4.343805421853684
AEye,1,False,2023-03-28,2023-03-28,0,,,46.0,46.0,46.0,0.33,0.33,0.33,Transportation,Travel & Transportation,Post-IPO,Public (Post-IPO),United States,North America,314.0,5.752572638825633,3.8501476017100584
AI Fleet,1,False,2025-11-13,2025-11-13,0,,,,,,,,,Transportation,Travel & Transportation,Series B,Expansion Stage (Series B),United States,North America,56.0,4.04305126783455,
AI21 Labs,1,False,2026-05-18,2026-05-18,0,,,110.0,110.0,110.0,0.61,0.61,0.61,AI,Other / Diversified,Series D,Late Stage (Series C-D),Israel,Middle East,626.0,6.440946540632921,4.709530201312334
ALI Technologies,1,False,2024-01-16,2024-01-16,0,,,,,,1.0,1.0,1.0,Transportation,Travel & Transportation,Unknown,Unspecified / Private,Japan,Asia-Pacific,,,
AMD,1,False,2024-11-13,2024-11-13,0,,,1000.0,1000.0,1000.0,0.04,0.04,0.04,Hardware,Hardware & Manufacturing,Post-IPO,Public (Post-IPO),United States,North America,,,6.90875477931522
ANS Commerce,1,False,2025-03-02,2025-03-02,0,,,,,,1.0,1.0,1.0,Retail,Consumer & Retail,Acquired,Acquired / Subsidiary,India,Asia-Pacific,2.0,1.0986122886681098,
ASML,1,False,2026-01-28,2026-01-28,0,,,1700.0,1700.0,1700.0,,,,Hardware,Hardware & Manufacturing,Post-IPO,Public (Post-IPO),Netherlands,Europe,,,7.438971592395862
AU10TIX,1,False,2023-01-31,2023-01-31,0,,,19.0,19.0,19.0,0.09,0.09,0.09,Security,Enterprise & Infrastructure,Unknown,Unspecified / Private,Israel,Middle East,80.0,4.394449154672439,2.995732273553991
Aakash,1,False,2024-09-18,2024-09-18,0,,,80.0,80.0,80.0,,,,Education,EdTech & Learning,Acquired,Acquired / Subsidiary,India,Asia-Pacific,,,4.394449154672439
Abra,1,False,2022-06-30,2022-06-30,0,,,12.0,12.0,12.0,0.05,0.05,0.05,Crypto,Fintech & Financial Services,Series C,Late Stage (Series C-D),United States,North America,106.0,4.672828834461906,2.5649493574615367
Absci,2,True,2022-08-09,2023-09-05,392,392.0,392.0,70.0,35.0,40.0,0.15,0.15,0.15,Healthcare,Healthcare & BioTech,Post-IPO,Public (Post-IPO),United States,North America,238.0,5.476463551931511,4.2626798770413155
Absolute Software,1,False,2023-04-06,2023-04-06,0,,,40.0,40.0,40.0,0.05,0.05,0.05,Security,Enterprise & Infrastructure,Post-IPO,Public (Post-IPO),Canada,North America,,,3.713572066704308
Acast,1,False,2022-09-15,2022-09-15,0,,,70.0,70.0,70.0,0.15,0.15,0.15,Media,Marketing & Media,Post-IPO,Public (Post-IPO),Sweden,Europe,126.0,4.844187086458591,4.2626798770413155
Accolade,1,False,2023-03-03,2023-03-03,0,,,,,,,,,Healthcare,Healthcare & BioTech,Post-IPO,Public (Post-IPO),United States,North America,458.0,6.129050210060545,
Acko,2,True,2020-04-01,2026-04-20,2210,2210.0,2210.0,105.0,52.5,60.0,0.07,0.07,0.09,Finance,Fintech & Financial Services,Unknown,Unspecified / Private,India,Asia-Pacific,143.0,4.969813299576001,4.663439094112067
Acorns,1,False,2020-05-26,2020-05-26,0,,,50.0,50.0,50.0,,,,Finance,Fintech & Financial Services,Unknown,Unspecified / Private,United States,North America,207.0,5.337538079701318,3.9318256327243257
Acronis,1,False,2023-10-11,2023-10-11,0,,,,,,,,,Security,Enterprise & Infrastructure,Private Equity,Private Equity Owned,Switzerland,Europe,658.0,6.490723534502507,
Actifio,1,False,2020-12-16,2020-12-16,0,,,54.0,54.0,54.0,,,,Data,Enterprise & Infrastructure,Acquired,Acquired / Subsidiary,United States,North America,352.0,5.8664680569332965,4.007333185232471
ActiveCampaign,1,False,2022-10-03,2022-10-03,0,,,,,,0.15,0.15,0.15,Marketing,Marketing & Media,Series C,Late Stage (Series C-D),United States,North America,360.0,5.8888779583328805,
ActiveFence,1,False,2025-03-13,2025-03-13,0,,,22.0,22.0,22.0,0.07,0.07,0.07,Security,Enterprise & Infrastructure,Series B,Expansion Stage (Series B),United States,North America,100.0,4.61512051684126,3.1354942159291497
Actyv.ai,1,False,2023-08-02,2023-08-02,0,,,,,,0.6,0.6,0.6,Finance,Fintech & Financial Services,Seed,Early Stage (Seed),India,Asia-Pacific,12.0,2.5649493574615367,
Acxiom,2,True,2023-04-11,2025-03-19,708,708.0,708.0,130.0,130.0,130.0,0.03,0.03,0.03,Marketing,Marketing & Media,Post-IPO,Public (Post-IPO),United States,North America,,,4.875197323201151
AdRoll,1,False,2020-03-31,2020-03-31,0,,,210.0,210.0,210.0,0.3,0.3,0.3,Marketing,Marketing & Media,Series C,Late Stage (Series C-D),United States,North America,89.0,4.499809670330265,5.351858133476067
Ada,2,True,2022-09-20,2023-02-01,134,134.0,134.0,78.0,78.0,78.0,0.16,0.16,0.16,Support,Enterprise & Infrastructure,Series C,Late Stage (Series C-D),Canada,North America,190.0,5.25227342804663,4.3694478524670215
Ada Health,1,False,2022-10-17,2022-10-17,0,,,50.0,50.0,50.0,,,,Healthcare,Healthcare & BioTech,Series B,Expansion Stage (Series B),Germany,Europe,189.0,5.247024072160486,3.9318256327243257
Ada Support,1,False,2020-04-24,2020-04-24,0,,,36.0,36.0,36.0,0.23,0.23,0.23,Support,Enterprise & Infrastructure,Series B,Expansion Stage (Series B),Canada,North America,60.0,4.110873864173311,3.6109179126442243
Adaptive Biotechnologies,1,False,2022-03-08,2022-03-08,0,,,100.0,100.0,100.0,0.12,0.12,0.12,Healthcare,Healthcare & BioTech,Post-IPO,Public (Post-IPO),United States,North America,406.0,6.008813185442595,4.61512051684126
Adara,1,False,2020-03-31,2020-03-31,0,,,,,,,,,Travel,Travel & Transportation,Series C,Late Stage (Series C-D),United States,North America,67.0,4.219507705176107,
Adda247,2,True,2023-10-14,2026-05-10,939,939.0,939.0,500.0,250.0,300.0,0.2,0.2,0.2,Education,EdTech & Learning,Series B,Expansion Stage (Series B),India,Asia-Pacific,61.0,4.127134385045092,6.2166061010848646
Addepar,1,False,2023-01-18,2023-01-18,0,,,20.0,20.0,20.0,0.03,0.03,0.03,Finance,Fintech & Financial Services,Series F,Growth Stage (Series E+),United States,North America,491.0,6.198478716492308,3.044522437723423
Addi,1,False,2022-06-14,2022-06-14,0,,,,,,,,,Finance,Fintech & Financial Services,Series C,Late Stage (Series C-D),Colombia,Latin America,376.0,5.932245187448011,
Adjust,1,False,2024-11-22,2024-11-22,0,,,304.0,304.0,304.0,,,,Marketing,Marketing & Media,Acquired,Acquired / Subsidiary,Germany,Europe,256.0,5.54907608489522,5.720311776607412
Adobe,1,False,2022-12-06,2022-12-06,0,,,100.0,100.0,100.0,,,,Marketing,Marketing & Media,Post-IPO,Public (Post-IPO),United States,North America,2.0,1.0986122886681098,4.61512051684126
Advata,1,False,2022-10-28,2022-10-28,0,,,32.0,32.0,32.0,0.21,0.21,0.21,Healthcare,Healthcare & BioTech,Unknown,Unspecified / Private,United States,North America,,,3.4965075614664802
Advisor Credit Exchange,1,False,2025-01-14,2025-01-14,0,,,,,,1.0,1.0,1.0,Finance,Fintech & Financial Services,Unknown,Unspecified / Private,United States,North America,31.0,3.4657359027997265,
Adwerx,1,False,2022-07-07,2022-07-07,0,,,40.0,40.0,40.0,,,,Marketing,Marketing & Media,Unknown,Unspecified / Private,United States,North America,20.0,3.044522437723423,3.713572066704308
Affirm,3,True,2022-11-03,2024-02-21,475,237.5,97.0,560.0,280.0,500.0,0.1,0.1,0.19,Finance,Fintech & Financial Services,Post-IPO,Public (Post-IPO),United States,North America,1500.0,7.313886831633462,6.329720905522696
Afterverse,1,False,2022-06-03,2022-06-03,0,,,60.0,60.0,60.0,0.2,0.2,0.2,Consumer,Consumer & Retail,Unknown,Unspecified / Private,Brazil,Latin America,,,4.110873864173311
AgentSync,1,False,2023-07-19,2023-07-19,0,,,67.0,67.0,67.0,0.24,0.24,0.24,Finance,Fintech & Financial Services,Series B,Expansion Stage (Series B),United States,North America,111.0,4.718498871295094,4.219507705176107
Agility Robotics,1,False,2024-04-04,2024-04-04,0,,,,,,,,,Other,Other / Diversified,Series B,Expansion Stage (Series B),United States,North America,179.0,5.19295685089021,
Agoda,1,False,2020-05-18,2020-05-18,0,,,1500.0,1500.0,1500.0,0.25,0.25,0.25,Travel,Travel & Transportation,Acquired,Acquired / Subsidiary,Singapore,Asia-Pacific,,,7.313886831633462
Ahead,1,False,2022-04-14,2022-04-14,0,,,44.0,44.0,44.0,1.0,1.0,1.0,Healthcare,Healthcare & BioTech,Unknown,Unspecified / Private,United States,North America,9.0,2.302585092994046,3.8066624897703196
Air,1,False,2020-09-16,2020-09-16,0,,,,,,0.16,0.16,0.16,Marketing,Marketing & Media,Series A,Early Venture (Series A),United States,North America,18.0,2.9444389791664403,
AirMap,1,False,2020-04-30,2020-04-30,0,,,,,,,,,Aerospace,Hardware & Manufacturing,Unknown,Unspecified / Private,United States,North America,75.0,4.330733340286331,
AirSlate,1,False,2025-10-23,2025-10-23,0,,,170.0,170.0,170.0,,,,Other,Other / Diversified,Series B,Expansion Stage (Series B),United States,North America,181.0,5.204006687076795,5.14166355650266
Airbnb,2,True,2020-05-05,2023-03-03,1032,1032.0,1032.0,1930.0,965.0,1900.0,0.25,0.25,0.25,Travel,Travel & Transportation,Post-IPO,Public (Post-IPO),United States,North America,6400.0,8.764209507142004,7.565793282428515
Airbyte,1,False,2023-03-31,2023-03-31,0,,,,,,,,,Data,Enterprise & Infrastructure,Series B,Expansion Stage (Series B),United States,North America,181.0,5.204006687076795,
Airlift,2,True,2022-05-25,2022-07-12,48,48.0,48.0,,,,0.655,0.655,1.0,Logistics,Travel & Transportation,Series B,Expansion Stage (Series B),Pakistan,Other / International,109.0,4.700480365792417,
Airmeet,2,True,2023-05-25,2024-03-19,299,299.0,299.0,75.0,75.0,75.0,0.25,0.25,0.3,Marketing,Marketing & Media,Series B,Expansion Stage (Series B),India,Asia-Pacific,50.0,3.9318256327243257,4.330733340286331
Airtable,2,True,2022-12-08,2023-09-14,280,280.0,280.0,491.0,245.5,254.0,0.23500000000000001,0.23500000000000001,0.27,Product,Other / Diversified,Series F,Growth Stage (Series E+),United States,North America,1400.0,7.244941546337007,6.198478716492308
Airtame,1,False,2022-06-15,2022-06-15,0,,,15.0,15.0,15.0,,,,Consumer,Consumer & Retail,Unknown,Unspecified / Private,Denmark,Europe,7.0,2.0794415416798357,2.772588722239781
Airtasker,2,True,2022-07-04,2023-04-27,297,297.0,297.0,45.0,45.0,45.0,0.2,0.2,0.2,Retail,Consumer & Retail,Series C,Late Stage (Series C-D),Australia,Asia-Pacific,26.0,3.295836866004329,3.828641396489095
Airthings,1,False,2024-10-24,2024-10-24,0,,,,,,,,,Hardware,Hardware & Manufacturing,Unknown,Unspecified / Private,Norway,Europe,,,
Airtime,2,True,2022-05-23,2025-06-04,1108,1108.0,1108.0,55.0,27.5,30.0,0.315,0.315,0.43,Consumer,Consumer & Retail,Series B,Expansion Stage (Series B),United States,North America,33.0,3.5263605246161616,4.02535169073515
Airy Rooms,2,True,2020-04-22,2020-05-07,15,15.0,15.0,,,,0.8500000000000001,0.8500000000000001,1.0,Travel,Travel & Transportation,Unknown,Unspecified / Private,Indonesia,Asia-Pacific,,,
Aiven,1,False,2023-01-18,2023-01-18,0,,,,,,0.2,0.2,0.2,Infrastructure,Enterprise & Infrastructure,Series D,Late Stage (Series C-D),Finland,Europe,420.0,6.042632833682381,
Ajaib,1,False,2022-11-28,2022-11-28,0,,,67.0,67.0,67.0,0.08,0.08,0.08,Finance,Fintech & Financial Services,Unknown,Unspecified / Private,Indonesia,Asia-Pacific,245.0,5.5053315359323625,4.219507705176107
Akamai,2,True,2023-05-09,2024-11-07,548,548.0,548.0,540.0,270.0,290.0,0.025,0.025,0.03,Security,Enterprise & Infrastructure,Post-IPO,Public (Post-IPO),United States,North America,35.0,3.58351893845611,6.293419278846481
Akerna,2,True,2020-09-02,2022-05-27,632,632.0,632.0,,,,,,,Logistics,Travel & Transportation,Unknown,Unspecified / Private,United States,North America,46.0,3.8501476017100584,
Akili Interactive,1,False,2024-04-30,2024-04-30,0,,,,,,0.46,0.46,0.46,Healthcare,Healthcare & BioTech,Post-IPO,Public (Post-IPO),United States,North America,271.0,5.605802066295998,
Akili Labs,2,True,2023-01-12,2023-09-13,244,244.0,244.0,46.0,46.0,46.0,0.35,0.35,0.4,Healthcare,Healthcare & BioTech,Post-IPO,Public (Post-IPO),United States,North America,301.0,5.71042701737487,3.8501476017100584
Akseleran,1,False,2023-07-27,2023-07-27,0,,,60.0,60.0,60.0,,,,Finance,Fintech & Financial Services,Series A,Early Venture (Series A),Indonesia,Asia-Pacific,9.0,2.302585092994046,4.110873864173311
Akudo,1,False,2023-09-20,2023-09-20,0,,,,,,1.0,1.0,1.0,Finance,Fintech & Financial Services,Seed,Early Stage (Seed),India,Asia-Pacific,4.0,1.6094379124341003,
Akulaku,1,False,2020-04-15,2020-04-15,0,,,100.0,100.0,100.0,,,,Finance,Fintech & Financial Services,Series D,Late Stage (Series C-D),Indonesia,Asia-Pacific,160.0,5.081404364984463,4.61512051684126
Alarum,1,False,2026-07-12,2026-07-12,0,,,,,,,,,Security,Enterprise & Infrastructure,Post-IPO,Public (Post-IPO),Israel,Middle East,34.0,3.5553480614894135,
AlayaCare,1,False,2022-08-16,2022-08-16,0,,,80.0,80.0,80.0,0.14,0.14,0.14,Healthcare,Healthcare & BioTech,Series D,Late Stage (Series C-D),Canada,North America,293.0,5.683579767338681,4.394449154672439
Albert,1,False,2022-06-10,2022-06-10,0,,,20.0,20.0,20.0,0.08,0.08,0.08,Finance,Fintech & Financial Services,Series C,Late Stage (Series C-D),United States,North America,175.0,5.170483995038151,3.044522437723423
Alegion,1,False,2020-04-03,2020-04-03,0,,,,,,,,,Data,Enterprise & Infrastructure,Series A,Early Venture (Series A),United States,North America,16.0,2.833213344056216,
Aleph Alpha,1,False,2026-01-14,2026-01-14,0,,,50.0,50.0,50.0,0.16,0.16,0.16,AI,Other / Diversified,Series B,Expansion Stage (Series B),Germany,Europe,534.0,6.282266746896006,3.9318256327243257
Aleph Farms,2,True,2024-06-05,2026-06-02,727,727.0,727.0,40.0,20.0,30.0,0.3,0.3,0.3,Food,Consumer & Retail,Unknown,Unspecified / Private,Israel,Middle East,119.0,4.787491742782046,3.713572066704308
Alerzo,3,True,2022-09-02,2023-11-21,445,222.5,185.0,500.0,250.0,400.0,,,,Retail,Consumer & Retail,Series B,Expansion Stage (Series B),Nigeria,Africa,16.0,2.833213344056216,6.2166061010848646
Algorand Foundation,1,False,2026-03-18,2026-03-18,0,,,,,,0.25,0.25,0.25,Crypto,Fintech & Financial Services,Unknown,Unspecified / Private,Singapore,Asia-Pacific,,,
AliExpress Russia,1,False,2022-05-14,2022-05-14,0,,,400.0,400.0,400.0,0.4,0.4,0.4,Retail,Consumer & Retail,Acquired,Acquired / Subsidiary,Russia,Other / International,60.0,4.110873864173311,5.993961427306569
Alibaba Cloud,1,False,2023-05-24,2023-05-24,0,,,,,,0.07,0.07,0.07,Data,Enterprise & Infrastructure,Subsidiary,Unspecified / Private,China,Asia-Pacific,,,
Alice,2,True,2022-07-11,2022-12-09,151,151.0,151.0,176.0,88.0,113.0,0.16,0.16,0.16,Healthcare,Healthcare & BioTech,Series C,Late Stage (Series C-D),Brazil,Latin America,174.0,5.1647859739235145,5.176149732573829
Allbirds,1,False,2022-07-28,2022-07-28,0,,,23.0,23.0,23.0,,,,Retail,Consumer & Retail,Post-IPO,Public (Post-IPO),United States,North America,202.0,5.313205979041787,3.1780538303479458
Alle,1,False,2026-01-13,2026-01-13,0,,,,,,1.0,1.0,1.0,Retail,Consumer & Retail,Seed,Early Stage (Seed),India,Asia-Pacific,3.0,1.3862943611198906,
AllyO,1,False,2020-04-03,2020-04-03,0,,,,,,,,,HR,Other / Diversified,Series B,Expansion Stage (Series B),United States,North America,64.0,4.174387269895637,
Alma,1,False,2024-10-02,2024-10-02,0,,,,,,0.09,0.09,0.09,Healthcare,Healthcare & BioTech,Series D,Late Stage (Series C-D),United States,North America,220.0,5.3981627015177525,
Almanac,1,False,2022-08-13,2022-08-13,0,,,,,,,,,Other,Other / Diversified,Series A,Early Venture (Series A),United States,North America,45.0,3.828641396489095,
AlphaSense,1,False,2024-11-27,2024-11-27,0,,,150.0,150.0,150.0,0.08,0.08,0.08,Other,Other / Diversified,Series F,Growth Stage (Series E+),United States,North America,1400.0,7.244941546337007,5.017279836814924
Alteryx,1,False,2023-04-27,2023-04-27,0,,,320.0,320.0,320.0,0.11,0.11,0.11,Data,Enterprise & Infrastructure,Post-IPO,Public (Post-IPO),United States,North America,613.0,6.419994928147142,5.771441123130016
Alto Pharmacy,2,True,2020-09-29,2022-07-14,653,653.0,653.0,47.0,47.0,47.0,0.06,0.06,0.06,Healthcare,Healthcare & BioTech,Series E,Growth Stage (Series E+),United States,North America,560.0,6.329720905522696,3.871201010907891
Altruist,2,True,2025-01-07,2025-10-23,289,289.0,289.0,87.0,43.5,50.0,0.125,0.125,0.15,Finance,Fintech & Financial Services,Series E,Growth Stage (Series E+),United States,North America,449.0,6.1092475827643655,4.477336814478207
Alza,1,False,2025-01-13,2025-01-13,0,,,,,,1.0,1.0,1.0,Finance,Fintech & Financial Services,Seed,Early Stage (Seed),United States,North America,7.0,2.0794415416798357,
Amazon,24,True,2022-10-28,2026-09-01,1404,61.04347826086956,0.0,59560.0,3503.529411764706,16000.0,0.02,0.02,0.03,Retail,Consumer & Retail,Post-IPO,Public (Post-IPO),United States,North America,8100.0,8.999742789830492,10.994756276448804
Amber Group,1,False,2022-09-09,2022-09-09,0,,,,,,0.1,0.1,0.1,Crypto,Fintech & Financial Services,Series B,Expansion Stage (Series B),Hong Kong,Asia-Pacific,328.0,5.796057750765372,
Ambev Tech,1,False,2023-03-02,2023-03-02,0,,,50.0,50.0,50.0,,,,Food,Consumer & Retail,Acquired,Acquired / Subsidiary,Brazil,Latin America,,,3.9318256327243257
Amdocs,4,True,2023-01-02,2026-05-28,1242,414.0,185.0,2700.0,1350.0,2000.0,0.05333333333333334,0.06,0.07,Support,Enterprise & Infrastructure,Post-IPO,Public (Post-IPO),United States,North America,,,7.901377353792616
American Robotics,1,False,2023-01-17,2023-01-17,0,,,50.0,50.0,50.0,0.65,0.65,0.65,Other,Other / Diversified,Acquired,Acquired / Subsidiary,United States,North America,92.0,4.532599493153256,3.9318256327243257
Amicole,1,False,2025-07-17,2025-07-17,0,,,,,,1.0,1.0,1.0,Retail,Consumer & Retail,Seed,Early Stage (Seed),United States,North America,5.0,1.791759469228055,
Amobee,1,False,2022-11-09,2022-11-09,0,,,,,,,,,Marketing,Marketing & Media,Acquired,Acquired / Subsidiary,United States,North America,72.0,4.290459441148391,
Amount,2,True,2022-06-27,2023-02-27,245,245.0,245.0,130.0,130.0,130.0,0.215,0.215,0.25,Finance,Fintech & Financial Services,Unknown,Unspecified / Private,United States,North America,283.0,5.648974238161206,4.875197323201151
Amperity,4,True,2022-08-20,2026-06-25,1405,468.3333333333333,231.0,33.0,16.5,20.0,0.08,0.08,0.13,Marketing,Marketing & Media,Series D,Late Stage (Series C-D),United States,North America,187.0,5.236441962829949,3.5263605246161616
Amplero,1,False,2020-03-29,2020-03-29,0,,,17.0,17.0,17.0,1.0,1.0,1.0,Marketing,Marketing & Media,Series B,Expansion Stage (Series B),United States,North America,25.0,3.258096538021482,2.8903717578961645
Amplitude,1,False,2023-04-05,2023-04-05,0,,,99.0,99.0,99.0,0.13,0.13,0.13,Data,Enterprise & Infrastructure,Post-IPO,Public (Post-IPO),United States,North America,311.0,5.7430031878094825,4.605170185988092
Anaconda,1,False,2026-08-13,2026-08-13,0,,,,,,0.14,0.14,0.14,Data,Enterprise & Infrastructure,Series C,Late Stage (Series C-D),United States,North America,233.0,5.455321115357702,
Anagram,1,False,2020-04-03,2020-04-03,0,,,17.0,17.0,17.0,,,,Healthcare,Healthcare & BioTech,Series A,Early Venture (Series A),United States,North America,14.0,2.70805020110221,2.8903717578961645
Analog Devices,1,False,2023-12-13,2023-12-13,0,,,111.0,111.0,111.0,,,,Manufacturing,Hardware & Manufacturing,Post-IPO,Public (Post-IPO),United States,North America,,,4.718498871295094
Anaplan,1,False,2023-06-21,2023-06-21,0,,,300.0,300.0,300.0,,,,Other,Other / Diversified,Acquired,Acquired / Subsidiary,United States,North America,300.0,5.707110264748875,5.707110264748875
Anar,1,False,2023-11-25,2023-11-25,0,,,,,,1.0,1.0,1.0,Marketing,Marketing & Media,Seed,Early Stage (Seed),India,Asia-Pacific,6.0,1.9459101490553132,
Ancestry,1,False,2024-03-14,2024-03-14,0,,,81.0,81.0,81.0,0.06,0.06,0.06,Consumer,Consumer & Retail,Post-IPO,Public (Post-IPO),United States,North America,33.0,3.5263605246161616,4.406719247264253
Anchorage Digital,1,False,2023-03-14,2023-03-14,0,,,75.0,75.0,75.0,0.2,0.2,0.2,Crypto,Fintech & Financial Services,Series D,Late Stage (Series C-D),United States,North America,487.0,6.1903154058531475,4.330733340286331
Andela,1,False,2020-05-05,2020-05-05,0,,,135.0,135.0,135.0,0.1,0.1,0.1,Recruiting,Professional Services,Series D,Late Stage (Series C-D),United States,North America,181.0,5.204006687076795,4.912654885736052
Andgo,1,False,2023-09-29,2023-09-29,0,,,9.0,9.0,9.0,,,,HR,Other / Diversified,Series A,Early Venture (Series A),Canada,North America,5.0,1.791759469228055,2.302585092994046
AngelList,1,False,2020-03-31,2020-03-31,0,,,20.0,20.0,20.0,,,,Recruiting,Professional Services,Series B,Expansion Stage (Series B),United States,North America,26.0,3.295836866004329,3.044522437723423
Angi,1,False,2026-01-07,2026-01-07,0,,,350.0,350.0,350.0,,,,Consumer,Consumer & Retail,Post-IPO,Public (Post-IPO),United States,North America,180.0,5.198497031265826,5.860786223465865
Ankorstore,1,False,2023-03-06,2023-03-06,0,,,,,,,,,Retail,Consumer & Retail,Series C,Late Stage (Series C-D),France,Europe,365.0,5.902633333401366,
Anodot,2,True,2022-07-06,2022-07-06,0,0.0,0.0,50.0,25.0,35.0,0.23500000000000001,0.23500000000000001,0.27,Data,Enterprise & Infrastructure,Series C,Late Stage (Series C-D),Israel,Middle East,64.0,4.174387269895637,3.9318256327243257
AnswerLab,1,False,2023-03-30,2023-03-30,0,,,,,,0.17,0.17,0.17,Marketing,Marketing & Media,Unknown,Unspecified / Private,United States,North America,,,
Antidote Health,1,False,2022-10-23,2022-10-23,0,,,23.0,23.0,23.0,0.38,0.38,0.38,Healthcare,Healthcare & BioTech,Unknown,Unspecified / Private,Israel,Middle East,36.0,3.6109179126442243,3.1780538303479458
Anyline,1,False,2023-03-29,2023-03-29,0,,,,,,0.25,0.25,0.25,Other,Other / Diversified,Series B,Expansion Stage (Series B),Austria,Europe,37.0,3.6375861597263857,
Anyvision,1,False,2020-03-19,2020-03-19,0,,,,,,,,,Security,Enterprise & Infrastructure,Series A,Early Venture (Series A),Israel,Middle East,74.0,4.31748811353631,
Anywell,1,False,2022-08-14,2022-08-14,0,,,11.0,11.0,11.0,,,,Real Estate,Real Estate & PropTech,Series A,Early Venture (Series A),Israel,Middle East,15.0,2.772588722239781,2.4849066497880004
Apartment List,1,False,2022-08-31,2022-08-31,0,,,29.0,29.0,29.0,0.1,0.1,0.1,Real Estate,Real Estate & PropTech,Series D,Late Stage (Series C-D),United States,North America,169.0,5.135798437050262,3.4011973816621555
Apeel Sciences,1,False,2022-07-11,2022-07-11,0,,,,,,,,,Food,Consumer & Retail,Series E,Growth Stage (Series E+),United States,North America,640.0,6.46302945692067,
ApnaMart,1,False,2026-05-06,2026-05-06,0,,,35.0,35.0,35.0,0.1,0.1,0.1,Food,Consumer & Retail,Series B,Expansion Stage (Series B),India,Asia-Pacific,40.0,3.713572066704308,3.58351893845611
Apollo,1,False,2022-12-15,2022-12-15,0,,,,,,0.15,0.15,0.15,Product,Other / Diversified,Series D,Late Stage (Series C-D),United States,North America,183.0,5.214935757608986,
Apollo Insurance,1,False,2022-11-15,2022-11-15,0,,,,,,0.25,0.25,0.25,Finance,Fintech & Financial Services,Series B,Expansion Stage (Series B),Canada,North America,11.0,2.4849066497880004,
App Annie,1,False,2020-04-28,2020-04-28,0,,,80.0,80.0,80.0,0.18,0.18,0.18,Data,Enterprise & Infrastructure,Unknown,Unspecified / Private,United States,North America,156.0,5.056245805348308,4.394449154672439
AppFolio,2,True,2023-05-22,2023-08-17,87,87.0,87.0,211.0,105.5,149.0,0.09,0.09,0.09,Real Estate,Real Estate & PropTech,Post-IPO,Public (Post-IPO),United States,North America,30.0,3.4339872044851463,5.356586274672012
AppGate,1,False,2022-07-21,2022-07-21,0,,,130.0,130.0,130.0,0.22,0.22,0.22,Security,Enterprise & Infrastructure,Post-IPO,Public (Post-IPO),United States,North America,,,4.875197323201151
AppHarvest,1,False,2023-07-24,2023-07-24,0,,,,,,1.0,1.0,1.0,Food,Consumer & Retail,Post-IPO,Public (Post-IPO),United States,North America,692.0,6.541029999189903,
AppLovin,7,True,2022-06-27,2025-04-16,1024,170.66666666666666,12.0,790.0,112.85714285714286,300.0,0.12,0.12,0.12,Marketing,Marketing & Media,Post-IPO,Public (Post-IPO),United States,North America,1600.0,7.3783837129967145,6.673297967767654
Appcues,1,False,2023-03-08,2023-03-08,0,,,,,,0.15,0.15,0.15,Data,Enterprise & Infrastructure,Series B,Expansion Stage (Series B),United States,North America,52.0,3.970291913552122,
Appgate,1,False,2023-02-01,2023-02-01,0,,,34.0,34.0,34.0,0.08,0.08,0.08,Security,Enterprise & Infrastructure,Post-IPO,Public (Post-IPO),United States,North America,,,3.5553480614894135
Apple,6,True,2023-04-03,2026-08-21,1236,247.2,37.0,914.0,304.6666666666667,614.0,,,,Hardware,Hardware & Manufacturing,Post-IPO,Public (Post-IPO),United States,North America,6200.0,8.732465848349879,6.818924065275521
Applied Material,1,False,2025-10-23,2025-10-23,0,,,1400.0,1400.0,1400.0,0.04,0.04,0.04,Manufacturing,Hardware & Manufacturing,Post-IPO,Public (Post-IPO),United States,North America,2100.0,7.650168700845001,7.244941546337007
ApplyBoard,2,True,2022-11-28,2024-09-19,661,661.0,661.0,90.0,90.0,90.0,0.05,0.05,0.06,Education,EdTech & Learning,Series D,Late Stage (Series C-D),Canada,North America,483.0,6.182084906716632,4.51085950651685
AppsFlyer,1,False,2025-02-04,2025-02-04,0,,,100.0,100.0,100.0,0.07,0.07,0.07,Data,Enterprise & Infrastructure,Unknown,Unspecified / Private,United States,North America,293.0,5.683579767338681,4.61512051684126
Appsmith,1,False,2023-09-22,2023-09-22,0,,,35.0,35.0,35.0,0.25,0.25,0.25,Unknown,Other / Diversified,Series B,Expansion Stage (Series B),United States,North America,51.0,3.9512437185814275,3.58351893845611
Aptiv,1,False,2024-02-20,2024-02-20,0,,,250.0,250.0,250.0,,,,Transportation,Travel & Transportation,Post-IPO,Public (Post-IPO),Poland,Other / International,8.0,2.1972245773362196,5.5254529391317835
Aqgromalin,1,False,2022-06-20,2022-06-20,0,,,80.0,80.0,80.0,0.3,0.3,0.3,Food,Consumer & Retail,Unknown,Unspecified / Private,India,Asia-Pacific,12.0,2.5649493574615367,4.394449154672439
Aqua Security,5,True,2020-04-01,2025-12-01,2070,517.5,174.0,159.0,39.75,65.0,0.09666666666666668,0.1,0.1,Security,Enterprise & Infrastructure,Series E,Growth Stage (Series E+),United States,North America,325.0,5.786897381366708,5.075173815233827
Arc,1,False,2022-07-20,2022-07-20,0,,,13.0,13.0,13.0,,,,HR,Other / Diversified,Seed,Early Stage (Seed),United States,North America,1.0,0.6931471805599453,2.6390573296152584
Arch Oncology,2,True,2023-01-13,2023-02-22,40,40.0,40.0,,,,1.0,1.0,1.0,Healthcare,Healthcare & BioTech,Series C,Late Stage (Series C-D),United States,North America,155.0,5.049856007249537,
Archipelago,1,False,2023-08-01,2023-08-01,0,,,40.0,40.0,40.0,0.3,0.3,0.3,Real Estate,Real Estate & PropTech,Series B,Expansion Stage (Series B),United States,North America,57.0,4.060443010546419,3.713572066704308
Arctic Wolf,1,False,2026-05-06,2026-05-06,0,,,250.0,250.0,250.0,0.1,0.1,0.1,Security,Enterprise & Infrastructure,Unknown,Unspecified / Private,United States,North America,899.0,6.802394763324311,5.5254529391317835
Arete,1,False,2022-07-22,2022-07-22,0,,,,,,,,,Security,Enterprise & Infrastructure,Unknown,Unspecified / Private,United States,North America,,,
Argo AI,4,True,2020-06-29,2022-11-01,855,285.0,6.0,682.0,170.5,259.0,0.05,0.05,0.05,Transportation,Travel & Transportation,Unknown,Unspecified / Private,United States,North America,3600.0,8.188966863648876,6.52649485957079
Argyle,1,False,2022-08-26,2022-08-26,0,,,20.0,20.0,20.0,0.07,0.07,0.07,Finance,Fintech & Financial Services,Series B,Expansion Stage (Series B),United States,North America,78.0,4.3694478524670215,3.044522437723423
Arive,1,False,2023-07-24,2023-07-24,0,,,,,,,,,Retail,Consumer & Retail,Unknown,Unspecified / Private,Germany,Europe,37.0,3.6375861597263857,
Arkane Studios,1,False,2024-05-08,2024-05-08,0,,,96.0,96.0,96.0,1.0,1.0,1.0,Consumer,Consumer & Retail,Unknown,Unspecified / Private,United States,North America,,,4.574710978503383
Arm Holdings,1,False,2023-12-18,2023-12-18,0,,,70.0,70.0,70.0,,,,Hardware,Hardware & Manufacturing,Post-IPO,Public (Post-IPO),China,Asia-Pacific,,,4.2626798770413155
Armis,1,False,2022-12-08,2022-12-08,0,,,25.0,25.0,25.0,0.04,0.04,0.04,Security,Enterprise & Infrastructure,Private Equity,Private Equity Owned,United States,North America,537.0,6.2878585601617845,3.258096538021482
Arrival,5,True,2022-07-13,2025-03-10,971,242.75,99.0,800.0,800.0,800.0,0.5125,0.4,1.0,Transportation,Travel & Transportation,Post-IPO,Public (Post-IPO),United Kingdom,Europe,629.0,6.4457198193855785,6.68586094706836
Arrive Logistics,1,False,2020-04-03,2020-04-03,0,,,75.0,75.0,75.0,0.07,0.07,0.07,Logistics,Travel & Transportation,Series B,Expansion Stage (Series B),United States,North America,35.0,3.58351893845611,4.330733340286331
Article,1,False,2022-08-04,2022-08-04,0,,,216.0,216.0,216.0,0.17,0.17,0.17,Retail,Consumer & Retail,Series B,Expansion Stage (Series B),Canada,North America,,,5.37989735354046
Articulate,1,False,2023-02-02,2023-02-02,0,,,38.0,38.0,38.0,,,,Education,EdTech & Learning,Series A,Early Venture (Series A),United States,North America,1500.0,7.313886831633462,3.6635616461296463
Artifact,1,False,2024-01-12,2024-01-12,0,,,,,,1.0,1.0,1.0,Media,Marketing & Media,Unknown,Unspecified / Private,United States,North America,,,
Artlist,1,False,2026-06-16,2026-06-16,0,,,200.0,200.0,200.0,0.4,0.4,0.4,Media,Marketing & Media,Unknown,Unspecified / Private,Israel,Middle East,48.0,3.8918202981106265,5.303304908059076
Artnight,1,False,2022-08-31,2022-08-31,0,,,26.0,26.0,26.0,0.36,0.36,0.36,Retail,Consumer & Retail,Unknown,Unspecified / Private,Germany,Europe,,,3.295836866004329
Artsy,1,False,2023-06-29,2023-06-29,0,,,35.0,35.0,35.0,0.15,0.15,0.15,Retail,Consumer & Retail,Series D,Late Stage (Series C-D),United States,North America,100.0,4.61512051684126,3.58351893845611
Asana,2,True,2022-11-15,2025-02-04,812,812.0,812.0,280.0,140.0,180.0,0.09,0.09,0.09,Other,Other / Diversified,Post-IPO,Public (Post-IPO),United States,North America,453.0,6.118097198041348,5.638354669333745
AskNicely,1,False,2020-04-07,2020-04-07,0,,,,,,,,,Support,Enterprise & Infrastructure,Series A,Early Venture (Series A),United States,North America,15.0,2.772588722239781,
Aspiration,1,False,2023-03-24,2023-03-24,0,,,170.0,170.0,170.0,,,,Finance,Fintech & Financial Services,Unknown,Unspecified / Private,United States,North America,250.0,5.5254529391317835,5.14166355650266
Aspire,1,False,2022-07-15,2022-07-15,0,,,23.0,23.0,23.0,,,,Marketing,Marketing & Media,Series A,Early Venture (Series A),United States,North America,27.0,3.332204510175204,3.1780538303479458
Assurance,1,False,2024-05-01,2024-05-01,0,,,112.0,112.0,112.0,1.0,1.0,1.0,Finance,Fintech & Financial Services,Acquired,Acquired / Subsidiary,United States,North America,,,4.727387818712341
Assure,1,False,2022-11-23,2022-11-23,0,,,,,,1.0,1.0,1.0,Finance,Fintech & Financial Services,Seed,Early Stage (Seed),United States,North America,2.0,1.0986122886681098,
Astra,4,True,2020-04-05,2025-07-28,1940,646.6666666666666,269.0,146.0,73.0,106.0,0.41500000000000004,0.25,1.0,Sales,Professional Services,Unknown,Unspecified / Private,India,Asia-Pacific,300.0,5.707110264748875,4.990432586778736
Astrate Medical,1,False,2024-02-05,2024-02-05,0,,,,,,1.0,1.0,1.0,Healthcare,Healthcare & BioTech,Series A,Early Venture (Series A),United States,North America,13.0,2.6390573296152584,
Astronomer,2,True,2023-01-04,2023-04-13,99,99.0,99.0,176.0,88.0,100.0,0.30000000000000004,0.30000000000000004,0.4,Data,Enterprise & Infrastructure,Series C,Late Stage (Series C-D),United States,North America,282.0,5.645446897643238,5.176149732573829
At-Bay,2,True,2023-09-12,2026-03-04,904,904.0,904.0,52.0,26.0,27.0,0.09,0.09,0.09,Security,Enterprise & Infrastructure,Unknown,Unspecified / Private,United States,North America,296.0,5.6937321388027,3.970291913552122
Atera,1,False,2024-11-03,2024-11-03,0,,,20.0,20.0,20.0,0.06,0.06,0.06,Other,Other / Diversified,Series B,Expansion Stage (Series B),Israel,Middle East,102.0,4.634728988229636,3.044522437723423
Athennian,1,False,2023-07-05,2023-07-05,0,,,30.0,30.0,30.0,,,,Legal,Professional Services,Series B,Expansion Stage (Series B),Canada,North America,47.0,3.871201010907891,3.4339872044851463
Atlanta Tech Village,1,False,2020-04-02,2020-04-02,0,,,,,,0.5,0.5,0.5,Real Estate,Real Estate & PropTech,Unknown,Unspecified / Private,United States,North America,,,
Atlas,1,False,2023-08-23,2023-08-23,0,,,150.0,150.0,150.0,0.3,0.3,0.3,HR,Other / Diversified,Series B,Expansion Stage (Series B),United States,North America,220.0,5.3981627015177525,5.017279836814924
Atlas Obscura,1,False,2020-06-18,2020-06-18,0,,,15.0,15.0,15.0,,,,Media,Marketing & Media,Series B,Expansion Stage (Series B),United States,North America,32.0,3.4965075614664802,2.772588722239781
Atlassian,4,True,2023-03-06,2026-03-11,1101,367.0,42.0,2450.0,612.5,1600.0,0.07500000000000001,0.07500000000000001,0.1,Other,Other / Diversified,Post-IPO,Public (Post-IPO),Australia,Asia-Pacific,210.0,5.351858133476067,7.804251383528112
Atmosphere,2,True,2023-12-07,2024-05-15,160,160.0,160.0,100.0,100.0,100.0,,,,Other,Other / Diversified,Series D,Late Stage (Series C-D),United States,North America,214.0,5.3706380281276624,4.61512051684126
AtoB,1,False,2022-10-19,2022-10-19,0,,,32.0,32.0,32.0,0.3,0.3,0.3,Finance,Fintech & Financial Services,Series B,Expansion Stage (Series B),United States,North America,177.0,5.181783550292085,3.4965075614664802
Atome,1,False,2022-10-06,2022-10-06,0,,,,,,,,,Finance,Fintech & Financial Services,Unknown,Unspecified / Private,Singapore,Asia-Pacific,645.0,6.470799503782602,
Atsu,1,False,2020-04-10,2020-04-10,0,,,6.0,6.0,6.0,1.0,1.0,1.0,Infrastructure,Enterprise & Infrastructure,Unknown,Unspecified / Private,United States,North America,1.0,0.6931471805599453,1.9459101490553132
Attentive,1,False,2023-01-05,2023-01-05,0,,,,,,0.15,0.15,0.15,Marketing,Marketing & Media,Series E,Growth Stage (Series E+),United States,North America,863.0,6.761572768804055,
Auctane,1,False,2024-02-20,2024-02-20,0,,,,,,,,,Retail,Consumer & Retail,Unknown,Unspecified / Private,United States,North America,,,
Audible,1,False,2024-01-11,2024-01-11,0,,,100.0,100.0,100.0,0.05,0.05,0.05,Media,Marketing & Media,Acquired,Acquired / Subsidiary,United States,North America,14.0,2.70805020110221,4.61512051684126
AudioCodes,2,True,2023-05-09,2023-07-13,65,65.0,65.0,160.0,80.0,80.0,0.06,0.06,0.06,Other,Other / Diversified,Post-IPO,Public (Post-IPO),Israel,Middle East,91.0,4.5217885770490405,5.081404364984463
Augury,3,True,2023-01-04,2025-07-10,918,459.0,210.0,150.0,50.0,70.0,0.13666666666666666,0.18,0.18,Manufacturing,Hardware & Manufacturing,Series E,Growth Stage (Series E+),United States,North America,274.0,5.616771097666572,5.017279836814924
Aura,1,False,2022-06-23,2022-06-23,0,,,70.0,70.0,70.0,0.09,0.09,0.09,Security,Enterprise & Infrastructure,Series F,Growth Stage (Series E+),United States,North America,500.0,6.2166061010848646,4.2626798770413155
Aura Financial,2,True,2020-04-14,2021-01-11,272,272.0,272.0,,,,1.0,1.0,1.0,Finance,Fintech & Financial Services,Unknown,Unspecified / Private,United States,North America,584.0,6.371611847231857,
Aurora,1,False,2024-01-24,2024-01-24,0,,,,,,0.03,0.03,0.03,Transportation,Travel & Transportation,Post-IPO,Public (Post-IPO),United States,North America,3700.0,8.216358332386156,
Aurora Labs,1,False,2025-01-27,2025-01-27,0,,,45.0,45.0,45.0,0.6,0.6,0.6,Transportation,Travel & Transportation,Series C,Late Stage (Series C-D),Israel,Middle East,97.0,4.584967478670572,3.828641396489095
Aurora Solar,2,True,2024-01-30,2025-01-16,352,352.0,352.0,169.0,84.5,111.0,0.2,0.2,0.2,Energy,Other / Diversified,Series D,Late Stage (Series C-D),United States,North America,523.0,6.261491684321042,5.135798437050262
Autobooks,1,False,2022-12-10,2022-12-10,0,,,,,,,,,Finance,Fintech & Financial Services,Series C,Late Stage (Series C-D),United States,North America,97.0,4.584967478670572,
Autodesk,3,True,2023-02-02,2026-01-22,1085,542.5,329.0,2600.0,866.6666666666666,1350.0,0.06,0.07,0.09,Other,Other / Diversified,Post-IPO,Public (Post-IPO),United States,North America,,,7.8636512654486515
Autograph,2,True,2022-12-16,2023-05-04,139,139.0,139.0,30.0,30.0,30.0,0.33,0.33,0.33,Crypto,Fintech & Financial Services,Series B,Expansion Stage (Series B),United States,North America,205.0,5.327876168789581,3.4339872044851463
Automatic,1,False,2020-05-01,2020-05-01,0,,,,,,1.0,1.0,1.0,Transportation,Travel & Transportation,Acquired,Acquired / Subsidiary,United States,North America,24.0,3.2188758248682006,
Automation Anywhere,1,False,2020-04-27,2020-04-27,0,,,260.0,260.0,260.0,0.1,0.1,0.1,Other,Other / Diversified,Series B,Expansion Stage (Series B),United States,North America,840.0,6.734591659972948,5.564520407322694
Automattic,1,False,2025-04-02,2025-04-02,0,,,281.0,281.0,281.0,0.16,0.16,0.16,Other,Other / Diversified,Series E,Growth Stage (Series E+),United States,North America,986.0,6.894670039433482,5.641907070938114
Automox,2,True,2022-04-18,2022-06-13,56,56.0,56.0,,,,0.11,0.11,0.11,Infrastructure,Enterprise & Infrastructure,Series C,Late Stage (Series C-D),United States,North America,152.0,5.030437921392435,
Ava Labs,1,False,2023-11-06,2023-11-06,0,,,,,,0.12,0.12,0.12,Crypto,Fintech & Financial Services,Unknown,Unspecified / Private,United States,North America,640.0,6.46302945692067,
Avalara,1,False,2023-01-20,2023-01-20,0,,,,,,,,,Finance,Fintech & Financial Services,Acquired,Acquired / Subsidiary,United States,North America,341.0,5.834810737062605,
AvantStay,3,True,2022-06-29,2023-06-20,356,178.0,133.0,261.0,87.0,144.0,0.22,0.22,0.22,Travel,Travel & Transportation,Private Equity,Private Equity Owned,United States,North America,811.0,6.699500340161678,5.568344503761097
Avantage Entertainment,1,False,2020-04-03,2020-04-03,0,,,5.0,5.0,5.0,0.2,0.2,0.2,Media,Marketing & Media,Unknown,Unspecified / Private,United States,North America,,,1.791759469228055
Avast,1,False,2022-11-10,2022-11-10,0,,,,,,0.25,0.25,0.25,Security,Enterprise & Infrastructure,Unknown,Unspecified / Private,United States,North America,,,
Avaya,3,True,2023-01-17,2024-11-06,659,329.5,97.0,180.0,180.0,180.0,0.03,0.03,0.03,Other,Other / Diversified,Post-IPO,Public (Post-IPO),United States,North America,700.0,6.55250788703459,5.198497031265826
Avidbots,1,False,2023-03-14,2023-03-14,0,,,50.0,50.0,50.0,0.14,0.14,0.14,Hardware,Hardware & Manufacturing,Series C,Late Stage (Series C-D),Canada,North America,106.0,4.672828834461906,3.9318256327243257
Avo,1,False,2022-05-01,2022-05-01,0,,,500.0,500.0,500.0,0.67,0.67,0.67,Food,Consumer & Retail,Series B,Expansion Stage (Series B),Israel,Middle East,45.0,3.828641396489095,6.2166061010848646
Avocargo,1,False,2023-04-06,2023-04-06,0,,,16.0,16.0,16.0,1.0,1.0,1.0,Transportation,Travel & Transportation,Seed,Early Stage (Seed),Germany,Europe,,,2.833213344056216
Aware,2,True,2023-01-06,2023-08-03,209,209.0,209.0,,,,,,,Security,Enterprise & Infrastructure,Series C,Late Stage (Series C-D),United States,North America,88.0,4.48863636973214,
Away,3,True,2020-04-07,2024-02-14,1408,704.0,259.0,82.0,41.0,60.0,0.14333333333333334,0.1,0.25,Retail,Consumer & Retail,Series D,Late Stage (Series C-D),United States,North America,181.0,5.204006687076795,4.418840607796598
Awok,1,False,2020-09-02,2020-09-02,0,,,,,,1.0,1.0,1.0,Retail,Consumer & Retail,Series A,Early Venture (Series A),United Arab Emirates,Middle East,30.0,3.4339872044851463,
Axios Media,1,False,2024-08-06,2024-08-06,0,,,50.0,50.0,50.0,0.1,0.1,0.1,Media,Marketing & Media,Acquired,Acquired / Subsidiary,United States,North America,57.0,4.060443010546419,3.9318256327243257
Axonius,2,True,2025-11-06,2026-02-15,101,101.0,101.0,140.0,70.0,100.0,0.075,0.075,0.11,Security,Enterprise & Infrastructure,Series E,Growth Stage (Series E+),United States,North America,865.0,6.763884908562435,4.948759890378168
Aya,1,False,2020-11-19,2020-11-19,0,,,5.0,5.0,5.0,0.25,0.25,0.25,Finance,Fintech & Financial Services,Seed,Early Stage (Seed),Canada,North America,3.0,1.3862943611198906,1.791759469228055
Ayoconnect,1,False,2023-08-03,2023-08-03,0,,,,,,0.1,0.1,0.1,Finance,Fintech & Financial Services,Series B,Expansion Stage (Series B),Indonesia,Asia-Pacific,43.0,3.784189633918261,
Azibo,1,False,2023-06-05,2023-06-05,0,,,,,,,,,Finance,Fintech & Financial Services,Series A,Early Venture (Series A),United States,North America,19.0,2.995732273553991,
B8ta,1,False,2020-03-26,2020-03-26,0,,,250.0,250.0,250.0,0.5,0.5,0.5,Retail,Consumer & Retail,Series C,Late Stage (Series C-D),United States,North America,88.0,4.48863636973214,5.5254529391317835
BM Technologies,1,False,2023-01-30,2023-01-30,0,,,,,,0.25,0.25,0.25,Finance,Fintech & Financial Services,Post-IPO,Public (Post-IPO),United States,North America,,,
BUX,1,False,2023-01-22,2023-01-22,0,,,,,,,,,Finance,Fintech & Financial Services,Series C,Late Stage (Series C-D),Netherlands,Europe,115.0,4.7535901911063645,
BVAccel,1,False,2020-04-08,2020-04-08,0,,,25.0,25.0,25.0,0.25,0.25,0.25,Marketing,Marketing & Media,Unknown,Unspecified / Private,United States,North America,,,3.258096538021482
Babylon,1,False,2022-07-12,2022-07-12,0,,,100.0,100.0,100.0,,,,Healthcare,Healthcare & BioTech,Post-IPO,Public (Post-IPO),United Kingdom,Europe,1100.0,7.00397413672268,4.61512051684126
Babylon Health,1,False,2023-08-09,2023-08-09,0,,,94.0,94.0,94.0,,,,Healthcare,Healthcare & BioTech,Post-IPO,Public (Post-IPO),United Kingdom,Europe,1200.0,7.0909098220799835,4.553876891600541
Back Market,1,False,2022-12-23,2022-12-23,0,,,93.0,93.0,93.0,0.13,0.13,0.13,Retail,Consumer & Retail,Series E,Growth Stage (Series E+),France,Europe,1000.0,6.90875477931522,4.543294782270004
Bakkt,2,True,2022-12-08,2024-05-03,512,512.0,512.0,28.0,28.0,28.0,0.15,0.15,0.15,Crypto,Fintech & Financial Services,Post-IPO,Public (Post-IPO),United States,North America,932.0,6.838405200847344,3.367295829986474
Bally's Interactive,1,False,2023-01-18,2023-01-18,0,,,,,,0.15,0.15,0.15,Consumer,Consumer & Retail,Post-IPO,Public (Post-IPO),United States,North America,946.0,6.853299093186078,
Balto,2,True,2022-06-22,2022-12-12,173,173.0,173.0,65.0,32.5,35.0,,,,Sales,Professional Services,Series B,Expansion Stage (Series B),United States,North America,51.0,3.9512437185814275,4.189654742026425
Bamboo Health,1,False,2022-07-01,2022-07-01,0,,,52.0,52.0,52.0,,,,Healthcare,Healthcare & BioTech,Unknown,Unspecified / Private,United States,North America,,,3.970291913552122
Bandcamp,1,False,2023-10-16,2023-10-16,0,,,58.0,58.0,58.0,0.5,0.5,0.5,Other,Other / Diversified,Acquired,Acquired / Subsidiary,United States,North America,,,4.07753744390572
Banxa,1,False,2022-06-27,2022-06-27,0,,,70.0,70.0,70.0,0.3,0.3,0.3,Crypto,Fintech & Financial Services,Post-IPO,Public (Post-IPO),Australia,Asia-Pacific,13.0,2.6390573296152584,4.2626798770413155
Baraja,1,False,2023-02-08,2023-02-08,0,,,,,,0.75,0.75,0.75,Transportation,Travel & Transportation,Unknown,Unspecified / Private,Australia,Asia-Pacific,63.0,4.1588830833596715,
Bardee,1,False,2023-08-03,2023-08-03,0,,,30.0,30.0,30.0,,,,Food,Consumer & Retail,Seed,Early Stage (Seed),Australia,Asia-Pacific,5.0,1.791759469228055,3.4339872044851463
Bark,2,True,2023-02-09,2023-07-13,154,154.0,154.0,126.0,126.0,126.0,0.1,0.1,0.12,Retail,Consumer & Retail,Post-IPO,Public (Post-IPO),United States,North America,282.0,5.645446897643238,4.844187086458591
Basis Technologies,1,False,2023-02-21,2023-02-21,0,,,40.0,40.0,40.0,0.04,0.04,0.04,Marketing,Marketing & Media,Series B,Expansion Stage (Series B),United States,North America,52.0,3.970291913552122,3.713572066704308
Baton,1,False,2022-06-29,2022-06-29,0,,,16.0,16.0,16.0,0.25,0.25,0.25,Transportation,Travel & Transportation,Series A,Early Venture (Series A),United States,North America,13.0,2.6390573296152584,2.833213344056216
Bcredi,1,False,2020-03-27,2020-03-27,0,,,,,,,,,Finance,Fintech & Financial Services,Series A,Early Venture (Series A),Brazil,Latin America,,,
BeReal,1,False,2024-06-25,2024-06-25,0,,,,,,,,,Consumer,Consumer & Retail,Acquired,Acquired / Subsidiary,France,Europe,,,
Beam,1,False,2025-05-01,2025-05-01,0,,,200.0,200.0,200.0,1.0,1.0,1.0,Other,Other / Diversified,Unknown,Unspecified / Private,United Kingdom,Europe,,,5.303304908059076
Beam Benefits,2,True,2023-02-08,2024-01-10,336,336.0,336.0,105.0,52.5,74.0,0.08,0.08,0.08,Healthcare,Healthcare & BioTech,Series E,Growth Stage (Series E+),United States,North America,168.0,5.1298987149230735,4.663439094112067
Beamery,2,True,2023-01-10,2023-11-16,310,310.0,310.0,,,,0.185,0.185,0.25,HR,Other / Diversified,Series D,Late Stage (Series C-D),United Kingdom,Europe,223.0,5.4116460518550396,
Beat,1,False,2022-11-08,2022-11-08,0,,,,,,,,,Transportation,Travel & Transportation,Series B,Expansion Stage (Series B),Greece,Other / International,6.0,1.9459101490553132,
BeeTech,1,False,2020-04-10,2020-04-10,0,,,30.0,30.0,30.0,,,,Finance,Fintech & Financial Services,Series B,Expansion Stage (Series B),Brazil,Latin America,14.0,2.70805020110221,3.4339872044851463
BeepKart,2,True,2024-10-08,2025-08-23,319,319.0,319.0,280.0,140.0,150.0,0.7,0.7,1.0,Retail,Consumer & Retail,Series A,Early Venture (Series A),India,Asia-Pacific,19.0,2.995732273553991,5.638354669333745
Believer Meats,1,False,2025-12-11,2025-12-11,0,,,,,,,,,Food,Consumer & Retail,Series B,Expansion Stage (Series B),Israel,Middle East,389.0,5.966146739123692,
Belora Paris,1,False,2023-10-18,2023-10-18,0,,,,,,1.0,1.0,1.0,Retail,Consumer & Retail,Seed,Early Stage (Seed),India,Asia-Pacific,,,
Bench,3,True,2020-03-27,2025-05-01,1861,930.5,125.0,497.0,248.5,450.0,0.55,0.55,1.0,Finance,Fintech & Financial Services,Acquired,Acquired / Subsidiary,United States,North America,109.0,4.700480365792417,6.210600077024653
BenchSci,3,True,2024-01-08,2026-05-28,871,435.5,289.0,221.0,73.66666666666667,83.0,0.2333333333333333,0.23,0.3,Healthcare,Healthcare & BioTech,Series D,Late Stage (Series C-D),Canada,North America,164.0,5.10594547390058,5.402677381872279
Benchling,1,False,2023-04-21,2023-04-21,0,,,74.0,74.0,74.0,0.09,0.09,0.09,Other,Other / Diversified,Series F,Growth Stage (Series E+),United States,North America,411.0,6.021023349349527,4.31748811353631
Benevity,1,False,2023-01-18,2023-01-18,0,,,137.0,137.0,137.0,0.14,0.14,0.14,Other,Other / Diversified,Unknown,Unspecified / Private,Canada,North America,69.0,4.248495242049359,4.927253685157205
BenevolentAI,1,False,2023-05-25,2023-05-25,0,,,180.0,180.0,180.0,,,,Healthcare,Healthcare & BioTech,Private Equity,Private Equity Owned,United Kingdom,Europe,292.0,5.680172609017068,5.198497031265826
Benitago Group,1,False,2022-11-04,2022-11-04,0,,,,,,0.14,0.14,0.14,Retail,Consumer & Retail,Series A,Early Venture (Series A),United States,North America,380.0,5.942799375126701,
Berkeley Lights,1,False,2022-08-09,2022-08-09,0,,,,,,0.12,0.12,0.12,Healthcare,Healthcare & BioTech,Post-IPO,Public (Post-IPO),United States,North America,272.0,5.60947179518496,
Berlin Brands Group,1,False,2022-06-10,2022-06-10,0,,,100.0,100.0,100.0,0.1,0.1,0.1,Retail,Consumer & Retail,Unknown,Unspecified / Private,Germany,Europe,1000.0,6.90875477931522,4.61512051684126
Bestow,1,False,2022-06-24,2022-06-24,0,,,41.0,41.0,41.0,0.14,0.14,0.14,Finance,Fintech & Financial Services,Series C,Late Stage (Series C-D),United States,North America,137.0,4.927253685157205,3.7376696182833684
Better Collective,1,False,2024-11-14,2024-11-14,0,,,300.0,300.0,300.0,,,,Other,Other / Diversified,Unknown,Unspecified / Private,Denmark,Europe,,,5.707110264748875
Better Therapeutics,1,False,2023-03-27,2023-03-27,0,,,,,,0.35,0.35,0.35,Healthcare,Healthcare & BioTech,Post-IPO,Public (Post-IPO),United States,North America,143.0,4.969813299576001,
Better.com,6,True,2021-12-01,2023-09-06,644,128.8,42.0,3900.0,1950.0,3000.0,0.21000000000000002,0.21000000000000002,0.33,Real Estate,Real Estate & PropTech,Unknown,Unspecified / Private,United States,North America,905.0,6.80903930604298,8.268988209506656
BetterCloud,1,False,2020-05-13,2020-05-13,0,,,,,,,,,Security,Enterprise & Infrastructure,Series E,Growth Stage (Series E+),United States,North America,111.0,4.718498871295094,
BetterUp,1,False,2023-08-02,2023-08-02,0,,,100.0,100.0,100.0,0.16,0.16,0.16,HR,Other / Diversified,Series E,Growth Stage (Series E+),United States,North America,567.0,6.342121418721152,4.61512051684126
Betterfly,2,True,2022-08-11,2023-01-18,160,160.0,160.0,30.0,30.0,30.0,0.3,0.3,0.3,Healthcare,Healthcare & BioTech,Series C,Late Stage (Series C-D),Chile,Latin America,204.0,5.3230099791384085,3.4339872044851463
Betterment,1,False,2023-02-15,2023-02-15,0,,,28.0,28.0,28.0,,,,Finance,Fintech & Financial Services,Series F,Growth Stage (Series E+),United States,North America,435.0,6.077642243349034,3.367295829986474
Bevi,1,False,2020-03-27,2020-03-27,0,,,30.0,30.0,30.0,0.2,0.2,0.2,Food,Consumer & Retail,Series C,Late Stage (Series C-D),United States,North America,60.0,4.110873864173311,3.4339872044851463
Beyond Meat,3,True,2022-08-03,2023-11-02,456,228.0,72.0,305.0,101.66666666666667,200.0,0.10333333333333333,0.08,0.19,Food,Consumer & Retail,Post-IPO,Public (Post-IPO),United States,North America,122.0,4.812184355372417,5.723585101952381
BeyondMinds,1,False,2022-05-23,2022-05-23,0,,,65.0,65.0,65.0,1.0,1.0,1.0,Data,Enterprise & Infrastructure,Series A,Early Venture (Series A),Israel,Middle East,16.0,2.833213344056216,4.189654742026425
BharatAgri,2,True,2023-01-15,2025-11-13,1033,1033.0,1033.0,77.0,38.5,40.0,0.715,0.715,1.0,Food,Consumer & Retail,Series A,Early Venture (Series A),India,Asia-Pacific,21.0,3.091042453358316,4.356708826689592
Big Cabal Media,1,False,2023-08-04,2023-08-04,0,,,,,,0.19,0.19,0.19,Media,Marketing & Media,Seed,Early Stage (Seed),Nigeria,Africa,3.0,1.3862943611198906,
Big Fish Games,1,False,2020-09-01,2020-09-01,0,,,250.0,250.0,250.0,,,,Media,Marketing & Media,Acquired,Acquired / Subsidiary,United States,North America,95.2,4.566429357671661,5.5254529391317835
BigBear.ai,1,False,2022-09-08,2022-09-08,0,,,,,,0.07,0.07,0.07,Data,Enterprise & Infrastructure,Post-IPO,Public (Post-IPO),United States,North America,200.0,5.303304908059076,
BigCommerce,3,True,2022-12-15,2024-11-08,694,347.0,328.0,180.0,180.0,180.0,0.1,0.1,0.13,Retail,Consumer & Retail,Post-IPO,Public (Post-IPO),United States,North America,224.0,5.41610040220442,5.198497031265826
BigID,1,False,2026-05-26,2026-05-26,0,,,,,,0.2,0.2,0.2,Security,Enterprise & Infrastructure,Series E,Growth Stage (Series E+),United States,North America,306.0,5.726847747587197,
BigPanda,1,False,2023-04-24,2023-04-24,0,,,40.0,40.0,40.0,0.13,0.13,0.13,Infrastructure,Enterprise & Infrastructure,Series E,Growth Stage (Series E+),United States,North America,337.0,5.823045895483019,3.713572066704308
Bikayi,1,False,2022-07-28,2022-07-28,0,,,,,,,,,Retail,Consumer & Retail,Series A,Early Venture (Series A),India,Asia-Pacific,12.0,2.5649493574615367,
Bilibili,1,False,2022-12-27,2022-12-27,0,,,,,,0.3,0.3,0.3,Media,Marketing & Media,Post-IPO,Public (Post-IPO),China,Asia-Pacific,3700.0,8.216358332386156,
Bill.com,3,True,2023-12-05,2026-05-07,884,442.0,204.0,709.0,709.0,709.0,0.17,0.15,0.3,Finance,Fintech & Financial Services,Post-IPO,Public (Post-IPO),United States,North America,280.0,5.638354669333745,6.565264970035361
BillGO,1,False,2024-02-05,2024-02-05,0,,,80.0,80.0,80.0,,,,Finance,Fintech & Financial Services,Series B,Expansion Stage (Series B),United States,North America,119.0,4.787491742782046,4.394449154672439
Billion Hearts,1,False,2026-07-07,2026-07-07,0,,,,,,1.0,1.0,1.0,Consumer,Consumer & Retail,Seed,Early Stage (Seed),India,Asia-Pacific,5.0,1.791759469228055,
Binance,1,False,2023-07-14,2023-07-14,0,,,1000.0,1000.0,1000.0,,,,Crypto,Fintech & Financial Services,Unknown,Unspecified / Private,Cayman Islands,Other / International,,,6.90875477931522
Binance.US,2,True,2023-06-15,2023-09-12,89,89.0,89.0,100.0,100.0,100.0,0.33,0.33,0.33,Crypto,Fintech & Financial Services,Subsidiary,Unspecified / Private,United States,North America,,,4.61512051684126
BioMarin,1,False,2022-10-07,2022-10-07,0,,,120.0,120.0,120.0,0.04,0.04,0.04,Healthcare,Healthcare & BioTech,Post-IPO,Public (Post-IPO),United States,North America,585.0,6.373319789577012,4.795790545596741
Biofourmis,1,False,2023-08-31,2023-08-31,0,,,120.0,120.0,120.0,,,,Healthcare,Healthcare & BioTech,Series D,Late Stage (Series C-D),United States,North America,464.0,6.142037405587356,4.795790545596741
BionicHIVE,1,False,2024-12-22,2024-12-22,0,,,,,,1.0,1.0,1.0,Hardware,Hardware & Manufacturing,Unknown,Unspecified / Private,Israel,Middle East,,,
Bird,3,True,2020-03-27,2023-10-04,1286,643.0,484.0,544.0,272.0,406.0,0.265,0.265,0.3,Transportation,Travel & Transportation,Post-IPO,Public (Post-IPO),United States,North America,916.0,6.821107472256465,6.300785794663244
Bishop Fox,1,False,2023-05-02,2023-05-02,0,,,50.0,50.0,50.0,0.13,0.13,0.13,Security,Enterprise & Infrastructure,Series B,Expansion Stage (Series B),United States,North America,146.0,4.990432586778736,3.9318256327243257
BitGo,2,True,2020-04-17,2026-06-25,2260,2260.0,2260.0,90.0,90.0,90.0,0.135,0.135,0.15,Crypto,Fintech & Financial Services,Unknown,Unspecified / Private,United States,North America,171.0,5.147494476813453,4.51085950651685
BitMEX,3,True,2022-04-04,2026-07-23,1571,785.5,212.0,75.0,75.0,75.0,0.5166666666666667,0.3,1.0,Crypto,Fintech & Financial Services,Seed,Early Stage (Seed),Seychelles,Other / International,,,4.330733340286331
BitMart,1,False,2026-07-27,2026-07-27,0,,,,,,1.0,1.0,1.0,Crypto,Fintech & Financial Services,Series B,Expansion Stage (Series B),United States,North America,10.0,2.3978952727983707,
BitOasis,1,False,2022-06-19,2022-06-19,0,,,9.0,9.0,9.0,0.05,0.05,0.05,Crypto,Fintech & Financial Services,Series B,Expansion Stage (Series B),United Arab Emirates,Middle East,30.0,3.4339872044851463,2.302585092994046
BitSight,1,False,2023-02-26,2023-02-26,0,,,40.0,40.0,40.0,,,,Security,Enterprise & Infrastructure,Unknown,Unspecified / Private,Israel,Middle East,401.0,5.996452088619021,3.713572066704308
BitTitan,1,False,2021-11-18,2021-11-18,0,,,70.0,70.0,70.0,0.27,0.27,0.27,Data,Enterprise & Infrastructure,Acquired,Acquired / Subsidiary,United States,North America,46.0,3.8501476017100584,4.2626798770413155
BitTorrent,1,False,2023-01-20,2023-01-20,0,,,92.0,92.0,92.0,,,,Infrastructure,Enterprise & Infrastructure,Acquired,Acquired / Subsidiary,United States,North America,,,4.532599493153256
Bitfarms,1,False,2020-04-06,2020-04-06,0,,,,,,,,,Crypto,Fintech & Financial Services,Post-IPO,Public (Post-IPO),Canada,North America,25.0,3.258096538021482,
Bitfront,1,False,2022-11-29,2022-11-29,0,,,,,,1.0,1.0,1.0,Crypto,Fintech & Financial Services,Unknown,Unspecified / Private,United States,North America,,,
Bitpanda,1,False,2022-06-24,2022-06-24,0,,,270.0,270.0,270.0,0.27,0.27,0.27,Crypto,Fintech & Financial Services,Series C,Late Stage (Series C-D),Austria,Europe,546.0,6.304448802421981,5.602118820879701
Bitrise,1,False,2022-09-14,2022-09-14,0,,,,,,0.14,0.14,0.14,Infrastructure,Enterprise & Infrastructure,Series C,Late Stage (Series C-D),Hungary,Other / International,83.0,4.430816798843313,
Bitso,2,True,2022-05-26,2022-11-29,187,187.0,187.0,180.0,90.0,100.0,0.11,0.11,0.11,Crypto,Fintech & Financial Services,Series C,Late Stage (Series C-D),Mexico,Latin America,378.0,5.937536205082426,5.198497031265826
Bittrex,1,False,2023-02-02,2023-02-02,0,,,80.0,80.0,80.0,,,,Crypto,Fintech & Financial Services,Unknown,Unspecified / Private,United States,North America,,,4.394449154672439
Bitwise,1,False,2026-08-12,2026-08-12,0,,,25.0,25.0,25.0,0.14,0.14,0.14,Crypto,Fintech & Financial Services,Unknown,Unspecified / Private,United States,North America,154.0,5.043425116919247,3.258096538021482
Bitwise Industries,1,False,2023-06-14,2023-06-14,0,,,900.0,900.0,900.0,1.0,1.0,1.0,Education,EdTech & Learning,Series C,Late Stage (Series C-D),United States,North America,158.0,5.0689042022202315,6.803505257608338
Bizongo,2,True,2020-07-10,2023-10-05,1182,1182.0,1182.0,190.0,95.0,140.0,,,,Retail,Consumer & Retail,Series E,Growth Stage (Series E+),India,Asia-Pacific,315.0,5.755742213586912,5.25227342804663
Bizpay,1,False,2022-05-04,2022-05-04,0,,,,,,0.3,0.3,0.3,Finance,Fintech & Financial Services,Unknown,Unspecified / Private,Australia,Asia-Pacific,45.0,3.828641396489095,
Bizzabo,3,True,2022-07-05,2026-09-02,1520,760.0,149.0,220.0,110.0,120.0,0.33499999999999996,0.33499999999999996,0.37,Marketing,Marketing & Media,Series E,Growth Stage (Series E+),United States,North America,194.0,5.272999558563747,5.3981627015177525
Black Shark,1,False,2023-01-13,2023-01-13,0,,,900.0,900.0,900.0,,,,Hardware,Hardware & Manufacturing,Unknown,Unspecified / Private,China,Asia-Pacific,,,6.803505257608338
BlackBuck,1,False,2020-04-17,2020-04-17,0,,,200.0,200.0,200.0,,,,Logistics,Travel & Transportation,Series D,Late Stage (Series C-D),India,Asia-Pacific,293.0,5.683579767338681,5.303304908059076
BlackLine,2,True,2022-12-08,2023-08-23,258,258.0,258.0,190.0,95.0,95.0,0.05,0.05,0.05,Finance,Fintech & Financial Services,Post-IPO,Public (Post-IPO),United States,North America,220.0,5.3981627015177525,5.25227342804663
Blackbaud,1,False,2023-02-14,2023-02-14,0,,,500.0,500.0,500.0,0.14,0.14,0.14,Other,Other / Diversified,Post-IPO,Public (Post-IPO),United States,North America,,,6.2166061010848646
Bleacher Report,1,False,2020-09-11,2020-09-11,0,,,20.0,20.0,20.0,,,,Media,Marketing & Media,Acquired,Acquired / Subsidiary,United Kingdom,Europe,40.5,3.7256934272366524,3.044522437723423
Blend,5,True,2022-04-19,2023-08-09,477,119.25,61.0,1010.0,202.0,340.0,0.15,0.12,0.28,Finance,Fintech & Financial Services,Post-IPO,Public (Post-IPO),United States,North America,665.0,6.501289670540389,6.918695219020472
Blink Charging,1,False,2025-05-19,2025-05-19,0,,,,,,0.2,0.2,0.2,Other,Other / Diversified,Post-IPO,Public (Post-IPO),United States,North America,110.0,4.709530201312334,
Blip,1,False,2025-07-12,2025-07-12,0,,,,,,1.0,1.0,1.0,Retail,Consumer & Retail,Unknown,Unspecified / Private,India,Asia-Pacific,,,
BlissClub,1,False,2024-02-09,2024-02-09,0,,,21.0,21.0,21.0,0.18,0.18,0.18,Retail,Consumer & Retail,Series A,Early Venture (Series A),India,Asia-Pacific,20.0,3.044522437723423,3.091042453358316
BlocPower,1,False,2026-08-19,2026-08-19,0,,,,,,1.0,1.0,1.0,Energy,Other / Diversified,Unknown,Unspecified / Private,United States,North America,268.0,5.594711379601839,
Block,4,True,2023-10-04,2026-02-26,876,292.0,118.0,5931.0,1977.0,4000.0,0.19333333333333336,0.1,0.4,Finance,Fintech & Financial Services,Post-IPO,Public (Post-IPO),United States,North America,150.0,5.017279836814924,8.688116703257823
BlockFi,2,True,2022-06-13,2022-11-28,168,168.0,168.0,250.0,250.0,250.0,0.6,0.6,1.0,Crypto,Fintech & Financial Services,Series E,Growth Stage (Series E+),United States,North America,1000.0,6.90875477931522,5.5254529391317835
Blockchain.com,2,True,2022-07-21,2023-01-12,175,175.0,175.0,260.0,130.0,150.0,0.265,0.265,0.28,Crypto,Fintech & Financial Services,Series D,Late Stage (Series C-D),United Kingdom,Europe,490.0,6.19644412779452,5.564520407322694
BloomTech,1,False,2022-12-01,2022-12-01,0,,,88.0,88.0,88.0,0.5,0.5,0.5,Education,EdTech & Learning,Unknown,Unspecified / Private,United States,North America,,,4.48863636973214
Blue Apron,2,True,2022-12-08,2023-07-19,223,223.0,223.0,,,,0.15000000000000002,0.15000000000000002,0.2,Food,Consumer & Retail,Post-IPO,Public (Post-IPO),United States,North America,422.0,6.0473721790462776,
Blue Nile,1,False,2023-03-28,2023-03-28,0,,,119.0,119.0,119.0,,,,Retail,Consumer & Retail,Acquired,Acquired / Subsidiary,United States,North America,62.0,4.143134726391533,4.787491742782046
Blue Origin,3,True,2023-09-06,2025-02-13,526,263.0,33.0,1040.0,520.0,1000.0,0.1,0.1,0.1,Aerospace,Hardware & Manufacturing,Unknown,Unspecified / Private,United States,North America,167.0,5.123963979403259,6.947937068614969
BlueStacks,1,False,2022-07-20,2022-07-20,0,,,60.0,60.0,60.0,,,,Other,Other / Diversified,Series C,Late Stage (Series C-D),United States,North America,48.0,3.8918202981106265,4.110873864173311
Blueboard,1,False,2024-03-15,2024-03-15,0,,,,,,1.0,1.0,1.0,HR,Other / Diversified,Series A,Early Venture (Series A),United States,North America,16.0,2.833213344056216,
Blueground,1,False,2020-03-27,2020-03-27,0,,,130.0,130.0,130.0,0.25,0.25,0.25,Real Estate,Real Estate & PropTech,Series B,Expansion Stage (Series B),United States,North America,77.0,4.356708826689592,4.875197323201151
Bluelearn,1,False,2024-07-22,2024-07-22,0,,,,,,1.0,1.0,1.0,Education,EdTech & Learning,Seed,Early Stage (Seed),India,Asia-Pacific,4.0,1.6094379124341003,
Bluepad,1,False,2023-04-13,2023-04-13,0,,,,,,1.0,1.0,1.0,Media,Marketing & Media,Seed,Early Stage (Seed),India,Asia-Pacific,,,
Bluevine,2,True,2024-06-20,2024-12-10,173,173.0,173.0,100.0,100.0,100.0,0.18,0.18,0.18,Finance,Fintech & Financial Services,Unknown,Unspecified / Private,Israel,Middle East,769.0,6.646390514847729,4.61512051684126
Blume Global,1,False,2020-03-30,2020-03-30,0,,,30.0,30.0,30.0,0.1,0.1,0.1,Logistics,Travel & Transportation,Unknown,Unspecified / Private,United States,North America,,,3.4339872044851463
Bluprint,1,False,2020-05-26,2020-05-26,0,,,137.0,137.0,137.0,1.0,1.0,1.0,Education,EdTech & Learning,Acquired,Acquired / Subsidiary,United States,North America,108.0,4.6913478822291435,4.927253685157205
Bobble AI,1,False,2025-09-04,2025-09-04,0,,,50.0,50.0,50.0,,,,Consumer,Consumer & Retail,Unknown,Unspecified / Private,India,Asia-Pacific,59.0,4.0943445622221,3.9318256327243257
Bolt,5,True,2022-05-25,2026-04-05,1411,352.75,28.0,307.0,102.33333333333333,240.0,0.2475,0.28,0.33,Finance,Fintech & Financial Services,Series E,Growth Stage (Series E+),United States,North America,1300.0,7.170888478512505,5.730099782973574
Bolt.Earth,2,True,2023-12-29,2024-04-06,99,99.0,99.0,70.0,70.0,70.0,0.30000000000000004,0.30000000000000004,0.4,Energy,Other / Diversified,Series B,Expansion Stage (Series B),India,Asia-Pacific,24.0,3.2188758248682006,4.2626798770413155
Bond,1,False,2022-06-07,2022-06-07,0,,,,,,,,,Finance,Fintech & Financial Services,Series A,Early Venture (Series A),United States,North America,42.0,3.7612001156935624,
Bonsai,2,True,2022-04-26,2022-06-20,55,55.0,55.0,59.0,29.5,30.0,0.44500000000000006,0.44500000000000006,0.55,Retail,Consumer & Retail,Series A,Early Venture (Series A),Canada,North America,27.0,3.332204510175204,4.0943445622221
Bonterra,2,True,2023-01-13,2023-09-11,241,241.0,241.0,140.0,140.0,140.0,0.1,0.1,0.1,Other,Other / Diversified,Unknown,Unspecified / Private,United States,North America,,,4.948759890378168
Bonusly,2,True,2023-03-09,2023-03-16,7,7.0,7.0,,,,,,,HR,Other / Diversified,Series B,Expansion Stage (Series B),United States,North America,31.0,3.4657359027997265,
BookClub,1,False,2022-05-31,2022-05-31,0,,,12.0,12.0,12.0,0.25,0.25,0.25,Education,EdTech & Learning,Series A,Early Venture (Series A),United States,North America,26.0,3.295836866004329,2.5649493574615367
BookMyShow,1,False,2020-05-28,2020-05-28,0,,,270.0,270.0,270.0,0.18,0.18,0.18,Consumer,Consumer & Retail,Unknown,Unspecified / Private,India,Asia-Pacific,224.0,5.41610040220442,5.602118820879701
Booking Holdings,1,False,2024-12-04,2024-12-04,0,,,60.0,60.0,60.0,,,,Travel,Travel & Transportation,Post-IPO,Public (Post-IPO),United States,North America,2800.0,7.937731775260109,4.110873864173311
Booking.com,3,True,2020-07-30,2024-11-08,1562,781.0,738.0,4601.0,2300.5,4375.0,0.25,0.25,0.25,Travel,Travel & Transportation,Acquired,Acquired / Subsidiary,United States,North America,,,8.434246270595311
Booksy,1,False,2020-04-01,2020-04-01,0,,,200.0,200.0,200.0,,,,Consumer,Consumer & Retail,Series B,Expansion Stage (Series B),United States,North America,48.0,3.8918202981106265,5.303304908059076
Booktopia,2,True,2022-06-28,2023-01-23,209,209.0,209.0,30.0,30.0,30.0,,,,Retail,Consumer & Retail,Series A,Early Venture (Series A),Australia,Asia-Pacific,23.0,3.1780538303479458,3.4339872044851463
Boost,1,False,2023-04-04,2023-04-04,0,,,15.0,15.0,15.0,0.2,0.2,0.2,Finance,Fintech & Financial Services,Series B,Expansion Stage (Series B),United States,North America,37.0,3.6375861597263857,2.772588722239781
Boosted Commerce,1,False,2022-07-22,2022-07-22,0,,,,,,0.05,0.05,0.05,Retail,Consumer & Retail,Series B,Expansion Stage (Series B),United States,North America,137.0,4.927253685157205,
Boozt,2,True,2022-06-09,2025-01-13,949,949.0,949.0,70.0,70.0,70.0,0.07500000000000001,0.07500000000000001,0.1,Retail,Consumer & Retail,Post-IPO,Public (Post-IPO),Sweden,Europe,56.0,4.04305126783455,4.2626798770413155
Borrowell,1,False,2020-04-06,2020-04-06,0,,,15.0,15.0,15.0,0.2,0.2,0.2,Finance,Fintech & Financial Services,Series B,Expansion Stage (Series B),Canada,North America,72.0,4.290459441148391,2.772588722239781
Bossa Nova,2,True,2020-06-29,2020-11-02,126,126.0,126.0,61.0,61.0,61.0,0.5,0.5,0.5,Retail,Consumer & Retail,Unknown,Unspecified / Private,United States,North America,101.6,4.630837932736669,4.127134385045092
Bounce,4,True,2020-03-19,2023-01-06,1023,341.0,102.0,490.0,122.5,200.0,0.22333333333333336,0.22,0.4,Transportation,Travel & Transportation,Series D,Late Stage (Series C-D),India,Asia-Pacific,214.2,5.371567828287629,6.19644412779452
BounceX,1,False,2020-04-06,2020-04-06,0,,,77.0,77.0,77.0,0.2,0.2,0.2,Marketing,Marketing & Media,Series B,Expansion Stage (Series B),United States,North America,75.0,4.330733340286331,4.356708826689592
Bowery Farming,2,True,2023-11-10,2024-11-01,357,357.0,357.0,,,,1.0,1.0,1.0,Food,Consumer & Retail,Unknown,Unspecified / Private,United States,North America,626.0,6.440946540632921,
Boxed,1,False,2023-03-15,2023-03-15,0,,,32.0,32.0,32.0,0.25,0.25,0.25,Retail,Consumer & Retail,Post-IPO,Public (Post-IPO),United States,North America,365.0,5.902633333401366,3.4965075614664802
Braid,1,False,2023-10-09,2023-10-09,0,,,,,,1.0,1.0,1.0,Finance,Fintech & Financial Services,Unknown,Unspecified / Private,United States,North America,,,
Brainbase,1,False,2022-07-28,2022-07-28,0,,,,,,,,,Sales,Professional Services,Series A,Early Venture (Series A),United States,North America,12.0,2.5649493574615367,
Brainly,2,True,2022-11-06,2023-05-24,199,199.0,199.0,25.0,25.0,25.0,0.3,0.3,0.3,Education,EdTech & Learning,Series D,Late Stage (Series C-D),Poland,Other / International,148.0,5.003946305945459,3.258096538021482
Branch,3,True,2020-06-11,2024-01-09,1307,653.5,215.0,274.0,91.33333333333333,186.0,0.27,0.27,0.27,Finance,Fintech & Financial Services,Series C,Late Stage (Series C-D),United States,North America,229.0,5.438079308923196,5.616771097666572
Branch Metrics,1,False,2020-04-07,2020-04-07,0,,,100.0,100.0,100.0,0.2,0.2,0.2,Marketing,Marketing & Media,Series E,Growth Stage (Series E+),United States,North America,367.0,5.908082938168931,4.61512051684126
Branch.io,1,False,2024-08-09,2024-08-09,0,,,100.0,100.0,100.0,,,,Marketing,Marketing & Media,Series F,Growth Stage (Series E+),United States,North America,667.0,6.504288173536645,4.61512051684126
Brave,2,True,2023-10-06,2024-08-28,327,327.0,327.0,27.0,27.0,27.0,0.115,0.115,0.14,Consumer,Consumer & Retail,Series B,Expansion Stage (Series B),United States,North America,42.0,3.7612001156935624,3.332204510175204
Brave Care,2,True,2022-09-06,2024-12-31,847,847.0,847.0,40.0,40.0,40.0,0.665,0.665,1.0,Healthcare,Healthcare & BioTech,Series B,Expansion Stage (Series B),United States,North America,43.0,3.784189633918261,3.713572066704308
Breadfast,1,False,2026-05-12,2026-05-12,0,,,58.0,58.0,58.0,,,,Food,Consumer & Retail,Series C,Late Stage (Series C-D),Egypt,Africa,89.0,4.499809670330265,4.07753744390572
Breathe,1,False,2022-06-14,2022-06-14,0,,,50.0,50.0,50.0,0.33,0.33,0.33,Healthcare,Healthcare & BioTech,Series A,Early Venture (Series A),India,Asia-Pacific,6.0,1.9459101490553132,3.9318256327243257
Breather,1,False,2020-12-16,2020-12-16,0,,,120.0,120.0,120.0,0.8,0.8,0.8,Real Estate,Real Estate & PropTech,Series D,Late Stage (Series C-D),Canada,North America,131.0,4.882801922586371,4.795790545596741
Brex,3,True,2020-05-29,2024-01-23,1334,667.0,469.0,480.0,160.0,282.0,0.15333333333333335,0.15,0.2,Finance,Fintech & Financial Services,Series D,Late Stage (Series C-D),United States,North America,1500.0,7.313886831633462,6.175867270105761
Bridge Connector,1,False,2020-11-17,2020-11-17,0,,,154.0,154.0,154.0,1.0,1.0,1.0,Healthcare,Healthcare & BioTech,Series B,Expansion Stage (Series B),United States,North America,45.0,3.828641396489095,5.043425116919247
Bridgit,1,False,2022-12-06,2022-12-06,0,,,13.0,13.0,13.0,0.13,0.13,0.13,Construction,Other / Diversified,Series B,Expansion Stage (Series B),Canada,North America,36.0,3.6109179126442243,2.6390573296152584
Bright Machines,1,False,2022-06-28,2022-06-28,0,,,30.0,30.0,30.0,0.08,0.08,0.08,Data,Enterprise & Infrastructure,Unknown,Unspecified / Private,Israel,Middle East,250.0,5.5254529391317835,3.4339872044851463
Bright Money,1,False,2022-07-15,2022-07-15,0,,,100.0,100.0,100.0,0.5,0.5,0.5,Finance,Fintech & Financial Services,Series A,Early Venture (Series A),India,Asia-Pacific,31.0,3.4657359027997265,4.61512051684126
Brightcove,2,True,2023-05-03,2025-03-19,686,686.0,686.0,268.0,134.0,198.0,0.21500000000000002,0.21500000000000002,0.33,Marketing,Marketing & Media,Acquired,Acquired / Subsidiary,United States,North America,145.0,4.983606621708336,5.594711379601839
Brighte,2,True,2022-06-20,2022-09-09,81,81.0,81.0,88.0,44.0,58.0,0.15,0.15,0.15,Energy,Other / Diversified,Series C,Late Stage (Series C-D),Australia,Asia-Pacific,145.0,4.983606621708336,4.48863636973214
Brightline,2,True,2022-11-01,2023-05-03,183,183.0,183.0,,,,0.2,0.2,0.2,Healthcare,Healthcare & BioTech,Series C,Late Stage (Series C-D),United States,North America,212.0,5.3612921657094255,
Brilliant,1,False,2024-05-08,2024-05-08,0,,,,,,1.0,1.0,1.0,Hardware,Hardware & Manufacturing,Series B,Expansion Stage (Series B),United States,North America,64.0,4.174387269895637,
Bringg,1,False,2020-04-21,2020-04-21,0,,,10.0,10.0,10.0,0.1,0.1,0.1,Logistics,Travel & Transportation,Series D,Late Stage (Series C-D),Israel,Middle East,84.0,4.442651256490317,2.3978952727983707
Britishvolt,1,False,2023-01-17,2023-01-17,0,,,206.0,206.0,206.0,1.0,1.0,1.0,Transportation,Travel & Transportation,Unknown,Unspecified / Private,United Kingdom,Europe,2400.0,7.783640596221253,5.332718793265369
Briza,1,False,2022-12-20,2022-12-20,0,,,26.0,26.0,26.0,0.4,0.4,0.4,Finance,Fintech & Financial Services,Series A,Early Venture (Series A),Canada,North America,10.0,2.3978952727983707,3.295836866004329
Broadcom,1,False,2025-10-17,2025-10-17,0,,,247.0,247.0,247.0,,,,Hardware,Hardware & Manufacturing,Post-IPO,Public (Post-IPO),United States,North America,,,5.5134287461649825
Brodmann17,1,False,2022-12-09,2022-12-09,0,,,,,,1.0,1.0,1.0,Other,Other / Diversified,Series A,Early Venture (Series A),Israel,Middle East,25.0,3.258096538021482,
Bryter,1,False,2022-07-13,2022-07-13,0,,,100.0,100.0,100.0,0.3,0.3,0.3,Product,Other / Diversified,Series B,Expansion Stage (Series B),Germany,Europe,89.0,4.499809670330265,4.61512051684126
Buenbit,1,False,2022-05-23,2022-05-23,0,,,80.0,80.0,80.0,0.45,0.45,0.45,Crypto,Fintech & Financial Services,Series A,Early Venture (Series A),Argentina,Latin America,11.0,2.4849066497880004,4.394449154672439
Builder,1,False,2020-06-04,2020-06-04,0,,,39.0,39.0,39.0,0.14,0.14,0.14,Product,Other / Diversified,Series A,Early Venture (Series A),United States,North America,29.0,3.4011973816621555,3.6888794541139363
Builder.ai,1,False,2025-05-20,2025-05-20,0,,,,,,1.0,1.0,1.0,AI,Other / Diversified,Series D,Late Stage (Series C-D),United Kingdom,Europe,445.0,6.100318952020064,
Buildertrend,1,False,2023-11-17,2023-11-17,0,,,,,,0.16,0.16,0.16,Construction,Other / Diversified,Unknown,Unspecified / Private,United States,North America,,,
Built In,2,True,2020-04-10,2022-10-05,908,908.0,908.0,78.0,39.0,50.0,0.25,0.25,0.25,Recruiting,Professional Services,Series C,Late Stage (Series C-D),United States,North America,29.0,3.4011973816621555,4.3694478524670215
Built Technologies,1,False,2023-07-11,2023-07-11,0,,,,,,,,,Construction,Other / Diversified,Unknown,Unspecified / Private,United States,North America,313.0,5.749392985908253,
Built Technologies copy,1,False,2023-02-03,2023-02-03,0,,,,,,0.08,0.08,0.08,Construction,Other / Diversified,Unknown,Unspecified / Private,United States,North America,313.0,5.749392985908253,
Bukalapak,1,False,2023-08-09,2023-08-09,0,,,,,,,,,Retail,Consumer & Retail,Post-IPO,Public (Post-IPO),Indonesia,Asia-Pacific,925.0,6.8308742346461795,
Bullhorn,2,True,2020-04-30,2023-10-19,1267,1267.0,1267.0,240.0,120.0,140.0,0.09,0.09,0.09,Sales,Professional Services,Acquired,Acquired / Subsidiary,United States,North America,32.0,3.4965075614664802,5.484796933490655
Bullish,1,False,2022-07-05,2022-07-05,0,,,30.0,30.0,30.0,0.08,0.08,0.08,Crypto,Fintech & Financial Services,Unknown,Unspecified / Private,Hong Kong,Asia-Pacific,300.0,5.707110264748875,3.4339872044851463
Bumble,2,True,2024-02-27,2025-06-25,484,484.0,484.0,590.0,295.0,350.0,0.3,0.3,0.3,Consumer,Consumer & Retail,Post-IPO,Public (Post-IPO),United States,North America,313.0,5.749392985908253,6.3818160174060985
Bundle Africa,1,False,2023-07-21,2023-07-21,0,,,,,,1.0,1.0,1.0,Crypto,Fintech & Financial Services,Seed,Early Stage (Seed),Nigeria,Africa,1.0,0.6931471805599453,
Bungalow,1,False,2022-06-22,2022-06-22,0,,,70.0,70.0,70.0,,,,Real Estate,Real Estate & PropTech,Series C,Late Stage (Series C-D),United States,North America,171.0,5.147494476813453,4.2626798770413155
Bungie,3,True,2023-10-30,2026-06-25,969,484.5,275.0,612.0,204.0,292.0,0.125,0.125,0.17,Consumer,Consumer & Retail,Acquired,Acquired / Subsidiary,United States,North America,100.0,4.61512051684126,6.418364935936212
Bunnii,1,False,2023-06-06,2023-06-06,0,,,,,,1.0,1.0,1.0,Healthcare,Healthcare & BioTech,Unknown,Unspecified / Private,United States,North America,,,
BusBud,1,False,2020-04-06,2020-04-06,0,,,23.0,23.0,23.0,0.32,0.32,0.32,Transportation,Travel & Transportation,Series B,Expansion Stage (Series B),Canada,North America,21.0,3.091042453358316,3.1780538303479458
Buser,1,False,2022-12-08,2022-12-08,0,,,160.0,160.0,160.0,0.3,0.3,0.3,Transportation,Travel & Transportation,Series C,Late Stage (Series C-D),Brazil,Latin America,138.0,4.9344739331306915,5.081404364984463
Business Insider,2,True,2024-01-25,2025-05-29,490,490.0,490.0,,,,0.14,0.14,0.2,Media,Marketing & Media,Acquired,Acquired / Subsidiary,United States,North America,56.0,4.04305126783455,
Bustle Digital Group,3,True,2020-04-03,2023-02-01,1034,517.0,0.0,43.0,21.5,24.0,0.08,0.08,0.08,Media,Marketing & Media,Series E,Growth Stage (Series E+),United States,North America,80.0,4.394449154672439,3.784189633918261
Butler Hospitality,1,False,2022-07-08,2022-07-08,0,,,1000.0,1000.0,1000.0,1.0,1.0,1.0,Food,Consumer & Retail,Series B,Expansion Stage (Series B),United States,North America,50.0,3.9318256327243257,6.90875477931522
Butterfly Network,2,True,2022-08-02,2023-01-04,155,155.0,155.0,,,,0.175,0.175,0.25,Healthcare,Healthcare & BioTech,Post-IPO,Public (Post-IPO),United States,North America,530.0,6.274762021241939,
Butterfly Network copy,1,False,2023-07-11,2023-07-11,0,,,,,,0.25,0.25,0.25,Healthcare,Healthcare & BioTech,Post-IPO,Public (Post-IPO),United States,North America,530.0,6.274762021241939,
Button,1,False,2020-04-08,2020-04-08,0,,,48.0,48.0,48.0,0.35,0.35,0.35,Marketing,Marketing & Media,Series C,Late Stage (Series C-D),United States,North America,64.0,4.174387269895637,3.8918202981106265
Buy.com / Rakuten,1,False,2020-07-30,2020-07-30,0,,,87.0,87.0,87.0,1.0,1.0,1.0,Retail,Consumer & Retail,Acquired,Acquired / Subsidiary,United States,North America,42.4,3.770459441106359,4.477336814478207
BuzzFeed,4,True,2022-12-06,2026-07-27,1329,443.0,135.0,540.0,180.0,180.0,0.195,0.155,0.35,Media,Marketing & Media,Post-IPO,Public (Post-IPO),United States,North America,696.0,6.546785410760524,6.293419278846481
Buzzer,3,True,2022-06-20,2023-06-30,375,187.5,52.0,,,,0.6,0.6,1.0,Consumer,Consumer & Retail,Series A,Early Venture (Series A),United States,North America,32.0,3.4965075614664802,
Bybit,3,True,2022-06-20,2022-12-03,166,83.0,0.0,600.0,600.0,600.0,0.3,0.3,0.3,Crypto,Fintech & Financial Services,Unknown,Unspecified / Private,Singapore,Asia-Pacific,,,6.398594934535208
Byju's,4,True,2022-10-12,2024-04-02,538,179.33333333333334,113.0,5500.0,1375.0,2500.0,0.04,0.04,0.05,Education,EdTech & Learning,Private Equity,Private Equity Owned,India,Asia-Pacific,5500.0,8.612685172875459,8.612685172875459
Bytedance,7,True,2021-01-27,2024-10-11,1353,225.5,121.0,5700.0,950.0,1800.0,0.1,0.1,0.1,Consumer,Consumer & Retail,Unknown,Unspecified / Private,Indonesia,Asia-Pacific,9400.0,9.148571345578551,8.648396877031582
Byton,1,False,2020-06-27,2020-06-27,0,,,,,,,,,Transportation,Travel & Transportation,Series C,Late Stage (Series C-D),United States,North America,1200.0,7.0909098220799835,
C2FO,3,True,2022-12-09,2024-06-18,557,278.5,246.0,116.0,38.666666666666664,80.0,0.025,0.025,0.03,Finance,Fintech & Financial Services,Series H,Growth Stage (Series E+),United States,North America,537.0,6.2878585601617845,4.762173934797756
C3.ai,2,True,2023-11-20,2026-02-25,828,828.0,828.0,280.0,280.0,280.0,0.26,0.26,0.26,AI,Other / Diversified,Series F,Growth Stage (Series E+),United States,North America,228.0,5.43372200355424,5.638354669333745
C6 Bank,2,True,2020-04-06,2023-02-06,1036,1036.0,1036.0,60.0,60.0,60.0,0.06,0.06,0.06,Finance,Fintech & Financial Services,Unknown,Unspecified / Private,Brazil,Latin America,2300.0,7.741099090035366,4.110873864173311
CNET,1,False,2023-03-02,2023-03-02,0,,,12.0,12.0,12.0,0.1,0.1,0.1,Media,Marketing & Media,Acquired,Acquired / Subsidiary,United States,North America,20.0,3.044522437723423,2.5649493574615367
CS Disco,2,True,2023-01-19,2023-05-11,112,112.0,112.0,62.0,62.0,62.0,0.08499999999999999,0.08499999999999999,0.09,Legal,Professional Services,Post-IPO,Public (Post-IPO),United States,North America,233.0,5.455321115357702,4.143134726391533
CTO.ai,1,False,2020-03-20,2020-03-20,0,,,30.0,30.0,30.0,0.5,0.5,0.5,Infrastructure,Enterprise & Infrastructure,Seed,Early Stage (Seed),Canada,North America,7.0,2.0794415416798357,3.4339872044851463
Cabify,1,False,2024-05-02,2024-05-02,0,,,29.0,29.0,29.0,,,,Transportation,Travel & Transportation,Unknown,Unspecified / Private,Spain,Europe,601.0,6.400257445308821,3.4011973816621555
Cabin,1,False,2020-03-23,2020-03-23,0,,,,,,0.2,0.2,0.2,Travel,Travel & Transportation,Seed,Early Stage (Seed),United States,North America,3.0,1.3862943611198906,
Cadre,1,False,2020-05-11,2020-05-11,0,,,28.0,28.0,28.0,0.25,0.25,0.25,Real Estate,Real Estate & PropTech,Series C,Late Stage (Series C-D),United States,North America,133.0,4.897839799950911,3.367295829986474
Cake Bikes,1,False,2024-02-02,2024-02-02,0,,,,,,1.0,1.0,1.0,Transportation,Travel & Transportation,Unknown,Unspecified / Private,Sweden,Europe,74.0,4.31748811353631,
Cake Group,1,False,2023-11-14,2023-11-14,0,,,50.0,50.0,50.0,0.3,0.3,0.3,Crypto,Fintech & Financial Services,Unknown,Unspecified / Private,Singapore,Asia-Pacific,,,3.9318256327243257
Calendly,2,True,2023-07-26,2024-12-11,504,504.0,504.0,130.0,65.0,70.0,0.115,0.115,0.13,Other,Other / Diversified,Series B,Expansion Stage (Series B),United States,North America,351.0,5.863631175598097,4.875197323201151
Calibrate,2,True,2022-07-08,2023-04-14,280,280.0,280.0,156.0,156.0,156.0,0.21,0.21,0.24,Healthcare,Healthcare & BioTech,Series B,Expansion Stage (Series B),United States,North America,127.0,4.852030263919617,5.056245805348308
Caliva,2,True,2020-03-30,2023-08-08,1226,1226.0,1226.0,74.0,37.0,54.0,,,,Retail,Consumer & Retail,Series B,Expansion Stage (Series B),United States,North America,75.0,4.330733340286331,4.31748811353631
Callisto Media,2,True,2022-07-21,2022-10-25,96,96.0,96.0,140.0,140.0,140.0,0.35,0.35,0.35,Media,Marketing & Media,Series D,Late Stage (Series C-D),United States,North America,,,4.948759890378168
Calm,1,False,2022-08-11,2022-08-11,0,,,90.0,90.0,90.0,0.2,0.2,0.2,Healthcare,Healthcare & BioTech,Series C,Late Stage (Series C-D),United States,North America,218.0,5.389071729816501,4.51085950651685
Cambricon,1,False,2023-07-31,2023-07-31,0,,,,,,,,,Hardware,Hardware & Manufacturing,Series B,Expansion Stage (Series B),China,Asia-Pacific,200.0,5.303304908059076,
Cameo,3,True,2022-05-04,2023-07-18,440,220.0,189.0,247.0,82.33333333333333,87.0,0.25,0.25,0.25,Consumer,Consumer & Retail,Unknown,Unspecified / Private,United States,North America,165.0,5.111987788356544,5.5134287461649825
Camp K12,1,False,2023-01-23,2023-01-23,0,,,,,,0.7000000000000001,0.7000000000000001,0.7000000000000001,Education,EdTech & Learning,Series A,Early Venture (Series A),India,Asia-Pacific,16.0,2.833213344056216,
Cana,1,False,2023-05-13,2023-05-13,0,,,,,,1.0,1.0,1.0,Food,Consumer & Retail,Unknown,Unspecified / Private,United States,North America,30.0,3.4339872044851463,
Candidate Labs,1,False,2022-09-21,2022-09-21,0,,,,,,,,,HR,Other / Diversified,Seed,Early Stage (Seed),United States,North America,5.0,1.791759469228055,
Candor Technology,1,False,2023-03-17,2023-03-17,0,,,,,,,,,Real Estate,Real Estate & PropTech,Unknown,Unspecified / Private,United States,North America,23.0,3.1780538303479458,
Candy Digital,2,True,2022-11-28,2023-06-29,213,213.0,213.0,63.0,31.5,33.0,0.33,0.33,0.33,Crypto,Fintech & Financial Services,Series A,Early Venture (Series A),United States,North America,138.0,4.9344739331306915,4.1588830833596715
Canoo,2,True,2022-07-01,2024-12-11,894,894.0,894.0,78.0,39.0,58.0,0.06,0.06,0.06,Transportation,Travel & Transportation,Post-IPO,Public (Post-IPO),United States,North America,300.0,5.707110264748875,4.3694478524670215
Canva,1,False,2025-04-02,2025-04-02,0,,,10.0,10.0,10.0,,,,Consumer,Consumer & Retail,Unknown,Unspecified / Private,Australia,Asia-Pacific,2500.0,7.824445930877619,2.3978952727983707
CapWay,1,False,2024-10-17,2024-10-17,0,,,,,,1.0,1.0,1.0,Finance,Fintech & Financial Services,Unknown,Unspecified / Private,United States,North America,,,
Capillary,1,False,2020-04-02,2020-04-02,0,,,,,,,,,Retail,Consumer & Retail,Private Equity,Private Equity Owned,India,Asia-Pacific,102.0,4.634728988229636,
Capital One,1,False,2023-01-19,2023-01-19,0,,,1100.0,1100.0,1100.0,,,,Finance,Fintech & Financial Services,Post-IPO,Public (Post-IPO),United States,North America,,,7.00397413672268
Capiter,1,False,2022-09-09,2022-09-09,0,,,,,,,,,Finance,Fintech & Financial Services,Series A,Early Venture (Series A),Egypt,Africa,33.0,3.5263605246161616,
Capitolis,2,True,2022-11-17,2022-11-18,1,1.0,1.0,37.0,37.0,37.0,0.25,0.25,0.25,Finance,Fintech & Financial Services,Series D,Late Stage (Series C-D),United States,North America,281.0,5.641907070938114,3.6375861597263857
Capsule,1,False,2022-07-19,2022-07-19,0,,,,,,0.13,0.13,0.13,Healthcare,Healthcare & BioTech,Series D,Late Stage (Series C-D),United States,North America,570.0,6.3473892096560105,
Captain Fresh,1,False,2023-01-15,2023-01-15,0,,,120.0,120.0,120.0,,,,Food,Consumer & Retail,Series C,Late Stage (Series C-D),India,Asia-Pacific,126.0,4.844187086458591,4.795790545596741
Captiv8,1,False,2023-08-24,2023-08-24,0,,,8.0,8.0,8.0,0.03,0.03,0.03,Marketing,Marketing & Media,Unknown,Unspecified / Private,United States,North America,4.0,1.6094379124341003,2.1972245773362196
CaptivateIQ,1,False,2022-11-15,2022-11-15,0,,,31.0,31.0,31.0,0.1,0.1,0.1,Sales,Professional Services,Series C,Late Stage (Series C-D),United States,North America,164.0,5.10594547390058,3.4657359027997265
CarDekho,2,True,2020-05-25,2022-08-03,800,800.0,800.0,200.0,200.0,200.0,,,,Transportation,Travel & Transportation,Series E,Growth Stage (Series E+),India,Asia-Pacific,497.0,6.210600077024653,5.303304908059076
CarGurus,1,False,2020-04-16,2020-04-16,0,,,130.0,130.0,130.0,0.13,0.13,0.13,Transportation,Travel & Transportation,Post-IPO,Public (Post-IPO),United States,North America,1.0,0.6931471805599453,4.875197323201151
CarTrawler,1,False,2024-09-19,2024-09-19,0,,,40.0,40.0,40.0,0.1,0.1,0.1,Transportation,Travel & Transportation,Acquired,Acquired / Subsidiary,Ireland,Europe,,,3.713572066704308
Carbon,1,False,2022-10-26,2022-10-26,0,,,,,,,,,Hardware,Hardware & Manufacturing,Series E,Growth Stage (Series E+),United States,North America,683.0,6.52795791762255,
Carbon Health,4,True,2022-06-02,2024-02-23,631,210.33333333333334,137.0,620.0,155.0,250.0,0.065,0.065,0.08,Healthcare,Healthcare & BioTech,Series D,Late Stage (Series C-D),United States,North America,522.0,6.259581464064923,6.431331081933479
Cardlytics,1,False,2022-11-14,2022-11-14,0,,,51.0,51.0,51.0,,,,Marketing,Marketing & Media,Post-IPO,Public (Post-IPO),United States,North America,212.0,5.3612921657094255,3.9512437185814275
Care.com,1,False,2020-04-30,2020-04-30,0,,,81.0,81.0,81.0,,,,Consumer,Consumer & Retail,Acquired,Acquired / Subsidiary,United States,North America,156.0,5.056245805348308,4.406719247264253
Care/of,1,False,2024-06-15,2024-06-15,0,,,143.0,143.0,143.0,1.0,1.0,1.0,Healthcare,Healthcare & BioTech,Acquired,Acquired / Subsidiary,United States,North America,83.0,4.430816798843313,4.969813299576001
CareRev,2,True,2023-01-25,2023-06-15,141,141.0,141.0,100.0,100.0,100.0,0.33,0.33,0.33,Healthcare,Healthcare & BioTech,Series A,Early Venture (Series A),United States,North America,51.0,3.9512437185814275,4.61512051684126
Careem,2,True,2020-05-04,2026-05-05,2192,2192.0,2192.0,536.0,536.0,536.0,0.31,0.31,0.31,Transportation,Travel & Transportation,Acquired,Acquired / Subsidiary,United Arab Emirates,Middle East,771.0,6.648984550024776,6.285998094508865
Career Karma,2,True,2022-07-28,2023-01-12,168,168.0,168.0,82.0,41.0,60.0,0.33,0.33,0.33,Education,EdTech & Learning,Series B,Expansion Stage (Series B),United States,North America,51.0,3.9512437185814275,4.418840607796598
CareerArc,1,False,2023-01-06,2023-01-06,0,,,,,,,,,HR,Other / Diversified,Private Equity,Private Equity Owned,United States,North America,30.0,3.4339872044851463,
CareerBuilder + Monster,1,False,2024-10-10,2024-10-10,0,,,200.0,200.0,200.0,0.15,0.15,0.15,Recruiting,Professional Services,Acquired,Acquired / Subsidiary,United States,North America,,,5.303304908059076
Caribou,1,False,2022-12-12,2022-12-12,0,,,,,,,,,Finance,Fintech & Financial Services,Series C,Late Stage (Series C-D),United States,North America,189.0,5.247024072160486,
Carousell,2,True,2022-12-01,2024-12-06,736,736.0,736.0,186.0,93.0,110.0,0.085,0.085,0.1,Retail,Consumer & Retail,Unknown,Unspecified / Private,Singapore,Asia-Pacific,375.0,5.929589143389895,5.231108616854587
Cars.com,1,False,2026-04-09,2026-04-09,0,,,,,,0.11,0.11,0.11,Transportation,Travel & Transportation,Acquired,Acquired / Subsidiary,United States,North America,,,
Cars24,4,True,2022-05-19,2025-05-27,1104,368.0,31.0,1020.0,255.0,600.0,0.06,0.06,0.06,Transportation,Travel & Transportation,Series G,Growth Stage (Series E+),India,Asia-Pacific,1300.0,7.170888478512505,6.928537818164665
Carsome,1,False,2022-09-30,2022-09-30,0,,,,,,0.1,0.1,0.1,Transportation,Travel & Transportation,Series E,Growth Stage (Series E+),Malaysia,Asia-Pacific,607.0,6.410174881966167,
Cart.com,2,True,2023-01-10,2023-01-10,0,0.0,0.0,25.0,25.0,25.0,0.04,0.04,0.04,Retail,Consumer & Retail,Unknown,Unspecified / Private,United States,North America,383.0,5.950642552587727,3.258096538021482
Carta,3,True,2020-04-15,2023-11-09,1303,651.5,302.0,161.0,161.0,161.0,0.13,0.13,0.16,HR,Other / Diversified,Series G,Growth Stage (Series E+),United States,North America,1100.0,7.00397413672268,5.087596335232384
Carvana,3,True,2022-05-10,2023-01-13,248,124.0,56.0,4000.0,2000.0,2500.0,0.1,0.1,0.12,Transportation,Travel & Transportation,Post-IPO,Public (Post-IPO),United States,North America,1600.0,7.3783837129967145,8.294299608857235
Carwow,1,False,2022-11-25,2022-11-25,0,,,70.0,70.0,70.0,0.2,0.2,0.2,Transportation,Travel & Transportation,Unknown,Unspecified / Private,United Kingdom,Europe,157.0,5.062595033026967,4.2626798770413155
Casavo,1,False,2023-02-13,2023-02-13,0,,,,,,0.3,0.3,0.3,Real Estate,Real Estate & PropTech,Unknown,Unspecified / Private,Italy,Other / International,708.0,6.5638555265321274,
Cashfree Payments,1,False,2023-01-12,2023-01-12,0,,,100.0,100.0,100.0,,,,Finance,Fintech & Financial Services,Series B,Expansion Stage (Series B),India,Asia-Pacific,41.0,3.7376696182833684,4.61512051684126
Casper,2,True,2020-04-21,2021-09-14,511,511.0,511.0,78.0,78.0,78.0,0.21,0.21,0.21,Retail,Consumer & Retail,Post-IPO,Public (Post-IPO),United States,North America,339.0,5.8289456176102075,4.3694478524670215
Castlight Health,1,False,2020-05-04,2020-05-04,0,,,,,,0.13,0.13,0.13,Healthcare,Healthcare & BioTech,Post-IPO,Public (Post-IPO),United States,North America,184.0,5.220355825078324,
Catalant,1,False,2020-03-30,2020-03-30,0,,,30.0,30.0,30.0,,,,Other,Other / Diversified,Series E,Growth Stage (Series E+),United States,North America,110.0,4.709530201312334,3.4339872044851463
Catalyst,1,False,2022-07-21,2022-07-21,0,,,,,,,,,Support,Enterprise & Infrastructure,Series B,Expansion Stage (Series B),United States,North America,45.0,3.828641396489095,
Catch,1,False,2023-03-07,2023-03-07,0,,,,,,1.0,1.0,1.0,Finance,Fintech & Financial Services,Series A,Early Venture (Series A),United States,North America,18.0,2.9444389791664403,
Catch.com.au,1,False,2023-02-06,2023-02-06,0,,,100.0,100.0,100.0,,,,Retail,Consumer & Retail,Acquired,Acquired / Subsidiary,Australia,Asia-Pacific,80.0,4.394449154672439,4.61512051684126
Catena Media,1,False,2024-10-23,2024-10-23,0,,,29.0,29.0,29.0,,,,Marketing,Marketing & Media,Unknown,Unspecified / Private,Malta,Other / International,,,3.4011973816621555
Cazoo,2,True,2022-06-07,2023-01-18,225,225.0,225.0,750.0,750.0,750.0,0.15,0.15,0.15,Transportation,Travel & Transportation,Post-IPO,Public (Post-IPO),United Kingdom,Europe,2000.0,7.601402334583733,6.621405651764134
Cedar,1,False,2022-07-07,2022-07-07,0,,,,,,0.24,0.24,0.24,Healthcare,Healthcare & BioTech,Series D,Late Stage (Series C-D),United States,North America,351.0,5.863631175598097,
Cellebrite,1,False,2025-12-03,2025-12-03,0,,,20.0,20.0,20.0,0.01,0.01,0.01,Other,Other / Diversified,Post-IPO,Public (Post-IPO),Israel,Middle East,410.0,6.018593214496234,3.044522437723423
Cellulant,1,False,2023-08-23,2023-08-23,0,,,,,,0.2,0.2,0.2,Finance,Fintech & Financial Services,Series C,Late Stage (Series C-D),Kenya,Africa,54.0,4.007333185232471,
Celsius,1,False,2022-07-03,2022-07-03,0,,,150.0,150.0,150.0,0.25,0.25,0.25,Crypto,Fintech & Financial Services,Series B,Expansion Stage (Series B),United States,North America,864.0,6.762729506931879,5.017279836814924
Center,1,False,2024-09-07,2024-09-07,0,,,8.0,8.0,8.0,0.04,0.04,0.04,Finance,Fintech & Financial Services,Series C,Late Stage (Series C-D),United States,North America,102.0,4.634728988229636,2.1972245773362196
Centr,1,False,2023-07-13,2023-07-13,0,,,22.0,22.0,22.0,,,,Fitness,Other / Diversified,Unknown,Unspecified / Private,Australia,Asia-Pacific,,,3.1354942159291497
Century Therapeutics,1,False,2023-01-09,2023-01-09,0,,,,,,,,,Healthcare,Healthcare & BioTech,Post-IPO,Public (Post-IPO),United States,North America,560.0,6.329720905522696,
Cerebral,3,True,2022-05-31,2023-02-27,272,136.0,126.0,685.0,342.5,400.0,0.175,0.175,0.2,Healthcare,Healthcare & BioTech,Series C,Late Stage (Series C-D),United States,North America,462.0,6.137727054086234,6.530877627725885
Cerner,2,True,2023-05-16,2023-06-15,30,30.0,30.0,3000.0,3000.0,3000.0,0.11,0.11,0.11,Healthcare,Healthcare & BioTech,Acquired,Acquired / Subsidiary,United States,North America,,,8.006700845440367
Certinia,1,False,2024-01-11,2024-01-11,0,,,,,,,,,Other,Other / Diversified,Unknown,Unspecified / Private,United States,North America,194.0,5.272999558563747,
Chainalysis,2,True,2023-02-01,2023-10-02,243,243.0,243.0,194.0,97.0,150.0,0.1,0.1,0.15,Crypto,Fintech & Financial Services,Series F,Growth Stage (Series E+),United States,North America,536.0,6.285998094508865,5.272999558563747
Change Invest,1,False,2022-11-27,2022-11-27,0,,,,,,0.24,0.24,0.24,Finance,Fintech & Financial Services,Unknown,Unspecified / Private,Netherlands,Europe,22.0,3.1354942159291497,
Change.org,1,False,2022-07-28,2022-07-28,0,,,,,,0.19,0.19,0.19,Other,Other / Diversified,Series D,Late Stage (Series C-D),United States,North America,72.0,4.290459441148391,
Character.ai,1,False,2024-08-29,2024-08-29,0,,,6.0,6.0,6.0,0.05,0.05,0.05,AI,Other / Diversified,Series A,Early Venture (Series A),United States,North America,150.0,5.017279836814924,1.9459101490553132
ChargePoint,4,True,2023-09-08,2026-07-31,1057,352.3333333333333,124.0,394.0,197.0,250.0,0.1175,0.11,0.15,Manufacturing,Hardware & Manufacturing,Unknown,Unspecified / Private,United States,North America,1400.0,7.244941546337007,5.978885764901122
Chargebee,2,True,2022-11-02,2023-09-11,313,313.0,313.0,242.0,121.0,142.0,0.1,0.1,0.1,Finance,Fintech & Financial Services,Series H,Growth Stage (Series E+),United States,North America,468.0,6.150602768446279,5.493061443340548
Checkmarx,2,True,2020-05-18,2022-11-02,898,898.0,898.0,100.0,100.0,100.0,0.1,0.1,0.1,Security,Enterprise & Infrastructure,Series C,Late Stage (Series C-D),Israel,Middle East,92.0,4.532599493153256,4.61512051684126
Checkout.com,3,True,2022-09-13,2023-12-18,461,230.5,202.0,180.0,90.0,100.0,0.05,0.05,0.05,Finance,Fintech & Financial Services,Series D,Late Stage (Series C-D),United Kingdom,Europe,1800.0,7.496097345175956,5.198497031265826
Checkr,2,True,2020-07-23,2024-04-09,1356,1356.0,1356.0,446.0,223.0,382.0,0.22,0.22,0.32,HR,Other / Diversified,Series D,Late Stage (Series C-D),United States,North America,679.0,6.522092798170152,6.102558594613569
Cheddar,1,False,2020-04-24,2020-04-24,0,,,,,,,,,Media,Marketing & Media,Acquired,Acquired / Subsidiary,United States,North America,54.0,4.007333185232471,
Cheetah,1,False,2020-10-25,2020-10-25,0,,,,,,,,,Food,Consumer & Retail,Series B,Expansion Stage (Series B),United States,North America,67.0,4.219507705176107,
Chef,1,False,2020-10-08,2020-10-08,0,,,,,,,,,Infrastructure,Enterprise & Infrastructure,Acquired,Acquired / Subsidiary,United States,North America,105.0,4.663439094112067,
Chegg,5,True,2023-06-12,2025-10-27,868,217.0,148.0,1476.0,295.2,441.0,0.22999999999999998,0.22,0.45,Education,EdTech & Learning,Post-IPO,Public (Post-IPO),United States,North America,227.0,5.429345628954441,7.29776828253138
Chessable,1,False,2022-07-04,2022-07-04,0,,,29.0,29.0,29.0,,,,Consumer,Consumer & Retail,Acquired,Acquired / Subsidiary,United Kingdom,Europe,,,3.4011973816621555
Chewy,1,False,2023-11-14,2023-11-14,0,,,200.0,200.0,200.0,,,,Retail,Consumer & Retail,Post-IPO,Public (Post-IPO),United States,North America,451.0,6.113682179832232,5.303304908059076
Chia Network,1,False,2023-10-02,2023-10-02,0,,,26.0,26.0,26.0,0.37,0.37,0.37,Crypto,Fintech & Financial Services,Series D,Late Stage (Series C-D),United States,North America,70.0,4.2626798770413155,3.295836866004329
Chief,3,True,2023-04-27,2024-10-20,542,271.0,259.0,43.0,43.0,43.0,0.14,0.14,0.14,HR,Other / Diversified,Series B,Expansion Stage (Series B),United States,North America,140.0,4.948759890378168,3.784189633918261
Chili Piper,1,False,2022-11-17,2022-11-17,0,,,58.0,58.0,58.0,,,,Sales,Professional Services,Series B,Expansion Stage (Series B),United States,North America,54.0,4.007333185232471,4.07753744390572
Chime,2,True,2022-11-02,2026-07-31,1367,1367.0,1367.0,306.0,153.0,156.0,0.11,0.11,0.12,Finance,Fintech & Financial Services,Series G,Growth Stage (Series E+),United States,North America,2300.0,7.741099090035366,5.726847747587197
Chingari,2,True,2023-06-19,2023-08-24,66,66.0,66.0,48.0,48.0,48.0,0.35,0.35,0.5,Media,Marketing & Media,Unknown,Unspecified / Private,India,Asia-Pacific,88.0,4.48863636973214,3.8918202981106265
Chipax,1,False,2022-11-11,2022-11-11,0,,,,,,,,,Finance,Fintech & Financial Services,Seed,Early Stage (Seed),Chile,Latin America,2.0,1.0986122886681098,
Chipper Cash,4,True,2022-12-06,2024-03-15,465,155.0,73.0,185.0,46.25,100.0,0.26166666666666666,0.33,0.33,Finance,Fintech & Financial Services,Series C,Late Stage (Series C-D),United States,North America,302.0,5.713732805509369,5.225746673713202
Chope,1,False,2022-12-20,2022-12-20,0,,,65.0,65.0,65.0,0.24,0.24,0.24,Food,Consumer & Retail,Series E,Growth Stage (Series E+),Singapore,Asia-Pacific,50.0,3.9318256327243257,4.189654742026425
ChowNow,3,True,2022-07-13,2024-03-28,624,312.0,154.0,200.0,66.66666666666667,100.0,0.16666666666666666,0.2,0.2,Food,Consumer & Retail,Series C,Late Stage (Series C-D),United States,North America,64.0,4.174387269895637,5.303304908059076
Chrono24,3,True,2022-12-08,2025-01-16,770,385.0,53.0,255.0,85.0,110.0,0.185,0.185,0.24,Retail,Consumer & Retail,Series C,Late Stage (Series C-D),Germany,Europe,205.0,5.327876168789581,5.545177444479562
Cimpress,1,False,2023-03-23,2023-03-23,0,,,500.0,500.0,500.0,,,,Retail,Consumer & Retail,Post-IPO,Public (Post-IPO),France,Europe,300.0,5.707110264748875,6.2166061010848646
Cin7,1,False,2023-04-04,2023-04-04,0,,,,,,,,,Retail,Consumer & Retail,Private Equity,Private Equity Owned,New Zealand,Asia-Pacific,,,
Cint,2,True,2024-07-01,2024-12-12,164,164.0,164.0,,,,0.12,0.12,0.12,Data,Enterprise & Infrastructure,Post-IPO,Public (Post-IPO),Sweden,Europe,17.0,2.8903717578961645,
CipherTrace,1,False,2020-04-09,2020-04-09,0,,,,,,,,,Crypto,Fintech & Financial Services,Unknown,Unspecified / Private,United States,North America,18.0,2.9444389791664403,
Circ,1,False,2020-06-02,2020-06-02,0,,,100.0,100.0,100.0,,,,Transportation,Travel & Transportation,Acquired,Acquired / Subsidiary,Germany,Europe,55.0,4.02535169073515,4.61512051684126
Circle,2,True,2023-07-12,2024-12-05,512,512.0,512.0,50.0,50.0,50.0,0.06,0.06,0.06,Crypto,Fintech & Financial Services,Private Equity,Private Equity Owned,United States,North America,1100.0,7.00397413672268,3.9318256327243257
CircleCI,3,True,2022-12-07,2024-01-31,420,210.0,167.0,100.0,100.0,100.0,0.17,0.17,0.17,Product,Other / Diversified,Series F,Growth Stage (Series E+),United States,North America,315.0,5.755742213586912,4.61512051684126
CircleUp,1,False,2022-07-13,2022-07-13,0,,,,,,,,,Finance,Fintech & Financial Services,Series C,Late Stage (Series C-D),United States,North America,53.0,3.9889840465642745,
Circles.Life,1,False,2023-07-06,2023-07-06,0,,,,,,,,,Marketing,Marketing & Media,Unknown,Unspecified / Private,Singapore,Asia-Pacific,50.0,3.9318256327243257,
Circulo Health,1,False,2022-06-16,2022-06-16,0,,,,,,0.5,0.5,0.5,Healthcare,Healthcare & BioTech,Series A,Early Venture (Series A),United States,North America,50.0,3.9318256327243257,
Circus Kitchens,1,False,2023-05-25,2023-05-25,0,,,35.0,35.0,35.0,,,,Food,Consumer & Retail,Seed,Early Stage (Seed),Germany,Europe,12.0,2.5649493574615367,3.58351893845611
Cisco,6,True,2022-11-16,2026-05-13,1274,254.8,150.0,18521.0,3086.8333333333335,5600.0,0.05500000000000001,0.05,0.07,Infrastructure,Enterprise & Infrastructure,Post-IPO,Public (Post-IPO),United States,North America,2.0,1.0986122886681098,9.826714493730215
Citizen,1,False,2023-01-11,2023-01-11,0,,,33.0,33.0,33.0,,,,Consumer,Consumer & Retail,Series C,Late Stage (Series C-D),United States,North America,133.0,4.897839799950911,3.5263605246161616
Citrine Informatics,1,False,2023-01-20,2023-01-20,0,,,22.0,22.0,22.0,0.27,0.27,0.27,Data,Enterprise & Infrastructure,Series C,Late Stage (Series C-D),United States,North America,64.0,4.174387269895637,3.1354942159291497
Citrix,2,True,2023-01-10,2024-01-10,365,365.0,365.0,1000.0,1000.0,1000.0,0.135,0.135,0.15,Infrastructure,Enterprise & Infrastructure,Acquired,Acquired / Subsidiary,United States,North America,20.0,3.044522437723423,6.90875477931522
CityMall,2,True,2022-06-19,2023-10-16,484,484.0,484.0,281.0,140.5,191.0,0.3,0.3,0.3,Retail,Consumer & Retail,Series C,Late Stage (Series C-D),India,Asia-Pacific,112.0,4.727387818712341,5.641907070938114
Cityblock Health,1,False,2023-06-08,2023-06-08,0,,,155.0,155.0,155.0,0.12,0.12,0.12,Healthcare,Healthcare & BioTech,Series D,Late Stage (Series C-D),United States,North America,891.0,6.79346613258001,5.049856007249537
Claravine,1,False,2020-03-31,2020-03-31,0,,,,,,,,,Marketing,Marketing & Media,Seed,Early Stage (Seed),United States,North America,4.0,1.6094379124341003,
Clari,3,True,2022-08-31,2026-02-12,1261,630.5,159.0,141.0,47.0,76.0,,,,Sales,Professional Services,Acquired,Acquired / Subsidiary,United States,North America,496.0,6.208590026096629,4.955827057601261
Clarify Health,1,False,2022-07-22,2022-07-22,0,,,15.0,15.0,15.0,0.05,0.05,0.05,Healthcare,Healthcare & BioTech,Series D,Late Stage (Series C-D),United States,North America,328.0,5.796057750765372,2.772588722239781
ClassPass,1,False,2020-04-02,2020-04-02,0,,,154.0,154.0,154.0,0.22,0.22,0.22,Fitness,Other / Diversified,Series E,Growth Stage (Series E+),United States,North America,549.0,6.309918278226516,5.043425116919247
Classkick,1,False,2022-08-01,2022-08-01,0,,,,,,,,,Education,EdTech & Learning,Seed,Early Stage (Seed),United States,North America,1.0,0.6931471805599453,
Clear,2,True,2022-09-16,2025-08-01,1050,1050.0,1050.0,335.0,167.5,190.0,0.18,0.18,0.2,Finance,Fintech & Financial Services,Series C,Late Stage (Series C-D),India,Asia-Pacific,140.0,4.948759890378168,5.817111159963204
Clear Capital,2,True,2022-10-14,2023-01-25,103,103.0,103.0,628.0,314.0,378.0,0.26,0.26,0.27,Real Estate,Real Estate & PropTech,Unknown,Unspecified / Private,United States,North America,,,6.444131256700441
ClearCo,1,False,2023-01-16,2023-01-16,0,,,50.0,50.0,50.0,0.3,0.3,0.3,Finance,Fintech & Financial Services,Series C,Late Stage (Series C-D),Canada,North America,698.0,6.54965074223381,3.9318256327243257
ClearPay,1,False,2023-06-27,2023-06-27,0,,,,,,,,,Finance,Fintech & Financial Services,Acquired,Acquired / Subsidiary,United Kingdom,Europe,85.0,4.454347296253507,
Clearbanc,1,False,2020-04-13,2020-04-13,0,,,17.0,17.0,17.0,0.08,0.08,0.08,Finance,Fintech & Financial Services,Series B,Expansion Stage (Series B),Canada,North America,119.0,4.787491742782046,2.8903717578961645
Clearbit,2,True,2020-04-22,2023-05-18,1121,1121.0,1121.0,,,,,,,Sales,Professional Services,Series A,Early Venture (Series A),United States,North America,17.0,2.8903717578961645,
Clearco,3,True,2022-06-06,2022-07-29,53,26.5,0.0,185.0,92.5,125.0,0.25,0.25,0.25,Finance,Fintech & Financial Services,Series C,Late Stage (Series C-D),Canada,North America,681.0,6.525029657843462,5.225746673713202
Clearcover,2,True,2023-04-17,2023-09-01,137,137.0,137.0,81.0,81.0,81.0,0.21500000000000002,0.21500000000000002,0.28,Finance,Fintech & Financial Services,Series D,Late Stage (Series C-D),United States,North America,304.0,5.720311776607412,4.406719247264253
Clever Real Estate,2,True,2020-03-25,2022-10-19,938,938.0,938.0,,,,,,,Real Estate,Real Estate & PropTech,Series B,Expansion Stage (Series B),United States,North America,13.0,2.6390573296152584,
CleverTap,1,False,2020-04-16,2020-04-16,0,,,60.0,60.0,60.0,0.2,0.2,0.2,Marketing,Marketing & Media,Series C,Late Stage (Series C-D),India,Asia-Pacific,76.0,4.343805421853684,4.110873864173311
ClickUp,3,True,2022-05-23,2026-05-21,1459,729.5,401.0,150.0,75.0,90.0,0.13,0.1,0.22,Other,Other / Diversified,Series C,Late Stage (Series C-D),United States,North America,537.0,6.2878585601617845,5.017279836814924
ClimateAI,1,False,2026-08-08,2026-08-08,0,,,,,,1.0,1.0,1.0,Other,Other / Diversified,Series B,Expansion Stage (Series B),United States,North America,38.0,3.6635616461296463,
Climeworks,1,False,2025-05-21,2025-05-21,0,,,106.0,106.0,106.0,0.22,0.22,0.22,Energy,Other / Diversified,Private Equity,Private Equity Owned,Switzerland,Europe,734.0,6.5998704992128365,4.672828834461906
Clinc,1,False,2020-04-09,2020-04-09,0,,,40.0,40.0,40.0,0.32,0.32,0.32,Support,Enterprise & Infrastructure,Series B,Expansion Stage (Series B),United States,North America,59.0,4.0943445622221,3.713572066704308
Clockwork,1,False,2023-08-28,2023-08-28,0,,,,,,1.0,1.0,1.0,Crypto,Fintech & Financial Services,Seed,Early Stage (Seed),United States,North America,4.0,1.6094379124341003,
Cloud Software Group,1,False,2025-01-07,2025-01-07,0,,,,,,,,,Other,Other / Diversified,Unknown,Unspecified / Private,United States,North America,,,
CloudFactory,1,False,2022-11-09,2022-11-09,0,,,,,,0.12,0.12,0.12,Data,Enterprise & Infrastructure,Private Equity,Private Equity Owned,Kenya,Africa,78.0,4.3694478524670215,
CloudKitchens,2,True,2022-11-03,2023-11-08,370,370.0,370.0,,,,,,,Real Estate,Real Estate & PropTech,Unknown,Unspecified / Private,United States,North America,1300.0,7.170888478512505,
CloudTrucks,1,False,2023-06-01,2023-06-01,0,,,,,,,,,Logistics,Travel & Transportation,Series B,Expansion Stage (Series B),United States,North America,141.0,4.955827057601261,
Cloudera,1,False,2020-05-05,2020-05-05,0,,,,,,,,,Infrastructure,Enterprise & Infrastructure,Post-IPO,Public (Post-IPO),United States,North America,1000.0,6.90875477931522,
Cloudflare,2,True,2024-01-11,2026-05-07,847,847.0,847.0,1140.0,570.0,1100.0,0.2,0.2,0.2,Security,Enterprise & Infrastructure,Post-IPO,Public (Post-IPO),United States,North America,332.0,5.808142489980444,7.039660349862076
Cloudinary,1,False,2022-11-14,2022-11-14,0,,,40.0,40.0,40.0,0.08,0.08,0.08,Media,Marketing & Media,Unknown,Unspecified / Private,United States,North America,100.0,4.61512051684126,3.713572066704308
Clubhouse,2,True,2022-06-03,2023-04-27,328,328.0,328.0,,,,0.5,0.5,0.5,Consumer,Consumer & Retail,Series C,Late Stage (Series C-D),United States,North America,110.0,4.709530201312334,
Clue,1,False,2023-01-18,2023-01-18,0,,,31.0,31.0,31.0,0.31,0.31,0.31,Healthcare,Healthcare & BioTech,Unknown,Unspecified / Private,Germany,Europe,47.0,3.871201010907891,3.4657359027997265
Clumio,1,False,2021-03-01,2021-03-01,0,,,,,,,,,Data,Enterprise & Infrastructure,Series C,Late Stage (Series C-D),United States,North America,186.0,5.231108616854587,
Clutch,2,True,2022-06-29,2023-01-17,202,202.0,202.0,226.0,113.0,150.0,0.22,0.22,0.22,Transportation,Travel & Transportation,Unknown,Unspecified / Private,Canada,North America,253.0,5.537334267018537,5.424950017481403
Clutter,1,False,2020-03-25,2020-03-25,0,,,,,,0.3,0.3,0.3,Consumer,Consumer & Retail,Series D,Late Stage (Series C-D),United States,North America,296.0,5.6937321388027,
Clyde,1,False,2022-04-25,2022-04-25,0,,,22.0,22.0,22.0,,,,Marketing,Marketing & Media,Series B,Expansion Stage (Series B),United States,North America,58.0,4.07753744390572,3.1354942159291497
CoLab,1,False,2023-04-18,2023-04-18,0,,,,,,1.0,1.0,1.0,Food,Consumer & Retail,Seed,Early Stage (Seed),Australia,Asia-Pacific,3.0,1.3862943611198906,
CoRover,1,False,2024-04-03,2024-04-03,0,,,,,,,,,AI,Other / Diversified,Unknown,Unspecified / Private,India,Asia-Pacific,,,
CoSchedule,1,False,2023-01-13,2023-01-13,0,,,,,,,,,Marketing,Marketing & Media,Unknown,Unspecified / Private,United States,North America,2.0,1.0986122886681098,
CoachHub,2,True,2023-01-24,2023-06-01,128,128.0,128.0,,,,0.1,0.1,0.1,HR,Other / Diversified,Series C,Late Stage (Series C-D),Germany,Europe,332.0,5.808142489980444,
Coda,1,False,2023-01-18,2023-01-18,0,,,,,,,,,Other,Other / Diversified,Series D,Late Stage (Series C-D),United States,North America,240.0,5.484796933490655,
Code42,3,True,2020-04-09,2023-07-17,1194,597.0,252.0,25.0,25.0,25.0,0.1,0.1,0.15,Security,Enterprise & Infrastructure,Unknown,Unspecified / Private,United States,North America,137.5,4.930870325627393,3.258096538021482
CodeClan,1,False,2023-08-04,2023-08-04,0,,,57.0,57.0,57.0,1.0,1.0,1.0,Education,EdTech & Learning,Seed,Early Stage (Seed),United Kingdom,Europe,,,4.060443010546419
CodeCombat,1,False,2020-10-23,2020-10-23,0,,,8.0,8.0,8.0,,,,Education,EdTech & Learning,Series A,Early Venture (Series A),United States,North America,8.0,2.1972245773362196,2.1972245773362196
CodeParrot,1,False,2025-07-17,2025-07-17,0,,,,,,1.0,1.0,1.0,Product,Other / Diversified,Seed,Early Stage (Seed),India,Asia-Pacific,,,
CodeSee,1,False,2024-02-15,2024-02-15,0,,,,,,1.0,1.0,1.0,Data,Enterprise & Infrastructure,Seed,Early Stage (Seed),United States,North America,10.0,2.3978952727983707,
Codecademy,1,False,2026-02-19,2026-02-19,0,,,,,,,,,Education,EdTech & Learning,Acquired,Acquired / Subsidiary,United States,North America,87.0,4.477336814478207,
Codexis,1,False,2022-11-29,2022-11-29,0,,,,,,0.18,0.18,0.18,Healthcare,Healthcare & BioTech,Post-IPO,Public (Post-IPO),United States,North America,162.0,5.093750200806762,
Coding Dojo,1,False,2020-04-02,2020-04-02,0,,,7.0,7.0,7.0,0.07,0.07,0.07,Education,EdTech & Learning,Unknown,Unspecified / Private,United States,North America,2.0,1.0986122886681098,2.0794415416798357
Cogito,2,True,2020-04-06,2023-04-29,1118,1118.0,1118.0,201.0,100.5,177.0,0.14,0.14,0.14,Data,Enterprise & Infrastructure,Unknown,Unspecified / Private,India,Asia-Pacific,92.0,4.532599493153256,5.308267697401205
Cognyte,1,False,2022-12-02,2022-12-02,0,,,100.0,100.0,100.0,0.05,0.05,0.05,Security,Enterprise & Infrastructure,Unknown,Unspecified / Private,Israel,Middle East,,,4.61512051684126
Cohere,1,False,2024-07-23,2024-07-23,0,,,20.0,20.0,20.0,0.05,0.05,0.05,AI,Other / Diversified,Series D,Late Stage (Series C-D),Canada,North America,935.0,6.841615476477592,3.044522437723423
Coherent,2,True,2023-03-16,2023-06-06,82,82.0,82.0,304.0,152.0,196.0,,,,Manufacturing,Hardware & Manufacturing,Post-IPO,Public (Post-IPO),United States,North America,,,5.720311776607412
Cohesity,2,True,2020-04-30,2023-06-08,1134,1134.0,1134.0,,,,,,,Data,Enterprise & Infrastructure,Series E,Growth Stage (Series E+),United States,North America,805.0,6.692083742506628,
Coho AI,1,False,2025-04-06,2025-04-06,0,,,,,,1.0,1.0,1.0,Sales,Professional Services,Seed,Early Stage (Seed),Israel,Middle East,8.0,2.1972245773362196,
CoinDCX,2,True,2023-01-11,2023-08-22,223,223.0,223.0,80.0,80.0,80.0,0.12,0.12,0.12,Crypto,Fintech & Financial Services,Series D,Late Stage (Series C-D),India,Asia-Pacific,247.0,5.5134287461649825,4.394449154672439
CoinDesk,1,False,2023-08-14,2023-08-14,0,,,,,,,,,Crypto,Fintech & Financial Services,Acquired,Acquired / Subsidiary,United States,North America,,,
CoinFLEX,1,False,2022-07-29,2022-07-29,0,,,,,,,,,Crypto,Fintech & Financial Services,Unknown,Unspecified / Private,Seychelles,Other / International,11.0,2.4849066497880004,
CoinJar,1,False,2022-11-29,2022-11-29,0,,,10.0,10.0,10.0,0.2,0.2,0.2,Crypto,Fintech & Financial Services,Unknown,Unspecified / Private,Australia,Asia-Pacific,1.0,0.6931471805599453,2.3978952727983707
CoinSwitch,1,False,2023-08-28,2023-08-28,0,,,44.0,44.0,44.0,,,,Crypto,Fintech & Financial Services,Series C,Late Stage (Series C-D),India,Asia-Pacific,301.0,5.71042701737487,3.8066624897703196
CoinTracker,1,False,2023-01-28,2023-01-28,0,,,19.0,19.0,19.0,,,,Crypto,Fintech & Financial Services,Series A,Early Venture (Series A),United States,North America,101.0,4.624972813284271,2.995732273553991
Coinbase,4,True,2022-06-14,2026-05-05,1421,473.6666666666667,61.0,2810.0,702.5,1100.0,0.17333333333333334,0.18,0.2,Crypto,Fintech & Financial Services,Post-IPO,Public (Post-IPO),United States,North America,549.0,6.309918278226516,7.941295570906532
Coinsquare,1,False,2022-07-27,2022-07-27,0,,,30.0,30.0,30.0,0.24,0.24,0.24,Crypto,Fintech & Financial Services,Unknown,Unspecified / Private,Canada,North America,98.0,4.59511985013459,3.4339872044851463
Collage.com,1,False,2022-10-09,2022-10-09,0,,,,,,1.0,1.0,1.0,Retail,Consumer & Retail,Acquired,Acquired / Subsidiary,United States,North America,,,
Collective Health,1,False,2023-02-13,2023-02-13,0,,,54.0,54.0,54.0,,,,Healthcare,Healthcare & BioTech,Series F,Growth Stage (Series E+),United States,North America,719.0,6.579251212010101,4.007333185232471
Collibra,1,False,2022-10-19,2022-10-19,0,,,,,,,,,Data,Enterprise & Infrastructure,Series G,Growth Stage (Series E+),Belgium,Europe,596.0,6.391917113392602,
Color Health,1,False,2023-03-01,2023-03-01,0,,,300.0,300.0,300.0,,,,Healthcare,Healthcare & BioTech,Series E,Growth Stage (Series E+),United States,North America,482.0,6.180016653652572,5.707110264748875
Colossus,1,False,2022-05-04,2022-05-04,0,,,97.0,97.0,97.0,,,,Energy,Other / Diversified,Series A,Early Venture (Series A),United States,North America,41.0,3.7376696182833684,4.584967478670572
CommentSold,1,False,2022-06-29,2022-06-29,0,,,,,,,,,Retail,Consumer & Retail,Unknown,Unspecified / Private,United States,North America,,,
CommerceHub,1,False,2023-02-14,2023-02-14,0,,,371.0,371.0,371.0,0.31,0.31,0.31,Retail,Consumer & Retail,Acquired,Acquired / Subsidiary,United States,North America,,,5.918893854273146
Commercetools,1,False,2025-02-26,2025-02-26,0,,,,,,0.1,0.1,0.1,Retail,Consumer & Retail,Series C,Late Stage (Series C-D),Germany,Europe,119.0,4.787491742782046,
CommonBond,2,True,2022-05-13,2022-09-09,119,119.0,119.0,22.0,22.0,22.0,1.0,1.0,1.0,Finance,Fintech & Financial Services,Series D,Late Stage (Series C-D),United States,North America,130.0,4.875197323201151,3.1354942159291497
Community,1,False,2022-06-21,2022-06-21,0,,,40.0,40.0,40.0,0.3,0.3,0.3,Marketing,Marketing & Media,Unknown,Unspecified / Private,United States,North America,40.0,3.713572066704308,3.713572066704308
Community Gaming,1,False,2023-04-14,2023-04-14,0,,,17.0,17.0,17.0,0.17,0.17,0.17,Crypto,Fintech & Financial Services,Series A,Early Venture (Series A),United States,North America,18.0,2.9444389791664403,2.8903717578961645
Commure,1,False,2023-11-09,2023-11-09,0,,,,,,,,,Healthcare,Healthcare & BioTech,Unknown,Unspecified / Private,United States,North America,1900.0,7.550135342488429,
CompanyCam,1,False,2026-06-26,2026-06-26,0,,,,,,,,,Recruiting,Professional Services,Series C,Late Stage (Series C-D),United States,North America,38.0,3.6635616461296463,
Comparis,1,False,2023-03-02,2023-03-02,0,,,,,,0.1,0.1,0.1,Finance,Fintech & Financial Services,Unknown,Unspecified / Private,Switzerland,Europe,,,
Compass,4,True,2020-03-23,2023-01-05,1018,339.3333333333333,98.0,1096.0,365.3333333333333,450.0,0.125,0.125,0.15,Real Estate,Real Estate & PropTech,Post-IPO,Public (Post-IPO),United States,North America,1600.0,7.3783837129967145,7.00033446027523
Compete,1,False,2022-09-12,2022-09-12,0,,,11.0,11.0,11.0,0.28,0.28,0.28,HR,Other / Diversified,Series A,Early Venture (Series A),Israel,Middle East,17.0,2.8903717578961645,2.4849066497880004
ComplYant,1,False,2024-04-29,2024-04-29,0,,,,,,1.0,1.0,1.0,Finance,Fintech & Financial Services,Seed,Early Stage (Seed),United States,North America,6.0,1.9459101490553132,
Confluent,1,False,2023-01-26,2023-01-26,0,,,221.0,221.0,221.0,0.08,0.08,0.08,Data,Enterprise & Infrastructure,Post-IPO,Public (Post-IPO),United States,North America,455.0,6.1224928095143865,5.402677381872279
Conga,1,False,2020-06-15,2020-06-15,0,,,,,,0.11,0.11,0.11,Data,Enterprise & Infrastructure,Acquired,Acquired / Subsidiary,United States,North America,117.0,4.770684624465665,
ConnectRN,1,False,2023-07-06,2023-07-06,0,,,,,,,,,Healthcare,Healthcare & BioTech,Unknown,Unspecified / Private,United States,North America,160.0,5.081404364984463,
ConnectWise,1,False,2024-04-17,2024-04-17,0,,,,,,,,,Other,Other / Diversified,Acquired,Acquired / Subsidiary,United States,North America,1.0,0.6931471805599453,
Connected,1,False,2020-04-08,2020-04-08,0,,,17.0,17.0,17.0,0.1,0.1,0.1,Product,Other / Diversified,Unknown,Unspecified / Private,Canada,North America,,,2.8903717578961645
ConnectedH,1,False,2023-08-02,2023-08-02,0,,,,,,1.0,1.0,1.0,Healthcare,Healthcare & BioTech,Seed,Early Stage (Seed),India,Asia-Pacific,2.0,1.0986122886681098,
ConsenSys,4,True,2020-04-20,2025-07-22,1919,639.6666666666666,266.0,401.0,100.25,163.0,0.13,0.125,0.2,Crypto,Fintech & Financial Services,Series D,Late Stage (Series C-D),United States,North America,726.0,6.588926477533519,5.996452088619021
Consider.co,1,False,2020-03-26,2020-03-26,0,,,13.0,13.0,13.0,1.0,1.0,1.0,Other,Other / Diversified,Seed,Early Stage (Seed),United States,North America,5.0,1.791759469228055,2.6390573296152584
ContaAzul,1,False,2020-04-17,2020-04-17,0,,,140.0,140.0,140.0,0.35,0.35,0.35,Education,EdTech & Learning,Series D,Late Stage (Series C-D),Brazil,Latin America,37.0,3.6375861597263857,4.948759890378168
Contentful,1,False,2023-12-05,2023-12-05,0,,,,,,,,,Marketing,Marketing & Media,Series F,Growth Stage (Series E+),Germany,Europe,350.0,5.860786223465865,
ContraFect,1,False,2022-08-15,2022-08-15,0,,,16.0,16.0,16.0,0.37,0.37,0.37,Healthcare,Healthcare & BioTech,Post-IPO,Public (Post-IPO),United States,North America,380.0,5.942799375126701,2.833213344056216
Convene,2,True,2020-03-23,2022-12-10,992,992.0,992.0,150.0,150.0,150.0,0.18,0.18,0.18,Real Estate,Real Estate & PropTech,Unknown,Unspecified / Private,United States,North America,281.0,5.641907070938114,5.017279836814924
Convictional,1,False,2026-08-12,2026-08-12,0,,,,,,1.0,1.0,1.0,Other,Other / Diversified,Series B,Expansion Stage (Series B),Canada,North America,49.0,3.912023005428146,
Convoy,6,True,2020-04-23,2023-10-19,1274,254.8,114.0,620.0,206.66666666666666,500.0,0.2825,0.060000000000000005,1.0,Logistics,Travel & Transportation,Series E,Growth Stage (Series E+),United States,North America,1100.0,7.00397413672268,6.431331081933479
Cookpad,1,False,2023-03-10,2023-03-10,0,,,80.0,80.0,80.0,,,,Consumer,Consumer & Retail,Unknown,Unspecified / Private,Japan,Asia-Pacific,,,4.394449154672439
Copia,2,True,2023-07-26,2024-06-06,316,316.0,316.0,1410.0,705.0,1060.0,0.25,0.25,0.25,Retail,Consumer & Retail,Series C,Late Stage (Series C-D),Kenya,Africa,103.0,4.6443908991413725,7.252053951852814
Copper,2,True,2020-04-02,2023-03-22,1084,1084.0,1084.0,35.0,35.0,35.0,0.15,0.15,0.15,Crypto,Fintech & Financial Services,Series C,Late Stage (Series C-D),United Kingdom,Europe,281.0,5.641907070938114,3.58351893845611
Core Scientific,1,False,2022-08-12,2022-08-12,0,,,,,,0.1,0.1,0.1,Crypto,Fintech & Financial Services,Post-IPO,Public (Post-IPO),United States,North America,169.0,5.135798437050262,
Cornershop,2,True,2023-05-11,2024-04-10,335,335.0,335.0,450.0,225.0,250.0,0.11,0.11,0.11,Food,Consumer & Retail,Acquired,Acquired / Subsidiary,Chile,Latin America,32.0,3.4965075614664802,6.111467339502679
CorroHealth,1,False,2026-07-03,2026-07-03,0,,,800.0,800.0,800.0,,,,Healthcare,Healthcare & BioTech,Private Equity,Private Equity Owned,India,Asia-Pacific,376.0,5.932245187448011,6.68586094706836
Corvus Insurance,1,False,2023-01-24,2023-01-24,0,,,,,,0.14,0.14,0.14,Finance,Fintech & Financial Services,Series C,Late Stage (Series C-D),United States,North America,160.0,5.081404364984463,
Cosuno,1,False,2022-07-14,2022-07-14,0,,,,,,,,,Construction,Other / Diversified,Series B,Expansion Stage (Series B),Germany,Europe,45.0,3.828641396489095,
Coterie Insurance,1,False,2022-05-25,2022-05-25,0,,,30.0,30.0,30.0,0.2,0.2,0.2,Finance,Fintech & Financial Services,Series B,Expansion Stage (Series B),United States,North America,70.0,4.2626798770413155,3.4339872044851463
Coupa,1,False,2023-05-30,2023-05-30,0,,,,,,,,,Finance,Fintech & Financial Services,Acquired,Acquired / Subsidiary,United States,North America,219.0,5.393627546352362,
Course Hero,2,True,2023-03-16,2023-12-05,264,264.0,264.0,42.0,42.0,42.0,0.2,0.2,0.25,Education,EdTech & Learning,Series C,Late Stage (Series C-D),United States,North America,477.0,6.169610732491456,3.7612001156935624
Coursera,3,True,2022-11-09,2026-07-06,1335,667.5,619.0,150.0,150.0,150.0,0.1,0.1,0.1,Education,EdTech & Learning,Acquired,Acquired / Subsidiary,United States,North America,458.0,6.129050210060545,5.017279836814924
Cova,1,False,2024-01-25,2024-01-25,0,,,,,,1.0,1.0,1.0,Finance,Fintech & Financial Services,Unknown,Unspecified / Private,Nigeria,Africa,,,
CoverMyMeds,1,False,2023-03-29,2023-03-29,0,,,800.0,800.0,800.0,,,,Healthcare,Healthcare & BioTech,Acquired,Acquired / Subsidiary,United States,North America,5.0,1.791759469228055,6.68586094706836
Covrzy,1,False,2026-03-31,2026-03-31,0,,,,,,1.0,1.0,1.0,Finance,Fintech & Financial Services,Seed,Early Stage (Seed),India,Asia-Pacific,,,
Cowbell,1,False,2023-09-29,2023-09-29,0,,,28.0,28.0,28.0,0.12,0.12,0.12,Finance,Fintech & Financial Services,Series B,Expansion Stage (Series B),United States,North America,123.0,4.820281565605037,3.367295829986474
Crayon,1,False,2020-04-01,2020-04-01,0,,,20.0,20.0,20.0,0.2,0.2,0.2,Marketing,Marketing & Media,Series A,Early Venture (Series A),United States,North America,16.0,2.833213344056216,3.044522437723423
CreateMe,1,False,2023-01-06,2023-01-06,0,,,,,,,,,Manufacturing,Hardware & Manufacturing,Unknown,Unspecified / Private,United States,North America,,,
Credit Karma,1,False,2026-05-30,2026-05-30,0,,,117.0,117.0,117.0,,,,Finance,Fintech & Financial Services,Acquired,Acquired / Subsidiary,United States,North America,868.0,6.767343125265392,4.770684624465665
Credit Sesame,1,False,2020-06-03,2020-06-03,0,,,22.0,22.0,22.0,0.14,0.14,0.14,Finance,Fintech & Financial Services,Series F,Growth Stage (Series E+),United States,North America,120.0,4.795790545596741,3.1354942159291497
Creditas,1,False,2020-04-08,2020-04-08,0,,,,,,0.06,0.06,0.06,Finance,Fintech & Financial Services,Series D,Late Stage (Series C-D),Brazil,Latin America,314.0,5.752572638825633,
Crehana,1,False,2022-06-15,2022-06-15,0,,,,,,,,,Education,EdTech & Learning,Series B,Expansion Stage (Series B),Peru,Other / International,93.0,4.543294782270004,
Crejo.Fun,1,False,2022-06-30,2022-06-30,0,,,170.0,170.0,170.0,1.0,1.0,1.0,Education,EdTech & Learning,Seed,Early Stage (Seed),India,Asia-Pacific,3.0,1.3862943611198906,5.14166355650266
Criteo,2,True,2023-02-21,2024-04-12,416,416.0,416.0,140.0,140.0,140.0,0.04,0.04,0.04,Marketing,Marketing & Media,Post-IPO,Public (Post-IPO),France,Europe,61.0,4.127134385045092,4.948759890378168
Crossbeam,1,False,2023-03-30,2023-03-30,0,,,17.0,17.0,17.0,0.15,0.15,0.15,Sales,Professional Services,Series C,Late Stage (Series C-D),United States,North America,116.0,4.762173934797756,2.8903717578961645
CrowdRiff,1,False,2020-04-16,2020-04-16,0,,,,,,,,,Marketing,Marketing & Media,Series A,Early Venture (Series A),Canada,North America,11.0,2.4849066497880004,
CrowdStreet,1,False,2020-06-01,2020-06-01,0,,,24.0,24.0,24.0,0.22,0.22,0.22,Real Estate,Real Estate & PropTech,Series C,Late Stage (Series C-D),United States,North America,24.0,3.2188758248682006,3.2188758248682006
CrowdStrike,1,False,2025-05-07,2025-05-07,0,,,500.0,500.0,500.0,0.05,0.05,0.05,Security,Enterprise & Infrastructure,Post-IPO,Public (Post-IPO),United States,North America,1200.0,7.0909098220799835,6.2166061010848646
Cruise,3,True,2020-05-14,2025-02-04,1727,863.5,418.0,2050.0,683.3333333333334,1000.0,0.2733333333333334,0.24,0.5,Transportation,Travel & Transportation,Acquired,Acquired / Subsidiary,United States,North America,15000.0,9.61587214452889,7.62608275807238
Crunchbase,1,False,2023-07-06,2023-07-06,0,,,,,,,,,Sales,Professional Services,Series D,Late Stage (Series C-D),United States,North America,106.0,4.672828834461906,
Crunchyroll,2,True,2023-02-21,2025-08-12,903,903.0,903.0,85.0,85.0,85.0,,,,Media,Marketing & Media,Acquired,Acquired / Subsidiary,Japan,Asia-Pacific,26.0,3.295836866004329,4.454347296253507
Crypto.com,5,True,2022-06-10,2026-03-19,1378,344.5,51.0,2260.0,1130.0,2000.0,0.1675,0.16,0.3,Crypto,Fintech & Financial Services,Unknown,Unspecified / Private,Singapore,Asia-Pacific,156.0,5.056245805348308,7.72356247227797
Cue,2,True,2022-06-27,2023-01-05,192,192.0,192.0,558.0,279.0,388.0,,,,Healthcare,Healthcare & BioTech,Post-IPO,Public (Post-IPO),United States,North America,999.0,6.907755278982137,6.326149473155099
Cue Health,5,True,2023-04-28,2024-05-22,390,97.5,19.0,1075.0,215.0,326.0,0.44399999999999995,0.3,1.0,Healthcare,Healthcare & BioTech,Post-IPO,Public (Post-IPO),United States,North America,899.0,6.802394763324311,6.98100574072173
Cuemath,2,True,2023-05-08,2023-08-26,110,110.0,110.0,200.0,100.0,100.0,,,,Education,EdTech & Learning,Unknown,Unspecified / Private,India,Asia-Pacific,121.0,4.804021044733257,5.303304908059076
Cult.fit,1,False,2024-01-24,2024-01-24,0,,,100.0,100.0,100.0,,,,Fitness,Other / Diversified,Series F,Growth Stage (Series E+),India,Asia-Pacific,635.0,6.455198563340122,4.61512051684126
Culture Amp,4,True,2020-05-28,2026-06-26,2220,740.0,220.0,256.0,64.0,90.0,0.07999999999999999,0.08499999999999999,0.09,HR,Other / Diversified,Series F,Growth Stage (Series E+),Australia,Asia-Pacific,257.0,5.552959584921617,5.54907608489522
Culture Trip,1,False,2020-05-01,2020-05-01,0,,,95.0,95.0,95.0,0.32,0.32,0.32,Media,Marketing & Media,Series B,Expansion Stage (Series B),United Kingdom,Europe,102.0,4.634728988229636,4.564348191467836
Curalie,1,False,2023-12-14,2023-12-14,0,,,,,,1.0,1.0,1.0,Healthcare,Healthcare & BioTech,Unknown,Unspecified / Private,Germany,Europe,,,
Curative,1,False,2022-09-20,2022-09-20,0,,,109.0,109.0,109.0,,,,Healthcare,Healthcare & BioTech,Seed,Early Stage (Seed),United States,North America,8.0,2.1972245773362196,4.700480365792417
Curbio,1,False,2023-12-14,2023-12-14,0,,,,,,,,,Real Estate,Real Estate & PropTech,Series B,Expansion Stage (Series B),United States,North America,76.0,4.343805421853684,
Cure.fit,1,False,2024-01-23,2024-01-23,0,,,120.0,120.0,120.0,,,,Fitness,Other / Diversified,Series F,Growth Stage (Series E+),India,Asia-Pacific,625.0,6.439350371100098,4.795790545596741
Curefit,2,True,2020-05-04,2020-07-17,74,74.0,74.0,920.0,460.0,800.0,0.16,0.16,0.16,Fitness,Other / Diversified,Series D,Late Stage (Series C-D),India,Asia-Pacific,404.6,6.005367452276974,6.825460036255307
Curology,1,False,2022-03-16,2022-03-16,0,,,150.0,150.0,150.0,,,,Healthcare,Healthcare & BioTech,Series D,Late Stage (Series C-D),United States,North America,19.0,2.995732273553991,5.017279836814924
Currency,1,False,2020-04-01,2020-04-01,0,,,,,,,,,Finance,Fintech & Financial Services,Unknown,Unspecified / Private,United States,North America,,,
Curve,1,False,2022-06-01,2022-06-01,0,,,65.0,65.0,65.0,0.1,0.1,0.1,Finance,Fintech & Financial Services,Series C,Late Stage (Series C-D),United Kingdom,Europe,182.0,5.209486152841421,4.189654742026425
Cushion,1,False,2025-01-30,2025-01-30,0,,,,,,1.0,1.0,1.0,Finance,Fintech & Financial Services,Series A,Early Venture (Series A),United States,North America,20.0,3.044522437723423,
Cuyana,1,False,2020-03-30,2020-03-30,0,,,,,,,,,Retail,Consumer & Retail,Series C,Late Stage (Series C-D),United States,North America,31.0,3.4657359027997265,
Cvent,1,False,2020-05-21,2020-05-21,0,,,400.0,400.0,400.0,0.1,0.1,0.1,Marketing,Marketing & Media,Acquired,Acquired / Subsidiary,United States,North America,146.0,4.990432586778736,5.993961427306569
CyCognito,1,False,2022-12-08,2022-12-08,0,,,30.0,30.0,30.0,0.15,0.15,0.15,Security,Enterprise & Infrastructure,Series C,Late Stage (Series C-D),United States,North America,153.0,5.0369526024136295,3.4339872044851463
CyberCube,1,False,2022-06-07,2022-06-07,0,,,,,,,,,Finance,Fintech & Financial Services,Series B,Expansion Stage (Series B),United States,North America,35.0,3.58351893845611,
CyberGRX,1,False,2023-07-12,2023-07-12,0,,,,,,,,,Security,Enterprise & Infrastructure,Acquired,Acquired / Subsidiary,United States,North America,99.0,4.605170185988092,
CyberProof,1,False,2024-07-10,2024-07-10,0,,,,,,0.07,0.07,0.07,Security,Enterprise & Infrastructure,Subsidiary,Unspecified / Private,United States,North America,,,
Cyberark,1,False,2026-02-17,2026-02-17,0,,,500.0,500.0,500.0,0.12,0.12,0.12,Security,Enterprise & Infrastructure,Acquired,Acquired / Subsidiary,United States,North America,1700.0,7.438971592395862,6.2166061010848646
Cyberbit,1,False,2026-06-24,2026-06-24,0,,,,,,,,,Security,Enterprise & Infrastructure,Unknown,Unspecified / Private,Israel,Middle East,,,
Cybereason,3,True,2022-06-01,2024-03-20,658,329.0,147.0,300.0,150.0,200.0,0.115,0.115,0.17,Security,Enterprise & Infrastructure,Series F,Growth Stage (Series E+),United States,North America,750.0,6.621405651764134,5.707110264748875
Cypress.io,2,True,2023-01-18,2024-06-14,513,513.0,513.0,11.0,11.0,11.0,,,,Product,Other / Diversified,Series B,Expansion Stage (Series B),United States,North America,54.0,4.007333185232471,2.4849066497880004
Cyren,1,False,2023-02-01,2023-02-01,0,,,121.0,121.0,121.0,,,,Security,Enterprise & Infrastructure,Post-IPO,Public (Post-IPO),United States,North America,161.0,5.087596335232384,4.804021044733257
Cyteir Therapeutics,1,False,2023-01-20,2023-01-20,0,,,,,,0.7000000000000001,0.7000000000000001,0.7000000000000001,Healthcare,Healthcare & BioTech,Series C,Late Stage (Series C-D),United States,North America,156.0,5.056245805348308,
D-ID,1,False,2025-03-10,2025-03-10,0,,,22.0,22.0,22.0,0.25,0.25,0.25,AI,Other / Diversified,Series B,Expansion Stage (Series B),Israel,Middle East,48.0,3.8918202981106265,3.1354942159291497
D2L,1,False,2022-11-16,2022-11-16,0,,,,,,0.05,0.05,0.05,Education,EdTech & Learning,Post-IPO,Public (Post-IPO),Canada,North America,168.0,5.1298987149230735,
D2iQ,2,True,2020-04-03,2023-12-08,1344,1344.0,1344.0,34.0,34.0,34.0,0.565,0.565,1.0,Infrastructure,Enterprise & Infrastructure,Series D,Late Stage (Series C-D),United States,North America,247.0,5.5134287461649825,3.5553480614894135
DHI Group,1,False,2023-05-26,2023-05-26,0,,,53.0,53.0,53.0,0.1,0.1,0.1,Recruiting,Professional Services,Post-IPO,Public (Post-IPO),United States,North America,,,3.9889840465642745
DICE,1,False,2023-08-02,2023-08-02,0,,,,,,,,,Consumer,Consumer & Retail,Series C,Late Stage (Series C-D),United Kingdom,Europe,135.0,4.912654885736052,
DISCO,1,False,2020-03-27,2020-03-27,0,,,75.0,75.0,75.0,,,,Legal,Professional Services,Series E,Growth Stage (Series E+),United States,North America,133.0,4.897839799950911,4.330733340286331
DJI,2,True,2020-08-17,2021-02-24,191,191.0,191.0,,,,,,,Consumer,Consumer & Retail,Unknown,Unspecified / Private,United States,North America,105.0,4.663439094112067,
DSCO,1,False,2020-04-03,2020-04-03,0,,,12.0,12.0,12.0,,,,Retail,Consumer & Retail,Series A,Early Venture (Series A),United States,North America,4.0,1.6094379124341003,2.5649493574615367
DUX Education,1,False,2023-02-28,2023-02-28,0,,,,,,1.0,1.0,1.0,Education,EdTech & Learning,Unknown,Unspecified / Private,India,Asia-Pacific,,,
Daily Harvest,2,True,2022-02-10,2022-08-08,179,179.0,179.0,60.0,60.0,60.0,0.175,0.175,0.2,Food,Consumer & Retail,Series D,Late Stage (Series C-D),United States,North America,120.0,4.795790545596741,4.110873864173311
DailyPay,1,False,2022-08-09,2022-08-09,0,,,,,,0.15,0.15,0.15,Finance,Fintech & Financial Services,Unknown,Unspecified / Private,United States,North America,814.0,6.703188113240863,
Daloopa,1,False,2022-05-27,2022-05-27,0,,,40.0,40.0,40.0,,,,Data,Enterprise & Infrastructure,Series A,Early Venture (Series A),India,Asia-Pacific,23.0,3.1780538303479458,3.713572066704308
Dance,1,False,2022-11-16,2022-11-16,0,,,,,,0.16,0.16,0.16,Transportation,Travel & Transportation,Unknown,Unspecified / Private,Germany,Europe,63.0,4.1588830833596715,
Dandy,1,False,2026-06-03,2026-06-03,0,,,160.0,160.0,160.0,,,,Healthcare,Healthcare & BioTech,Series D,Late Stage (Series C-D),United States,North America,172.0,5.153291594497779,5.081404364984463
Daniel Wellington,1,False,2022-06-09,2022-06-09,0,,,200.0,200.0,200.0,0.15,0.15,0.15,Retail,Consumer & Retail,Unknown,Unspecified / Private,Sweden,Europe,,,5.303304908059076
Dapper Labs,3,True,2022-11-02,2023-07-12,252,126.0,113.0,185.0,92.5,134.0,0.21000000000000002,0.21000000000000002,0.22,Crypto,Fintech & Financial Services,Unknown,Unspecified / Private,Canada,North America,607.0,6.410174881966167,5.225746673713202
Daraz,2,True,2023-02-06,2024-02-26,385,385.0,385.0,,,,0.11,0.11,0.11,Retail,Consumer & Retail,Unknown,Unspecified / Private,Singapore,Asia-Pacific,,,
Dare,1,False,2023-10-03,2023-10-03,0,,,,,,,,,Energy,Other / Diversified,Unknown,Unspecified / Private,United Kingdom,Europe,,,
Dark,1,False,2020-06-23,2020-06-23,0,,,6.0,6.0,6.0,1.0,1.0,1.0,Product,Other / Diversified,Seed,Early Stage (Seed),United States,North America,3.0,1.3862943611198906,1.9459101490553132
Darrow,1,False,2026-07-07,2026-07-07,0,,,60.0,60.0,60.0,0.33,0.33,0.33,Legal,Professional Services,Series B,Expansion Stage (Series B),Israel,Middle East,63.0,4.1588830833596715,4.110873864173311
Dash,1,False,2023-10-06,2023-10-06,0,,,,,,1.0,1.0,1.0,Finance,Fintech & Financial Services,Unknown,Unspecified / Private,United States,North America,86.0,4.465908118654584,
Dastgyr,1,False,2024-01-12,2024-01-12,0,,,,,,0.8,0.8,0.8,Retail,Consumer & Retail,Series A,Early Venture (Series A),Pakistan,Other / International,41.0,3.7376696182833684,
DataRails,1,False,2022-12-05,2022-12-05,0,,,30.0,30.0,30.0,0.18,0.18,0.18,Finance,Fintech & Financial Services,Series B,Expansion Stage (Series B),Israel,Middle East,103.0,4.6443908991413725,3.4339872044851463
DataRobot,4,True,2020-03-27,2022-08-23,879,293.0,15.0,270.0,135.0,200.0,0.165,0.165,0.26,Data,Enterprise & Infrastructure,Series G,Growth Stage (Series E+),United States,North America,1000.0,6.90875477931522,5.602118820879701
DataStax,1,False,2020-04-14,2020-04-14,0,,,15.0,15.0,15.0,,,,Data,Enterprise & Infrastructure,Series E,Growth Stage (Series E+),United States,North America,190.0,5.25227342804663,2.772588722239781
Datagen,1,False,2023-08-22,2023-08-22,0,,,,,,,,,AI,Other / Diversified,Series B,Expansion Stage (Series B),Israel,Middle East,72.0,4.290459441148391,
Dataminr,1,False,2023-11-28,2023-11-28,0,,,150.0,150.0,150.0,0.2,0.2,0.2,AI,Other / Diversified,Series F,Growth Stage (Series E+),United States,North America,1100.0,7.00397413672268,5.017279836814924
Datera,1,False,2020-05-18,2020-05-18,0,,,,,,0.1,0.1,0.1,Infrastructure,Enterprise & Infrastructure,Series C,Late Stage (Series C-D),United States,North America,63.0,4.1588830833596715,
Datree,1,False,2023-07-27,2023-07-27,0,,,,,,1.0,1.0,1.0,Other,Other / Diversified,Seed,Early Stage (Seed),United States,North America,11.0,2.4849066497880004,
Datto,1,False,2020-05-12,2020-05-12,0,,,,,,,,,Infrastructure,Enterprise & Infrastructure,Acquired,Acquired / Subsidiary,United States,North America,100.0,4.61512051684126,
DayTwo,3,True,2022-09-15,2024-08-13,698,349.0,294.0,,,,1.0,1.0,1.0,Healthcare,Healthcare & BioTech,Series B,Expansion Stage (Series B),United States,North America,90.0,4.51085950651685,
Dayforce,2,True,2025-02-26,2026-02-11,350,350.0,350.0,,,,0.05,0.05,0.05,HR,Other / Diversified,Post-IPO,Public (Post-IPO),Canada,North America,40.0,3.713572066704308,
Daylight,1,False,2023-05-22,2023-05-22,0,,,,,,1.0,1.0,1.0,Finance,Fintech & Financial Services,Series A,Early Venture (Series A),United States,North America,20.0,3.044522437723423,
Dazn,1,False,2022-05-26,2022-05-26,0,,,50.0,50.0,50.0,0.02,0.02,0.02,Consumer,Consumer & Retail,Unknown,Unspecified / Private,United Kingdom,Europe,,,3.9318256327243257
DeHaat,2,True,2022-08-01,2023-01-15,167,167.0,167.0,,,,0.05,0.05,0.05,Food,Consumer & Retail,Series E,Growth Stage (Series E+),India,Asia-Pacific,254.0,5.541263545158426,
Deadspin,1,False,2024-03-11,2024-03-11,0,,,11.0,11.0,11.0,1.0,1.0,1.0,Media,Marketing & Media,Acquired,Acquired / Subsidiary,United States,North America,,,2.4849066497880004
DealShare,2,True,2023-01-27,2023-09-21,237,237.0,237.0,230.0,115.0,130.0,0.06,0.06,0.06,Retail,Consumer & Retail,Series E,Growth Stage (Series E+),India,Asia-Pacific,390.0,5.968707559985366,5.442417710521793
Dealtale,1,False,2023-08-09,2023-08-09,0,,,70.0,70.0,70.0,1.0,1.0,1.0,Sales,Professional Services,Acquired,Acquired / Subsidiary,Israel,Middle East,2.0,1.0986122886681098,4.2626798770413155
Decent,1,False,2023-01-27,2023-01-27,0,,,,,,,,,Healthcare,Healthcare & BioTech,Series A,Early Venture (Series A),United States,North America,18.0,2.9444389791664403,
Deep Instict,1,False,2023-07-25,2023-07-25,0,,,46.0,46.0,46.0,0.15,0.15,0.15,Security,Enterprise & Infrastructure,Unknown,Unspecified / Private,United States,North America,322.0,5.777652323222656,3.8501476017100584
Deep Instinct,2,True,2022-06-06,2025-05-04,1063,1063.0,1063.0,20.0,20.0,20.0,0.1,0.1,0.1,Security,Enterprise & Infrastructure,Unknown,Unspecified / Private,Israel,Middle East,322.0,5.777652323222656,3.044522437723423
DeepL,1,False,2026-05-07,2026-05-07,0,,,250.0,250.0,250.0,0.21,0.21,0.21,AI,Other / Diversified,Unknown,Unspecified / Private,Germany,Europe,400.0,5.993961427306569,5.5254529391317835
DeepVerge,1,False,2023-07-12,2023-07-12,0,,,50.0,50.0,50.0,1.0,1.0,1.0,Healthcare,Healthcare & BioTech,Post-IPO,Public (Post-IPO),Ireland,Europe,20.0,3.044522437723423,3.9318256327243257
Deepgram,1,False,2023-10-11,2023-10-11,0,,,20.0,20.0,20.0,0.2,0.2,0.2,AI,Other / Diversified,Series B,Expansion Stage (Series B),United States,North America,86.0,4.465908118654584,3.044522437723423
Deepwatch,2,True,2023-07-13,2025-11-12,853,853.0,853.0,110.0,55.0,80.0,0.195,0.195,0.32,Security,Enterprise & Infrastructure,Series C,Late Stage (Series C-D),United States,North America,256.0,5.54907608489522,4.709530201312334
Defined.ai,1,False,2022-02-07,2022-02-07,0,,,,,,,,,Data,Enterprise & Infrastructure,Series B,Expansion Stage (Series B),United States,North America,78.0,4.3694478524670215,
Definitive Healthcare,1,False,2023-01-12,2023-01-12,0,,,55.0,55.0,55.0,0.06,0.06,0.06,Healthcare,Healthcare & BioTech,Post-IPO,Public (Post-IPO),United States,North America,,,4.02535169073515
Degreed,2,True,2022-06-29,2023-07-27,393,393.0,393.0,,,,0.15,0.15,0.15,Education,EdTech & Learning,Unknown,Unspecified / Private,United States,North America,463.0,6.139884552226255,
Deliv,1,False,2020-05-13,2020-05-13,0,,,669.0,669.0,669.0,1.0,1.0,1.0,Retail,Consumer & Retail,Series C,Late Stage (Series C-D),United States,North America,80.0,4.394449154672439,6.507277712385012
Deliveroo,3,True,2020-04-28,2026-02-25,2129,1064.5,1017.0,904.0,301.3333333333333,367.0,0.12,0.12,0.15,Food,Consumer & Retail,Post-IPO,Public (Post-IPO),United Kingdom,Europe,1700.0,7.438971592395862,6.807934943699926
Deliveroo Australia,1,False,2022-11-15,2022-11-15,0,,,120.0,120.0,120.0,1.0,1.0,1.0,Food,Consumer & Retail,Post-IPO,Public (Post-IPO),Australia,Asia-Pacific,1700.0,7.438971592395862,4.795790545596741
Delivery Hero,5,True,2021-12-22,2024-07-31,952,238.0,88.0,756.0,189.0,300.0,0.04,0.04,0.04,Food,Consumer & Retail,Post-IPO,Public (Post-IPO),Germany,Europe,9900.0,9.200391041122515,6.6293632534374485
Dell,5,True,2023-02-06,2026-03-16,1134,283.5,133.0,23650.0,7883.333333333333,11000.0,0.06666666666666667,0.05,0.1,Hardware,Hardware & Manufacturing,Post-IPO,Public (Post-IPO),United States,North America,,,10.071160676324263
Demandbase,1,False,2022-09-07,2022-09-07,0,,,27.0,27.0,27.0,0.03,0.03,0.03,Sales,Professional Services,Series H,Growth Stage (Series E+),United States,North America,143.0,4.969813299576001,3.332204510175204
Deputy,1,False,2020-05-04,2020-05-04,0,,,60.0,60.0,60.0,0.3,0.3,0.3,HR,Other / Diversified,Series B,Expansion Stage (Series B),Australia,Asia-Pacific,106.0,4.672828834461906,4.110873864173311
Descartes Labs,1,False,2020-06-02,2020-06-02,0,,,12.0,12.0,12.0,0.16,0.16,0.16,Data,Enterprise & Infrastructure,Series B,Expansion Stage (Series B),United States,North America,58.0,4.07753744390572,2.5649493574615367
Desktop Metal,4,True,2020-04-28,2024-01-24,1366,455.3333333333333,234.0,,,,0.16,0.16,0.2,Other,Other / Diversified,Post-IPO,Public (Post-IPO),United States,North America,811.0,6.699500340161678,
Detectify,2,True,2022-12-07,2023-08-18,254,254.0,254.0,30.0,30.0,30.0,,,,Security,Enterprise & Infrastructure,Unknown,Unspecified / Private,Sweden,Europe,42.0,3.7612001156935624,3.4339872044851463
Devo,1,False,2022-11-21,2022-11-21,0,,,,,,0.15,0.15,0.15,Security,Enterprise & Infrastructure,Series F,Growth Stage (Series E+),United States,North America,481.0,6.1779441140506,
Dextrous Robotics,1,False,2024-01-11,2024-01-11,0,,,,,,1.0,1.0,1.0,Logistics,Travel & Transportation,Unknown,Unspecified / Private,United States,North America,,,
DialSource,1,False,2020-03-31,2020-03-31,0,,,5.0,5.0,5.0,0.14,0.14,0.14,Marketing,Marketing & Media,Series B,Expansion Stage (Series B),United States,North America,26.0,3.295836866004329,1.791759469228055
Digg,1,False,2026-03-13,2026-03-13,0,,,,,,,,,Consumer,Consumer & Retail,Acquired,Acquired / Subsidiary,United States,North America,49.0,3.912023005428146,
Digimarc,2,True,2023-02-17,2025-02-27,741,741.0,741.0,90.0,90.0,90.0,0.4,0.4,0.4,Other,Other / Diversified,Post-IPO,Public (Post-IPO),United States,North America,105.0,4.663439094112067,4.51085950651685
Digital Currency Gruop,1,False,2022-11-02,2022-11-02,0,,,10.0,10.0,10.0,0.13,0.13,0.13,Crypto,Fintech & Financial Services,Unknown,Unspecified / Private,United States,North America,,,2.3978952727983707
Digital River,1,False,2025-01-28,2025-01-28,0,,,122.0,122.0,122.0,,,,Retail,Consumer & Retail,Private Equity,Private Equity Owned,United States,North America,50.0,3.9318256327243257,4.812184355372417
Digital Surge,1,False,2022-12-09,2022-12-09,0,,,,,,1.0,1.0,1.0,Crypto,Fintech & Financial Services,Unknown,Unspecified / Private,Australia,Asia-Pacific,,,
DigitalOcean,1,False,2023-02-15,2023-02-15,0,,,200.0,200.0,200.0,0.11,0.11,0.11,Infrastructure,Enterprise & Infrastructure,Post-IPO,Public (Post-IPO),United States,North America,491.0,6.198478716492308,5.303304908059076
Discord,2,True,2023-08-03,2024-01-11,161,161.0,161.0,207.0,103.5,170.0,0.10500000000000001,0.10500000000000001,0.17,Consumer,Consumer & Retail,Series H,Growth Stage (Series E+),United States,North America,995.0,6.903747257584598,5.337538079701318
Discourse,1,False,2025-12-04,2025-12-04,0,,,,,,,,,Consumer,Consumer & Retail,Series A,Early Venture (Series A),United States,North America,20.0,3.044522437723423,
Dispatch,1,False,2020-04-17,2020-04-17,0,,,,,,0.38,0.38,0.38,Other,Other / Diversified,Series A,Early Venture (Series A),United States,North America,18.0,2.9444389791664403,
DispatchHealth,1,False,2024-01-29,2024-01-29,0,,,88.0,88.0,88.0,,,,Healthcare,Healthcare & BioTech,Series E,Growth Stage (Series E+),United States,North America,733.0,6.598509028614515,4.48863636973214
Divergent 3D,1,False,2020-04-24,2020-04-24,0,,,57.0,57.0,57.0,0.36,0.36,0.36,Transportation,Travel & Transportation,Series B,Expansion Stage (Series B),United States,North America,88.0,4.48863636973214,4.060443010546419
Divvy,1,False,2020-05-19,2020-05-19,0,,,,,,,,,Finance,Fintech & Financial Services,Series C,Late Stage (Series C-D),United States,North America,252.0,5.53338948872752,
Divvy Homes,4,True,2020-03-25,2023-09-11,1265,421.6666666666667,141.0,134.0,67.0,94.0,0.1,0.1,0.12,Real Estate,Real Estate & PropTech,Series B,Expansion Stage (Series B),United States,North America,180.0,5.198497031265826,4.90527477843843
Dock,1,False,2022-11-07,2022-11-07,0,,,190.0,190.0,190.0,0.12,0.12,0.12,Finance,Fintech & Financial Services,Private Equity,Private Equity Owned,Brazil,Latin America,280.0,5.638354669333745,5.25227342804663
Docker,1,False,2024-10-29,2024-10-29,0,,,,,,0.1,0.1,0.1,Infrastructure,Enterprise & Infrastructure,Series C,Late Stage (Series C-D),United States,North America,436.0,6.07993319509559,
Docly,1,False,2020-08-19,2020-08-19,0,,,8.0,8.0,8.0,0.8,0.8,0.8,Healthcare,Healthcare & BioTech,Seed,Early Stage (Seed),United Kingdom,Europe,15.5,2.803360380906535,2.1972245773362196
DocuSign,3,True,2022-09-28,2024-02-06,496,248.0,141.0,1791.0,597.0,680.0,0.08333333333333333,0.09,0.1,Sales,Professional Services,Post-IPO,Public (Post-IPO),United States,North America,536.0,6.285998094508865,7.491087593534876
Doma,3,True,2022-05-10,2022-12-06,210,105.0,86.0,1075.0,358.3333333333333,515.0,0.22666666666666668,0.15,0.4,Finance,Fintech & Financial Services,Post-IPO,Public (Post-IPO),United States,North America,679.0,6.522092798170152,6.98100574072173
Domestika,2,True,2022-04-28,2023-03-31,337,337.0,337.0,239.0,119.5,150.0,0.32,0.32,0.45,Education,EdTech & Learning,Series D,Late Stage (Series C-D),Spain,Europe,130.0,4.875197323201151,5.480638923341991
Domino Data Lab,1,False,2022-11-07,2022-11-07,0,,,,,,0.25,0.25,0.25,Data,Enterprise & Infrastructure,Series F,Growth Stage (Series E+),United States,North America,223.0,5.4116460518550396,
Domio,2,True,2020-03-31,2020-11-18,232,232.0,232.0,,,,0.4,0.4,0.5,Real Estate,Real Estate & PropTech,Series B,Expansion Stage (Series B),United States,North America,116.0,4.762173934797756,
Domo,2,True,2020-04-09,2023-11-30,1330,1330.0,1330.0,90.0,90.0,90.0,0.085,0.085,0.1,Data,Enterprise & Infrastructure,Post-IPO,Public (Post-IPO),United States,North America,689.0,6.536691597591305,4.51085950651685
Dooly,1,False,2022-08-09,2022-08-09,0,,,12.0,12.0,12.0,,,,Sales,Professional Services,Series B,Expansion Stage (Series B),Canada,North America,102.0,4.634728988229636,2.5649493574615367
DoorDash,1,False,2022-11-30,2022-11-30,0,,,1250.0,1250.0,1250.0,0.06,0.06,0.06,Food,Consumer & Retail,Post-IPO,Public (Post-IPO),United States,North America,2500.0,7.824445930877619,7.1316985104669115
Dotscience,1,False,2020-05-19,2020-05-19,0,,,10.0,10.0,10.0,1.0,1.0,1.0,Product,Other / Diversified,Unknown,Unspecified / Private,United Kingdom,Europe,,,2.3978952727983707
DoubleCloud,1,False,2024-09-30,2024-09-30,0,,,,,,1.0,1.0,1.0,Infrastructure,Enterprise & Infrastructure,Unknown,Unspecified / Private,UAE,Other / International,,,
Doubtnut,1,False,2022-10-31,2022-10-31,0,,,,,,0.3,0.3,0.3,Education,EdTech & Learning,Series B,Expansion Stage (Series B),India,Asia-Pacific,49.0,3.912023005428146,
Dover,1,False,2022-07-26,2022-07-26,0,,,23.0,23.0,23.0,0.3,0.3,0.3,Recruiting,Professional Services,Series A,Early Venture (Series A),United States,North America,22.0,3.1354942159291497,3.1780538303479458
Doximity,1,False,2023-08-08,2023-08-08,0,,,100.0,100.0,100.0,0.1,0.1,0.1,Healthcare,Healthcare & BioTech,Post-IPO,Public (Post-IPO),United States,North America,82.0,4.418840607796598,4.61512051684126
Dozee,1,False,2024-09-02,2024-09-02,0,,,40.0,40.0,40.0,,,,Healthcare,Healthcare & BioTech,Series A,Early Venture (Series A),India,Asia-Pacific,26.0,3.295836866004329,3.713572066704308
DraftKings,2,True,2023-02-01,2026-02-24,1119,1119.0,1119.0,140.0,140.0,140.0,0.04,0.04,0.04,Consumer,Consumer & Retail,Post-IPO,Public (Post-IPO),United States,North America,719.0,6.579251212010101,4.948759890378168
Dragos,1,False,2023-06-06,2023-06-06,0,,,50.0,50.0,50.0,0.09,0.09,0.09,Security,Enterprise & Infrastructure,Series D,Late Stage (Series C-D),United States,North America,364.0,5.8998973535824915,3.9318256327243257
Drata,1,False,2024-09-26,2024-09-26,0,,,40.0,40.0,40.0,0.09,0.09,0.09,Security,Enterprise & Infrastructure,Series C,Late Stage (Series C-D),United States,North America,328.0,5.796057750765372,3.713572066704308
DreamBox Learning,1,False,2022-09-09,2022-09-09,0,,,,,,,,,Education,EdTech & Learning,Acquired,Acquired / Subsidiary,United States,North America,175.0,5.170483995038151,
Drift,2,True,2023-02-06,2023-09-07,213,213.0,213.0,159.0,79.5,100.0,0.25,0.25,0.25,Marketing,Marketing & Media,Acquired,Acquired / Subsidiary,United States,North America,107.0,4.68213122712422,5.075173815233827
Drip,1,False,2020-03-23,2020-03-23,0,,,20.0,20.0,20.0,,,,Marketing,Marketing & Media,Acquired,Acquired / Subsidiary,United States,North America,,,3.044522437723423
Drip Capital,1,False,2023-04-14,2023-04-14,0,,,75.0,75.0,75.0,0.2,0.2,0.2,Finance,Fintech & Financial Services,Series C,Late Stage (Series C-D),United States,North America,85.0,4.454347296253507,4.330733340286331
DriveWealth,1,False,2023-01-26,2023-01-26,0,,,,,,0.2,0.2,0.2,Finance,Fintech & Financial Services,Series D,Late Stage (Series C-D),United States,North America,550.0,6.311734809152915,
Drizly,2,True,2023-03-29,2024-02-05,313,313.0,313.0,268.0,134.0,168.0,1.0,1.0,1.0,Retail,Consumer & Retail,Acquired,Acquired / Subsidiary,United States,North America,119.0,4.787491742782046,5.594711379601839
DroneUp,1,False,2023-05-16,2023-05-16,0,,,,,,,,,Logistics,Travel & Transportation,Unknown,Unspecified / Private,United States,North America,7.0,2.0794415416798357,
Drop,1,False,2022-11-01,2022-11-01,0,,,24.0,24.0,24.0,,,,Marketing,Marketing & Media,Series B,Expansion Stage (Series B),Canada,North America,56.0,4.04305126783455,3.2188758248682006
Dropbox,3,True,2021-01-13,2024-10-30,1386,693.0,552.0,1342.0,447.3333333333333,527.0,0.17,0.16,0.2,Other,Other / Diversified,Post-IPO,Public (Post-IPO),United States,North America,1700.0,7.438971592395862,7.202661196523238
Dropp,1,False,2023-02-14,2023-02-14,0,,,60.0,60.0,60.0,1.0,1.0,1.0,Retail,Consumer & Retail,Unknown,Unspecified / Private,Germany,Europe,2.0,1.0986122886681098,4.110873864173311
Duck Creek Technologies,1,False,2023-07-12,2023-07-12,0,,,,,,0.09,0.09,0.09,Finance,Fintech & Financial Services,Acquired,Acquired / Subsidiary,United States,North America,357.0,5.8805329864007,
Dude Solutions,1,False,2020-04-15,2020-04-15,0,,,,,,0.2,0.2,0.2,Other,Other / Diversified,Acquired,Acquired / Subsidiary,United States,North America,100.0,4.61512051684126,
Dukaan,3,True,2022-10-31,2023-07-11,253,126.5,118.0,79.0,39.5,56.0,0.3,0.3,0.3,Retail,Consumer & Retail,Series A,Early Venture (Series A),India,Asia-Pacific,17.0,2.8903717578961645,4.382026634673881
Dune,1,False,2026-05-14,2026-05-14,0,,,,,,0.25,0.25,0.25,Crypto,Fintech & Financial Services,Series B,Expansion Stage (Series B),Norway,Europe,79.0,4.382026634673881,
Dunzo,5,True,2023-01-16,2024-08-31,593,148.25,68.0,600.0,200.0,300.0,0.345,0.3,0.75,Food,Consumer & Retail,Unknown,Unspecified / Private,India,Asia-Pacific,458.0,6.129050210060545,6.398594934535208
Dutch,1,False,2026-07-26,2026-07-26,0,,,,,,,,,Other,Other / Diversified,Series B,Expansion Stage (Series B),United States,North America,43.0,3.784189633918261,
Dutchie,1,False,2022-06-06,2022-06-06,0,,,50.0,50.0,50.0,0.07,0.07,0.07,Other,Other / Diversified,Series D,Late Stage (Series C-D),United States,North America,603.0,6.403574197934815,3.9318256327243257
DwellWell,1,False,2023-12-04,2023-12-04,0,,,,,,1.0,1.0,1.0,Real Estate,Real Estate & PropTech,Seed,Early Stage (Seed),United States,North America,6.0,1.9459101490553132,
Dynamic Signal,1,False,2020-04-02,2020-04-02,0,,,35.0,35.0,35.0,0.19,0.19,0.19,HR,Other / Diversified,Series E,Growth Stage (Series E+),United States,North America,114.0,4.74493212836325,3.58351893845611
E Inc.,1,False,2022-12-16,2022-12-16,0,,,,,,,,,Transportation,Travel & Transportation,Post-IPO,Public (Post-IPO),Canada,North America,,,
EMX Digital,1,False,2023-02-13,2023-02-13,0,,,100.0,100.0,100.0,1.0,1.0,1.0,Marketing,Marketing & Media,Unknown,Unspecified / Private,United States,North America,,,4.61512051684126
EQRx,1,False,2023-02-24,2023-02-24,0,,,,,,0.18,0.18,0.18,Healthcare,Healthcare & BioTech,Post-IPO,Public (Post-IPO),United States,North America,1900.0,7.550135342488429,
EVBox,1,False,2024-01-09,2024-01-09,0,,,,,,,,,Energy,Other / Diversified,Post-IPO,Public (Post-IPO),Netherlands,Europe,,,
EVgo,1,False,2023-02-23,2023-02-23,0,,,40.0,40.0,40.0,,,,Transportation,Travel & Transportation,Post-IPO,Public (Post-IPO),United States,North America,400.0,5.993961427306569,3.713572066704308
Earnin,1,False,2020-04-01,2020-04-01,0,,,50.0,50.0,50.0,0.2,0.2,0.2,Finance,Fintech & Financial Services,Series C,Late Stage (Series C-D),United States,North America,190.0,5.25227342804663,3.9318256327243257
Earnix,1,False,2023-05-04,2023-05-04,0,,,30.0,30.0,30.0,0.1,0.1,0.1,Finance,Fintech & Financial Services,Unknown,Unspecified / Private,Israel,Middle East,100.0,4.61512051684126,3.4339872044851463
Earth Rides,1,False,2023-01-19,2023-01-19,0,,,,,,1.0,1.0,1.0,Transportation,Travel & Transportation,Unknown,Unspecified / Private,United States,North America,2.0,1.0986122886681098,
Easee,1,False,2023-08-14,2023-08-14,0,,,200.0,200.0,200.0,0.57,0.57,0.57,Energy,Other / Diversified,Unknown,Unspecified / Private,Norway,Europe,,,5.303304908059076
EasyKnock,1,False,2024-12-09,2024-12-09,0,,,,,,1.0,1.0,1.0,Real Estate,Real Estate & PropTech,Series D,Late Stage (Series C-D),United States,North America,440.0,6.089044875446846,
EasyPost,2,True,2020-03-11,2020-04-13,33,33.0,33.0,125.0,62.5,75.0,0.25,0.25,0.25,Logistics,Travel & Transportation,Series A,Early Venture (Series A),United States,North America,12.0,2.5649493574615367,4.836281906951478
Eat Just,2,True,2023-02-24,2023-09-22,210,210.0,210.0,80.0,40.0,40.0,,,,Food,Consumer & Retail,Unknown,Unspecified / Private,United States,North America,465.0,6.144185634125646,4.394449154672439
Eatsy,1,False,2020-08-08,2020-08-08,0,,,20.0,20.0,20.0,1.0,1.0,1.0,Food,Consumer & Retail,Seed,Early Stage (Seed),Singapore,Asia-Pacific,0.9755,0.6808215308693084,3.044522437723423
Eaze,2,True,2022-06-01,2024-10-07,859,859.0,859.0,525.0,262.5,500.0,1.0,1.0,1.0,Consumer,Consumer & Retail,Series D,Late Stage (Series C-D),United States,North America,202.0,5.313205979041787,6.26530121273771
Ebanx,2,True,2020-05-27,2022-06-21,755,755.0,755.0,402.0,201.0,340.0,0.14,0.14,0.2,Finance,Fintech & Financial Services,Series B,Expansion Stage (Series B),Brazil,Latin America,460.0,6.133398042996649,5.998936561946683
Ecobee,1,False,2020-03-26,2020-03-26,0,,,47.0,47.0,47.0,0.1,0.1,0.1,Energy,Other / Diversified,Series C,Late Stage (Series C-D),Canada,North America,149.0,5.0106352940962555,3.871201010907891
Eden / Managed By Q,1,False,2020-04-08,2020-04-08,0,,,40.0,40.0,40.0,0.4,0.4,0.4,Real Estate,Real Estate & PropTech,Series B,Expansion Stage (Series B),United States,North America,40.0,3.713572066704308,3.713572066704308
Edgio,3,True,2022-12-13,2024-03-04,447,223.5,175.0,309.0,103.0,134.0,0.10666666666666667,0.1,0.12,Infrastructure,Enterprise & Infrastructure,Post-IPO,Public (Post-IPO),United States,North America,462.0,6.137727054086234,5.736572297479192
Edifecs,1,False,2023-01-20,2023-01-20,0,,,30.0,30.0,30.0,,,,Healthcare,Healthcare & BioTech,Unknown,Unspecified / Private,United States,North America,1.0,0.6931471805599453,3.4339872044851463
Editas Medicine,1,False,2023-01-09,2023-01-09,0,,,,,,0.2,0.2,0.2,Healthcare,Healthcare & BioTech,Post-IPO,Public (Post-IPO),United States,North America,656.0,6.48768401848461,
Edmodo,1,False,2022-08-16,2022-08-16,0,,,,,,1.0,1.0,1.0,Education,EdTech & Learning,Acquired,Acquired / Subsidiary,United States,North America,77.0,4.356708826689592,
Eigen Labs,1,False,2025-07-08,2025-07-08,0,,,29.0,29.0,29.0,0.25,0.25,0.25,Crypto,Fintech & Financial Services,Unknown,Unspecified / Private,United States,North America,234.0,5.459585514144159,3.4011973816621555
Eight Sleep,1,False,2020-03-23,2020-03-23,0,,,,,,0.2,0.2,0.2,Retail,Consumer & Retail,Series C,Late Stage (Series C-D),United States,North America,70.0,4.2626798770413155,
Eightfold AI,1,False,2023-02-03,2023-02-03,0,,,90.0,90.0,90.0,0.15,0.15,0.15,HR,Other / Diversified,Series E,Growth Stage (Series E+),United States,North America,396.0,5.983936280687191,4.51085950651685
Ejento,1,False,2020-03-19,2020-03-19,0,,,84.0,84.0,84.0,1.0,1.0,1.0,Recruiting,Professional Services,Unknown,Unspecified / Private,United States,North America,,,4.442651256490317
Elastic,2,True,2022-11-30,2026-06-24,1302,1302.0,1302.0,,,,0.1,0.1,0.13,Data,Enterprise & Infrastructure,Post-IPO,Public (Post-IPO),United States,North America,162.0,5.093750200806762,
Electric,2,True,2022-08-30,2023-02-13,167,167.0,167.0,222.0,111.0,141.0,0.25,0.25,0.25,Other,Other / Diversified,Series D,Late Stage (Series C-D),United States,North America,212.0,5.3612921657094255,5.407171771460119
Electriq Global,1,False,2025-02-21,2025-02-21,0,,,,,,1.0,1.0,1.0,Energy,Other / Diversified,Unknown,Unspecified / Private,Israel,Middle East,8.0,2.1972245773362196,
Electronic Arts,4,True,2023-02-28,2025-04-29,791,263.6666666666667,29.0,1950.0,487.5,780.0,0.055,0.055,0.06,Consumer,Consumer & Retail,Post-IPO,Public (Post-IPO),United States,North America,2.0,1.0986122886681098,7.576097340623111
Element,1,False,2022-12-25,2022-12-25,0,,,,,,0.15,0.15,0.15,Other,Other / Diversified,Series B,Expansion Stage (Series B),United Kingdom,Europe,96.0,4.574710978503383,
Element AI,1,False,2020-05-04,2020-05-04,0,,,62.0,62.0,62.0,0.15,0.15,0.15,Other,Other / Diversified,Series B,Expansion Stage (Series B),Canada,North America,257.0,5.552959584921617,4.143134726391533
Element Analytics,1,False,2020-03-25,2020-03-25,0,,,10.0,10.0,10.0,,,,Data,Enterprise & Infrastructure,Series A,Early Venture (Series A),United States,North America,22.0,3.1354942159291497,2.3978952727983707
Elementor,2,True,2022-06-15,2026-06-29,1475,1475.0,1475.0,160.0,80.0,100.0,0.22499999999999998,0.22499999999999998,0.3,Media,Marketing & Media,Series B,Expansion Stage (Series B),Israel,Middle East,65.0,4.189654742026425,5.081404364984463
Elemy,2,True,2022-07-18,2022-12-05,140,140.0,140.0,,,,,,,Healthcare,Healthcare & BioTech,Series B,Expansion Stage (Series B),United States,North America,323.0,5.780743515792329,
Elinvar,1,False,2022-10-21,2022-10-21,0,,,43.0,43.0,43.0,0.33,0.33,0.33,Finance,Fintech & Financial Services,Unknown,Unspecified / Private,Germany,Europe,30.0,3.4339872044851463,3.784189633918261
Elliptic,1,False,2020-04-09,2020-04-09,0,,,,,,0.3,0.3,0.3,Crypto,Fintech & Financial Services,Series B,Expansion Stage (Series B),United Kingdom,Europe,40.0,3.713572066704308,
Embark Trucks,1,False,2023-03-03,2023-03-03,0,,,230.0,230.0,230.0,0.7,0.7,0.7,Transportation,Travel & Transportation,Post-IPO,Public (Post-IPO),United States,North America,317.0,5.762051382780177,5.442417710521793
Embark Vet,2,True,2023-01-11,2023-04-28,107,107.0,107.0,69.0,34.5,41.0,,,,Healthcare,Healthcare & BioTech,Series B,Expansion Stage (Series B),United States,North America,94.0,4.553876891600541,4.248495242049359
Embrace,1,False,2023-08-18,2023-08-18,0,,,,,,,,,Product,Other / Diversified,Unknown,Unspecified / Private,United States,North America,77.0,4.356708826689592,
Embroker,1,False,2022-10-25,2022-10-25,0,,,30.0,30.0,30.0,0.12,0.12,0.12,Finance,Fintech & Financial Services,Series C,Late Stage (Series C-D),United States,North America,142.0,4.962844630259907,3.4339872044851463
Emitwise,1,False,2022-10-11,2022-10-11,0,,,,,,,,,Energy,Other / Diversified,Series A,Early Venture (Series A),United Kingdom,Europe,16.0,2.833213344056216,
Emma Sleep,1,False,2024-06-19,2024-06-19,0,,,200.0,200.0,200.0,0.18,0.18,0.18,Retail,Consumer & Retail,Acquired,Acquired / Subsidiary,Germany,Europe,,,5.303304908059076
Emotive,1,False,2022-07-07,2022-07-07,0,,,30.0,30.0,30.0,0.18,0.18,0.18,Marketing,Marketing & Media,Series B,Expansion Stage (Series B),United States,North America,78.0,4.3694478524670215,3.4339872044851463
Endowus,1,False,2023-03-30,2023-03-30,0,,,,,,,,,Finance,Fintech & Financial Services,Unknown,Unspecified / Private,Singapore,Asia-Pacific,44.0,3.8066624897703196,
Engine eCommerce,1,False,2020-06-28,2020-06-28,0,,,,,,1.0,1.0,1.0,Retail,Consumer & Retail,Unknown,Unspecified / Private,United States,North America,4.0,1.6094379124341003,
Enjoei,1,False,2023-01-20,2023-01-20,0,,,31.0,31.0,31.0,0.1,0.1,0.1,Retail,Consumer & Retail,Unknown,Unspecified / Private,Brazil,Latin America,14.0,2.70805020110221,3.4657359027997265
Enjoy,1,False,2022-06-30,2022-06-30,0,,,400.0,400.0,400.0,0.18,0.18,0.18,Retail,Consumer & Retail,Post-IPO,Public (Post-IPO),United States,North America,310.0,5.739792912179234,5.993961427306569
Enovix,2,True,2023-10-05,2024-05-06,214,214.0,214.0,355.0,177.5,185.0,0.33,0.33,0.33,Energy,Other / Diversified,Post-IPO,Public (Post-IPO),United States,North America,516.0,6.248042874508429,5.87493073085203
Enpal,1,False,2026-03-27,2026-03-27,0,,,100.0,100.0,100.0,,,,Energy,Other / Diversified,Series E,Growth Stage (Series E+),Germany,Europe,3500.0,8.160803920954665,4.61512051684126
Enphase Energy,2,True,2023-12-18,2024-11-11,329,329.0,329.0,850.0,425.0,500.0,0.135,0.135,0.17,Energy,Other / Diversified,Post-IPO,Public (Post-IPO),United States,North America,116.0,4.762173934797756,6.7464121285733745
Entropy,1,False,2026-01-25,2026-01-25,0,,,,,,1.0,1.0,1.0,Crypto,Fintech & Financial Services,Seed,Early Stage (Seed),United States,North America,27.0,3.332204510175204,
Envato,2,True,2022-06-02,2026-03-04,1371,1371.0,1371.0,300.0,150.0,200.0,0.3,0.3,0.3,Marketing,Marketing & Media,Unknown,Unspecified / Private,Australia,Asia-Pacific,,,5.707110264748875
Envoy,1,False,2020-04-14,2020-04-14,0,,,58.0,58.0,58.0,0.3,0.3,0.3,HR,Other / Diversified,Series B,Expansion Stage (Series B),United States,North America,59.0,4.0943445622221,4.07753744390572
Epic Games,2,True,2023-09-28,2026-03-24,908,908.0,908.0,1870.0,935.0,1000.0,0.16,0.16,0.16,Consumer,Consumer & Retail,Unknown,Unspecified / Private,United States,North America,6400.0,8.764209507142004,7.534228326274089
Epicery,1,False,2024-12-31,2024-12-31,0,,,,,,1.0,1.0,1.0,Food,Consumer & Retail,Acquired,Acquired / Subsidiary,France,Europe,7.0,2.0794415416798357,
Epidemic Sound,1,False,2026-04-21,2026-04-21,0,,,150.0,150.0,150.0,0.33,0.33,0.33,Media,Marketing & Media,Private Equity,Private Equity Owned,Sweden,Europe,509.0,6.234410725718371,5.017279836814924
Equip Health,1,False,2026-06-29,2026-06-29,0,,,,,,0.04,0.04,0.04,Healthcare,Healthcare & BioTech,Unknown,Unspecified / Private,United States,North America,164.0,5.10594547390058,
EquityZen,1,False,2022-10-31,2022-10-31,0,,,30.0,30.0,30.0,0.27,0.27,0.27,Finance,Fintech & Financial Services,Series B,Expansion Stage (Series B),United States,North America,11.0,2.4849066497880004,3.4339872044851463
Equitybee,2,True,2022-10-31,2023-02-08,100,100.0,100.0,49.0,24.5,25.0,0.225,0.225,0.25,Finance,Fintech & Financial Services,Series B,Expansion Stage (Series B),United States,North America,85.0,4.454347296253507,3.912023005428146
Ericsson,2,True,2023-02-24,2026-01-15,1056,1056.0,1056.0,10100.0,5050.0,8500.0,0.08,0.08,0.08,Other,Other / Diversified,Post-IPO,Public (Post-IPO),Sweden,Europe,663.0,6.498282149476434,9.220389707829185
Ermetic,1,False,2023-01-23,2023-01-23,0,,,30.0,30.0,30.0,0.17,0.17,0.17,Security,Enterprise & Infrastructure,Series B,Expansion Stage (Series B),United States,North America,97.0,4.584967478670572,3.4339872044851463
Eroad,1,False,2023-07-28,2023-07-28,0,,,200.0,200.0,200.0,0.31,0.31,0.31,Transportation,Travel & Transportation,Unknown,Unspecified / Private,New Zealand,Asia-Pacific,46.0,3.8501476017100584,5.303304908059076
Eruditus,1,False,2022-06-04,2022-06-04,0,,,40.0,40.0,40.0,,,,Education,EdTech & Learning,Series E,Growth Stage (Series E+),India,Asia-Pacific,1200.0,7.0909098220799835,3.713572066704308
Esh Group,1,False,2026-04-12,2026-04-12,0,,,,,,,,,Finance,Fintech & Financial Services,Acquired,Acquired / Subsidiary,Israel,Middle East,,,
Esme Learning,1,False,2022-06-02,2022-06-02,0,,,,,,,,,Education,EdTech & Learning,Unknown,Unspecified / Private,United States,North America,37.0,3.6375861597263857,
Esper,2,True,2022-06-23,2023-01-10,201,201.0,201.0,,,,0.16499999999999998,0.16499999999999998,0.21,Other,Other / Diversified,Series A,Early Venture (Series A),United States,North America,10.0,2.3978952727983707,
Etermax,1,False,2022-11-30,2022-11-30,0,,,40.0,40.0,40.0,,,,Other,Other / Diversified,Unknown,Unspecified / Private,Argentina,Latin America,,,3.713572066704308
Ethereum Foundation,1,False,2026-06-23,2026-06-23,0,,,54.0,54.0,54.0,0.2,0.2,0.2,Crypto,Fintech & Financial Services,Unknown,Unspecified / Private,Switzerland,Europe,18.0,2.9444389791664403,4.007333185232471
Ethos Life,3,True,2020-06-05,2023-02-21,991,495.5,242.0,108.0,36.0,50.0,0.13,0.13,0.14,Finance,Fintech & Financial Services,Series D,Late Stage (Series C-D),United States,North America,406.0,6.008813185442595,4.6913478822291435
Etsy,2,True,2023-12-13,2026-08-05,966,966.0,966.0,445.0,222.5,225.0,0.11499999999999999,0.11499999999999999,0.12,Retail,Consumer & Retail,Post-IPO,Public (Post-IPO),United States,North America,97.0,4.584967478670572,6.100318952020064
Eucalyptus,1,False,2022-07-22,2022-07-22,0,,,50.0,50.0,50.0,0.2,0.2,0.2,Healthcare,Healthcare & BioTech,Series C,Late Stage (Series C-D),Australia,Asia-Pacific,69.0,4.248495242049359,3.9318256327243257
Euler Motors,1,False,2023-04-11,2023-04-11,0,,,,,,0.1,0.1,0.1,Transportation,Travel & Transportation,Series C,Late Stage (Series C-D),India,Asia-Pacific,92.0,4.532599493153256,
Eurora,1,False,2023-09-11,2023-09-11,0,,,111.0,111.0,111.0,,,,Other,Other / Diversified,Series A,Early Venture (Series A),Estonia,Europe,42.0,3.7612001156935624,4.718498871295094
Even Healthcare,1,False,2026-08-27,2026-08-27,0,,,350.0,350.0,350.0,0.3,0.3,0.3,Healthcare,Healthcare & BioTech,Series A,Early Venture (Series A),India,Asia-Pacific,91.0,4.5217885770490405,5.860786223465865
Eventbrite,4,True,2020-04-08,2026-04-13,2196,732.0,526.0,680.0,226.66666666666666,500.0,0.21333333333333335,0.11,0.45,Consumer,Consumer & Retail,Acquired,Acquired / Subsidiary,United States,North America,557.0,6.324358962381311,6.523562306149512
Eventus,1,False,2023-05-05,2023-05-05,0,,,,,,0.33,0.33,0.33,Finance,Fintech & Financial Services,Series B,Expansion Stage (Series B),United States,North America,45.0,3.828641396489095,
EverBridge,1,False,2022-11-08,2022-11-08,0,,,200.0,200.0,200.0,,,,Other,Other / Diversified,Post-IPO,Public (Post-IPO),United States,North America,476.0,6.1675164908883415,5.303304908059076
EverC,1,False,2024-07-17,2024-07-17,0,,,16.0,16.0,16.0,0.1,0.1,0.1,Security,Enterprise & Infrastructure,Unknown,Unspecified / Private,Israel,Middle East,61.0,4.127134385045092,2.833213344056216
Everlane,2,True,2020-03-27,2023-01-05,1014,1014.0,1014.0,257.0,128.5,227.0,0.17,0.17,0.17,Retail,Consumer & Retail,Unknown,Unspecified / Private,United States,North America,176.0,5.176149732573829,5.552959584921617
Everlaw,1,False,2023-05-12,2023-05-12,0,,,,,,0.1,0.1,0.1,Legal,Professional Services,Series D,Late Stage (Series C-D),United States,North America,298.0,5.700443573390687,
Everledger,1,False,2023-05-08,2023-05-08,0,,,,,,1.0,1.0,1.0,Crypto,Fintech & Financial Services,Unknown,Unspecified / Private,Australia,Asia-Pacific,27.0,3.332204510175204,
Evernote,2,True,2023-02-17,2023-07-07,140,140.0,140.0,129.0,129.0,129.0,,,,Consumer,Consumer & Retail,Acquired,Acquired / Subsidiary,United States,North America,290.0,5.673323267171493,4.867534450455582
Everquote,1,False,2023-07-11,2023-07-11,0,,,100.0,100.0,100.0,,,,Finance,Fintech & Financial Services,Post-IPO,Public (Post-IPO),United States,North America,53.0,3.9889840465642745,4.61512051684126
Everybuddy,1,False,2024-02-13,2024-02-13,0,,,,,,1.0,1.0,1.0,Consumer,Consumer & Retail,Series A,Early Venture (Series A),Israel,Middle East,15.0,2.772588722239781,
Eviation Aircraft,1,False,2025-02-14,2025-02-14,0,,,,,,,,,Aerospace,Hardware & Manufacturing,Acquired,Acquired / Subsidiary,Israel,Middle East,140.0,4.948759890378168,
Evolve,2,True,2023-05-29,2023-09-12,106,106.0,106.0,339.0,169.5,175.0,0.17,0.17,0.2,Travel,Travel & Transportation,Series F,Growth Stage (Series E+),United States,North America,224.0,5.41610040220442,5.8289456176102075
Exabeam,1,False,2023-10-25,2023-10-25,0,,,,,,0.2,0.2,0.2,Security,Enterprise & Infrastructure,Series F,Growth Stage (Series E+),United States,North America,391.0,5.971261839790462,
Examedi,1,False,2023-04-11,2023-04-11,0,,,45.0,45.0,45.0,0.25,0.25,0.25,Healthcare,Healthcare & BioTech,Unknown,Unspecified / Private,Chile,Latin America,19.0,2.995732273553991,3.828641396489095
Exodus,1,False,2022-11-04,2022-11-04,0,,,59.0,59.0,59.0,0.22,0.22,0.22,Crypto,Fintech & Financial Services,Unknown,Unspecified / Private,United States,North America,60.0,4.110873864173311,4.0943445622221
Exosonic,1,False,2024-11-08,2024-11-08,0,,,,,,1.0,1.0,1.0,Aerospace,Hardware & Manufacturing,Seed,Early Stage (Seed),United States,North America,4.0,1.6094379124341003,
Exotel,1,False,2023-01-17,2023-01-17,0,,,142.0,142.0,142.0,0.15,0.15,0.15,Support,Enterprise & Infrastructure,Series D,Late Stage (Series C-D),India,Asia-Pacific,87.0,4.477336814478207,4.962844630259907
Expedia,10,True,2023-03-21,2026-02-01,1048,116.44444444444444,6.0,1700.0,566.6666666666666,1500.0,0.055,0.055,0.08,Travel,Travel & Transportation,Post-IPO,Public (Post-IPO),United States,North America,3300.0,8.101980731853192,7.438971592395862
Expel,1,False,2023-06-09,2023-06-09,0,,,60.0,60.0,60.0,0.1,0.1,0.1,Security,Enterprise & Infrastructure,Series E,Growth Stage (Series E+),United States,North America,288.0,5.666426688112432,4.110873864173311
Expert360,1,False,2022-08-11,2022-08-11,0,,,7.0,7.0,7.0,,,,Recruiting,Professional Services,Series C,Late Stage (Series C-D),Australia,Asia-Pacific,26.0,3.295836866004329,2.0794415416798357
Exterro,1,False,2023-02-01,2023-02-01,0,,,24.0,24.0,24.0,0.03,0.03,0.03,Legal,Professional Services,Private Equity,Private Equity Owned,United States,North America,100.0,4.61512051684126,3.2188758248682006
ExtraHop,2,True,2020-04-22,2022-10-13,904,904.0,904.0,,,,,,,Security,Enterprise & Infrastructure,Series C,Late Stage (Series C-D),United States,North America,61.0,4.127134385045092,
Extramarks,1,False,2023-04-26,2023-04-26,0,,,300.0,300.0,300.0,,,,Education,EdTech & Learning,Unknown,Unspecified / Private,India,Asia-Pacific,,,5.707110264748875
EyeEm,1,False,2025-12-11,2025-12-11,0,,,,,,1.0,1.0,1.0,Other,Other / Diversified,Acquired,Acquired / Subsidiary,Germany,Europe,24.0,3.2188758248682006,
Eyeo,1,False,2025-07-28,2025-07-28,0,,,,,,0.4,0.4,0.4,Unknown,Other / Diversified,Unknown,Unspecified / Private,Germany,Europe,,,
Eyowo,1,False,2023-06-27,2023-06-27,0,,,,,,1.0,1.0,1.0,Finance,Fintech & Financial Services,Unknown,Unspecified / Private,Nigeria,Africa,,,
Ezoic,3,True,2022-12-31,2023-07-17,198,99.0,59.0,45.0,22.5,35.0,0.28,0.28,0.28,Infrastructure,Enterprise & Infrastructure,Series A,Early Venture (Series A),United States,North America,39.0,3.6888794541139363,3.828641396489095
F-Secure,1,False,2023-10-25,2023-10-25,0,,,70.0,70.0,70.0,,,,Security,Enterprise & Infrastructure,Post-IPO,Public (Post-IPO),Finland,Europe,,,4.2626798770413155
F5,6,True,2022-10-21,2025-08-13,1027,205.4,35.0,1049.0,209.8,623.0,0.031999999999999994,0.02,0.09,Security,Enterprise & Infrastructure,Post-IPO,Public (Post-IPO),United States,North America,,,6.956545443151569
FNZ,5,True,2022-12-02,2026-06-16,1292,323.0,152.0,1240.0,620.0,1000.0,0.09,0.09,0.15,Finance,Fintech & Financial Services,Private Equity,Private Equity Owned,United Kingdom,Europe,3500.0,8.160803920954665,7.123672785204607
FabHotels,1,False,2020-03-30,2020-03-30,0,,,80.0,80.0,80.0,0.2,0.2,0.2,Travel,Travel & Transportation,Series B,Expansion Stage (Series B),India,Asia-Pacific,48.0,3.8918202981106265,4.394449154672439
Fable,2,True,2023-07-31,2024-10-15,442,442.0,442.0,13.0,13.0,13.0,0.545,0.545,1.0,Product,Other / Diversified,Series A,Early Venture (Series A),United States,North America,19.0,2.995732273553991,2.6390573296152584
Fabric,2,True,2022-07-13,2024-04-11,638,638.0,638.0,150.0,75.0,120.0,0.275,0.275,0.4,Logistics,Travel & Transportation,Series C,Late Stage (Series C-D),United States,North America,336.0,5.820082930352362,5.017279836814924
Facily,1,False,2022-04-20,2022-04-20,0,,,260.0,260.0,260.0,0.3,0.3,0.3,Retail,Consumer & Retail,Series D,Late Stage (Series C-D),Brazil,Latin America,502.0,6.220590170099739,5.564520407322694
Factorial,1,False,2023-07-13,2023-07-13,0,,,20.0,20.0,20.0,,,,HR,Other / Diversified,Series C,Late Stage (Series C-D),Spain,Europe,220.0,5.3981627015177525,3.044522437723423
Faire,2,True,2022-10-18,2023-11-01,379,379.0,379.0,334.0,167.0,250.0,0.135,0.135,0.2,Retail,Consumer & Retail,Series G,Growth Stage (Series E+),United States,North America,1700.0,7.438971592395862,5.814130531825066
FalconX,1,False,2026-08-03,2026-08-03,0,,,,,,0.1,0.1,0.1,Crypto,Fintech & Financial Services,Series D,Late Stage (Series C-D),United States,North America,477.0,6.169610732491456,
FamPay,2,True,2023-04-17,2023-08-02,107,107.0,107.0,18.0,18.0,18.0,,,,Finance,Fintech & Financial Services,Series A,Early Venture (Series A),India,Asia-Pacific,42.0,3.7612001156935624,2.9444389791664403
FanClash,1,False,2023-03-30,2023-03-30,0,,,100.0,100.0,100.0,0.75,0.75,0.75,Consumer,Consumer & Retail,Series B,Expansion Stage (Series B),India,Asia-Pacific,50.0,3.9318256327243257,4.61512051684126
FanDuel,1,False,2026-06-05,2026-06-05,0,,,,,,,,,Consumer,Consumer & Retail,Acquired,Acquired / Subsidiary,United States,North America,416.0,6.0330862217988015,
Fandom,2,True,2020-04-30,2023-01-19,994,994.0,994.0,,,,0.14,0.14,0.14,Media,Marketing & Media,Series E,Growth Stage (Series E+),United States,North America,145.0,4.983606621708336,
FarEye,2,True,2022-06-10,2023-02-03,238,238.0,238.0,340.0,170.0,250.0,0.3,0.3,0.3,Logistics,Travel & Transportation,Series E,Growth Stage (Series E+),India,Asia-Pacific,150.0,5.017279836814924,5.831882477283517
Fareportal,1,False,2020-03-26,2020-03-26,0,,,200.0,200.0,200.0,,,,Travel,Travel & Transportation,Unknown,Unspecified / Private,India,Asia-Pacific,,,5.303304908059076
Farfetch,1,False,2024-02-16,2024-02-16,0,,,2000.0,2000.0,2000.0,0.25,0.25,0.25,Retail,Consumer & Retail,Acquired,Acquired / Subsidiary,United Kingdom,Europe,1700.0,7.438971592395862,7.601402334583733
Fashinza,1,False,2024-01-18,2024-01-18,0,,,,,,,,,Retail,Consumer & Retail,Unknown,Unspecified / Private,United States,North America,153.0,5.0369526024136295,
Fast,1,False,2022-04-05,2022-04-05,0,,,,,,1.0,1.0,1.0,Finance,Fintech & Financial Services,Series B,Expansion Stage (Series B),United States,North America,124.0,4.8283137373023015,
Fastly,1,False,2024-08-08,2024-08-08,0,,,,,,0.11,0.11,0.11,Infrastructure,Enterprise & Infrastructure,Post-IPO,Public (Post-IPO),United States,North America,219.0,5.393627546352362,
Fate Therapeutics,1,False,2023-01-09,2023-01-09,0,,,315.0,315.0,315.0,0.5700000000000001,0.5700000000000001,0.5700000000000001,Healthcare,Healthcare & BioTech,Post-IPO,Public (Post-IPO),United States,North America,1200.0,7.0909098220799835,5.755742213586912
Favo,1,False,2022-06-02,2022-06-02,0,,,170.0,170.0,170.0,,,,Food,Consumer & Retail,Series A,Early Venture (Series A),Brazil,Latin America,31.0,3.4657359027997265,5.14166355650266
Faze Medicines,1,False,2022-11-09,2022-11-09,0,,,,,,1.0,1.0,1.0,Healthcare,Healthcare & BioTech,Series B,Expansion Stage (Series B),United States,North America,81.0,4.406719247264253,
Feather,1,False,2022-06-24,2022-06-24,0,,,,,,,,,Retail,Consumer & Retail,Unknown,Unspecified / Private,United States,North America,76.0,4.343805421853684,
Feedzai,1,False,2023-01-27,2023-01-27,0,,,,,,,,,Finance,Fintech & Financial Services,Unknown,Unspecified / Private,Portugal,Europe,273.0,5.6131281063880705,
FemTech Health,1,False,2023-05-22,2023-05-22,0,,,,,,1.0,1.0,1.0,Healthcare,Healthcare & BioTech,Unknown,Unspecified / Private,United States,North America,,,
Fetch,1,False,2023-03-14,2023-03-14,0,,,100.0,100.0,100.0,0.1,0.1,0.1,Retail,Consumer & Retail,Series E,Growth Stage (Series E+),United States,North America,581.0,6.366470447731438,4.61512051684126
Fi.Money,2,True,2023-09-27,2026-02-10,867,867.0,867.0,30.0,30.0,30.0,0.25,0.25,0.4,Finance,Fintech & Financial Services,Series C,Late Stage (Series C-D),India,Asia-Pacific,137.0,4.927253685157205,3.4339872044851463
Fifth Season,1,False,2022-10-28,2022-10-28,0,,,100.0,100.0,100.0,1.0,1.0,1.0,Food,Consumer & Retail,Series B,Expansion Stage (Series B),United States,North America,35.0,3.58351893845611,4.61512051684126
Figure,1,False,2023-07-26,2023-07-26,0,,,90.0,90.0,90.0,0.2,0.2,0.2,Crypto,Fintech & Financial Services,Unknown,Unspecified / Private,United States,North America,1500.0,7.313886831633462,4.51085950651685
Filevine,1,False,2022-12-06,2022-12-06,0,,,,,,,,,Legal,Professional Services,Series D,Late Stage (Series C-D),United States,North America,226.0,5.424950017481403,
Filmic,1,False,2023-12-01,2023-12-01,0,,,,,,1.0,1.0,1.0,Other,Other / Diversified,Acquired,Acquired / Subsidiary,United States,North America,,,
Finastra,2,True,2023-01-25,2023-08-03,190,190.0,190.0,,,,,,,Finance,Fintech & Financial Services,Unknown,Unspecified / Private,Israel,Middle East,,,
Finder,3,True,2023-02-03,2024-02-21,383,191.5,60.0,100.0,50.0,60.0,0.16,0.16,0.17,Retail,Consumer & Retail,Unknown,Unspecified / Private,Australia,Asia-Pacific,30.0,3.4339872044851463,4.61512051684126
Finite State,1,False,2022-06-17,2022-06-17,0,,,16.0,16.0,16.0,0.2,0.2,0.2,Security,Enterprise & Infrastructure,Series B,Expansion Stage (Series B),United States,North America,49.0,3.912023005428146,2.833213344056216
Finleap Connect,1,False,2022-06-30,2022-06-30,0,,,14.0,14.0,14.0,0.1,0.1,0.1,Finance,Fintech & Financial Services,Series A,Early Venture (Series A),Germany,Europe,22.0,3.1354942159291497,2.70805020110221
FintechOS,1,False,2023-11-15,2023-11-15,0,,,,,,,,,Finance,Fintech & Financial Services,Series B,Expansion Stage (Series B),Romania,Other / International,91.0,4.5217885770490405,
Fipola,1,False,2023-02-20,2023-02-20,0,,,,,,1.0,1.0,1.0,Food,Consumer & Retail,Series A,Early Venture (Series A),India,Asia-Pacific,9.0,2.302585092994046,
FireHydrant,1,False,2022-12-08,2022-12-08,0,,,,,,,,,Infrastructure,Enterprise & Infrastructure,Series B,Expansion Stage (Series B),United States,North America,32.0,3.4965075614664802,
Fireblocks,2,True,2023-02-20,2024-02-07,352,352.0,352.0,50.0,25.0,30.0,0.04,0.04,0.05,Crypto,Fintech & Financial Services,Series E,Growth Stage (Series E+),United States,North America,1000.0,6.90875477931522,3.9318256327243257
Firebolt,2,True,2022-09-07,2026-02-15,1257,1257.0,1257.0,,,,,,,Data,Enterprise & Infrastructure,Series C,Late Stage (Series C-D),Israel,Middle East,264.0,5.579729825986222,
Firework,1,False,2022-11-29,2022-11-29,0,,,,,,0.1,0.1,0.1,Retail,Consumer & Retail,Series B,Expansion Stage (Series B),United States,North America,269.0,5.598421958998375,
First AML,1,False,2022-10-06,2022-10-06,0,,,,,,,,,Finance,Fintech & Financial Services,Series B,Expansion Stage (Series B),New Zealand,Asia-Pacific,29.0,3.4011973816621555,
First Mode,1,False,2024-01-16,2024-01-16,0,,,48.0,48.0,48.0,0.2,0.2,0.2,Transportation,Travel & Transportation,Acquired,Acquired / Subsidiary,United States,North America,9.0,2.302585092994046,3.8918202981106265
FiscalNote,1,False,2020-04-02,2020-04-02,0,,,30.0,30.0,30.0,,,,Media,Marketing & Media,Series D,Late Stage (Series C-D),United States,North America,50.0,3.9318256327243257,3.4339872044851463
Fishbrain,1,False,2023-01-17,2023-01-17,0,,,,,,,,,Consumer,Consumer & Retail,Unknown,Unspecified / Private,Sweden,Europe,59.0,4.0943445622221,
Fisker,4,True,2024-02-29,2024-06-18,110,36.666666666666664,20.0,,,,0.575,0.575,1.0,Transportation,Travel & Transportation,Post-IPO,Public (Post-IPO),United States,North America,1700.0,7.438971592395862,
Fission,1,False,2024-04-07,2024-04-07,0,,,,,,1.0,1.0,1.0,Other,Other / Diversified,Unknown,Unspecified / Private,Canada,North America,,,
Fit Analytics,1,False,2023-09-28,2023-09-28,0,,,,,,1.0,1.0,1.0,Retail,Consumer & Retail,Acquired,Acquired / Subsidiary,Unknown,Other / International,,,
Fittr,1,False,2023-03-02,2023-03-02,0,,,30.0,30.0,30.0,0.11,0.11,0.11,Fitness,Other / Diversified,Series A,Early Venture (Series A),India,Asia-Pacific,13.0,2.6390573296152584,3.4339872044851463
Five9,2,True,2024-08-20,2025-04-03,226,226.0,226.0,313.0,156.5,190.0,0.05500000000000001,0.05500000000000001,0.07,Support,Enterprise & Infrastructure,Post-IPO,Public (Post-IPO),United States,North America,862.0,6.760414691083428,5.749392985908253
Fiverr,2,True,2022-07-26,2025-09-15,1147,1147.0,1147.0,310.0,155.0,250.0,0.19,0.19,0.3,Other,Other / Diversified,Post-IPO,Public (Post-IPO),Israel,Middle East,111.0,4.718498871295094,5.739792912179234
Fivetran,1,False,2022-10-04,2022-10-04,0,,,,,,0.05,0.05,0.05,Data,Enterprise & Infrastructure,Series D,Late Stage (Series C-D),United States,North America,,,
Flash Coffee,1,False,2022-11-22,2022-11-22,0,,,,,,,,,Food,Consumer & Retail,Series B,Expansion Stage (Series B),Singapore,Asia-Pacific,57.0,4.060443010546419,
Flatiron Health,1,False,2023-06-07,2023-06-07,0,,,39.0,39.0,39.0,,,,Healthcare,Healthcare & BioTech,Acquired,Acquired / Subsidiary,United States,North America,324.0,5.783825182329737,3.6888794541139363
Flatiron School,1,False,2020-05-06,2020-05-06,0,,,100.0,100.0,100.0,,,,Education,EdTech & Learning,Acquired,Acquired / Subsidiary,United States,North America,15.0,2.772588722239781,4.61512051684126
Flex,1,False,2023-12-13,2023-12-13,0,,,31.0,31.0,31.0,,,,Manufacturing,Hardware & Manufacturing,Unknown,Unspecified / Private,United States,North America,,,3.4657359027997265
Flex AI,1,False,2026-03-24,2026-03-24,0,,,,,,1.0,1.0,1.0,Fitness,Other / Diversified,Unknown,Unspecified / Private,Canada,North America,,,
FlexCar,1,False,2023-08-16,2023-08-16,0,,,20.0,20.0,20.0,,,,Transportation,Travel & Transportation,Unknown,Unspecified / Private,United States,North America,297.0,5.697093486505405,3.044522437723423
Flexe,2,True,2023-09-26,2024-01-08,104,104.0,104.0,230.0,115.0,131.0,0.355,0.355,0.38,Logistics,Travel & Transportation,Series D,Late Stage (Series C-D),United States,North America,263.0,5.575949103146316,5.442417710521793
Flexport,4,True,2023-01-11,2024-10-02,630,210.0,105.0,640.0,640.0,640.0,0.15500000000000003,0.2,0.2,Logistics,Travel & Transportation,Series E,Growth Stage (Series E+),United States,North America,2400.0,7.783640596221253,6.46302945692067
FlightStats,1,False,2024-05-30,2024-05-30,0,,,73.0,73.0,73.0,,,,Travel,Travel & Transportation,Acquired,Acquired / Subsidiary,United States,North America,3.0,1.3862943611198906,4.30406509320417
Flink,2,True,2023-04-24,2023-05-24,30,30.0,30.0,8100.0,4050.0,8000.0,0.28,0.28,0.4,Food,Consumer & Retail,Series B,Expansion Stage (Series B),Germany,Europe,1000.0,6.90875477931522,8.999742789830492
Flip,1,False,2025-08-29,2025-08-29,0,,,,,,1.0,1.0,1.0,Consumer,Consumer & Retail,Series C,Late Stage (Series C-D),United States,North America,294.0,5.68697535633982,
Flipboard,1,False,2022-10-16,2022-10-16,0,,,24.0,24.0,24.0,0.21,0.21,0.21,Media,Marketing & Media,Unknown,Unspecified / Private,United States,North America,235.0,5.4638318050256105,3.2188758248682006
Flipkart,4,True,2023-03-02,2026-03-06,1100,366.6666666666667,110.0,1640.0,546.6666666666666,1100.0,0.05,0.05,0.05,Retail,Consumer & Retail,Acquired,Acquired / Subsidiary,India,Asia-Pacific,12900.0,9.465060106725137,7.403061091090091
FloQast,1,False,2020-04-10,2020-04-10,0,,,,,,,,,Finance,Fintech & Financial Services,Series C,Late Stage (Series C-D),United States,North America,119.0,4.787491742782046,
Flock Freight,2,True,2023-04-10,2024-03-16,341,341.0,341.0,99.0,49.5,54.0,0.08,0.08,0.08,Logistics,Travel & Transportation,Series D,Late Stage (Series C-D),United States,North America,399.0,5.991464547107982,4.605170185988092
Flockjay,1,False,2021-08-24,2021-08-24,0,,,37.0,37.0,37.0,0.5,0.5,0.5,Education,EdTech & Learning,Series A,Early Venture (Series A),United States,North America,14.0,2.70805020110221,3.6375861597263857
Flowhub,1,False,2022-09-09,2022-09-09,0,,,,,,0.15,0.15,0.15,Retail,Consumer & Retail,Unknown,Unspecified / Private,United States,North America,45.0,3.828641396489095,
Flowr,1,False,2020-03-24,2020-03-24,0,,,,,,0.25,0.25,0.25,Retail,Consumer & Retail,Unknown,Unspecified / Private,Canada,North America,,,
Fluke,1,False,2022-08-17,2022-08-17,0,,,83.0,83.0,83.0,0.8200000000000001,0.8200000000000001,0.8200000000000001,Other,Other / Diversified,Seed,Early Stage (Seed),Brazil,Latin America,,,4.430816798843313
Flutterwave,1,False,2024-06-24,2024-06-24,0,,,30.0,30.0,30.0,0.03,0.03,0.03,Finance,Fintech & Financial Services,Unknown,Unspecified / Private,Nigeria,Africa,509.0,6.234410725718371,3.4339872044851463
Flux Systems,1,False,2022-10-14,2022-10-14,0,,,,,,1.0,1.0,1.0,Finance,Fintech & Financial Services,Unknown,Unspecified / Private,United Kingdom,Europe,9.0,2.302585092994046,
Fly.io,1,False,2024-09-04,2024-09-04,0,,,40.0,40.0,40.0,,,,Infrastructure,Enterprise & Infrastructure,Series C,Late Stage (Series C-D),United States,North America,110.0,4.709530201312334,3.713572066704308
Flyhomes,4,True,2022-07-20,2023-12-14,512,170.66666666666666,112.0,500.0,250.0,300.0,0.30000000000000004,0.30000000000000004,0.4,Real Estate,Real Estate & PropTech,Series C,Late Stage (Series C-D),United States,North America,310.0,5.739792912179234,6.2166061010848646
Flymya,1,False,2020-04-01,2020-04-01,0,,,200.0,200.0,200.0,0.33,0.33,0.33,Travel,Travel & Transportation,Unknown,Unspecified / Private,Myanmar,Other / International,,,5.303304908059076
Flynote,1,False,2020-05-01,2020-05-01,0,,,,,,,,,Travel,Travel & Transportation,Seed,Early Stage (Seed),India,Asia-Pacific,1.0,0.6931471805599453,
Flytedesk,1,False,2020-03-18,2020-03-18,0,,,4.0,4.0,4.0,0.2,0.2,0.2,Marketing,Marketing & Media,Seed,Early Stage (Seed),United States,North America,4.0,1.6094379124341003,1.6094379124341003
Flywheel Sports,1,False,2020-03-20,2020-03-20,0,,,784.0,784.0,784.0,0.98,0.98,0.98,Fitness,Other / Diversified,Acquired,Acquired / Subsidiary,United States,North America,120.0,4.795790545596741,6.665683717782408
Flywire,2,True,2020-05-07,2025-02-26,1756,1756.0,1756.0,185.0,92.5,125.0,0.12,0.12,0.12,Finance,Fintech & Financial Services,Series E,Growth Stage (Series E+),United States,North America,263.0,5.575949103146316,5.225746673713202
Food52,3,True,2020-04-17,2022-06-03,777,388.5,56.0,41.0,20.5,21.0,0.125,0.125,0.15,Food,Consumer & Retail,Acquired,Acquired / Subsidiary,United States,North America,176.0,5.176149732573829,3.7376696182833684
Foodpanda,4,True,2022-05-26,2023-09-22,484,161.33333333333334,104.0,140.0,70.0,80.0,,,,Food,Consumer & Retail,Acquired,Acquired / Subsidiary,Singapore,Asia-Pacific,749.0,6.620073206530356,4.948759890378168
Foodsby,1,False,2020-03-24,2020-03-24,0,,,87.0,87.0,87.0,0.67,0.67,0.67,Food,Consumer & Retail,Series B,Expansion Stage (Series B),United States,North America,20.0,3.044522437723423,4.477336814478207
ForeScout,2,True,2023-01-10,2023-09-06,239,239.0,239.0,140.0,70.0,100.0,0.1,0.1,0.1,Security,Enterprise & Infrastructure,Acquired,Acquired / Subsidiary,Israel,Middle East,125.0,4.836281906951478,4.948759890378168
Foresight Insurance,1,False,2022-10-06,2022-10-06,0,,,,,,0.4,0.4,0.4,Finance,Fintech & Financial Services,Series B,Expansion Stage (Series B),United States,North America,58.0,4.07753744390572,
Foretellix,1,False,2026-01-08,2026-01-08,0,,,29.0,29.0,29.0,0.18,0.18,0.18,Transportation,Travel & Transportation,Series C,Late Stage (Series C-D),Israel,Middle East,132.0,4.890349128221754,3.4011973816621555
ForgeRock,1,False,2023-12-13,2023-12-13,0,,,109.0,109.0,109.0,,,,Other,Other / Diversified,Acquired,Acquired / Subsidiary,United States,North America,234.0,5.459585514144159,4.700480365792417
Form Energy,1,False,2024-03-05,2024-03-05,0,,,,,,,,,Energy,Other / Diversified,Unknown,Unspecified / Private,United States,North America,966.0,6.874198495453294,
FormFactor,1,False,2026-01-09,2026-01-09,0,,,220.0,220.0,220.0,0.11,0.11,0.11,Manufacturing,Hardware & Manufacturing,Post-IPO,Public (Post-IPO),United States,North America,15.0,2.772588722239781,5.3981627015177525
Forma.ai,1,False,2022-07-20,2022-07-20,0,,,15.0,15.0,15.0,0.09,0.09,0.09,Sales,Professional Services,Series B,Expansion Stage (Series B),Canada,North America,58.0,4.07753744390572,2.772588722239781
Formlabs,1,False,2024-08-15,2024-08-15,0,,,,,,,,,Hardware,Hardware & Manufacturing,Series E,Growth Stage (Series E+),United States,North America,254.0,5.541263545158426,
Formstack,1,False,2023-05-17,2023-05-17,0,,,,,,0.4,0.4,0.4,Other,Other / Diversified,Private Equity,Private Equity Owned,United States,North America,425.0,6.054439346269371,
Fortinet,1,False,2023-08-25,2023-08-25,0,,,,,,,,,Security,Enterprise & Infrastructure,Post-IPO,Public (Post-IPO),United States,North America,89.0,4.499809670330265,
Forto,2,True,2022-11-11,2025-04-12,883,883.0,883.0,260.0,130.0,200.0,0.08,0.08,0.08,Logistics,Travel & Transportation,Series D,Late Stage (Series C-D),Germany,Europe,593.0,6.386879319362645,5.564520407322694
Forward,3,True,2020-04-20,2024-11-12,1667,833.5,812.0,210.0,105.0,200.0,0.36000000000000004,0.05,1.0,Healthcare,Healthcare & BioTech,Series E,Growth Stage (Series E+),United States,North America,325.0,5.786897381366708,5.351858133476067
Foundation Medicine,1,False,2023-04-04,2023-04-04,0,,,135.0,135.0,135.0,,,,Healthcare,Healthcare & BioTech,Acquired,Acquired / Subsidiary,United States,North America,96.0,4.574710978503383,4.912654885736052
Foundry,1,False,2024-12-11,2024-12-11,0,,,74.0,74.0,74.0,0.27,0.27,0.27,Crypto,Fintech & Financial Services,Subsidiary,Unspecified / Private,United States,North America,,,4.31748811353631
FourKites,2,True,2022-08-11,2023-12-13,489,489.0,489.0,60.0,60.0,60.0,0.11499999999999999,0.11499999999999999,0.15,Logistics,Travel & Transportation,Unknown,Unspecified / Private,United States,North America,241.0,5.488937726156687,4.110873864173311
Foursquare,1,False,2024-05-23,2024-05-23,0,,,105.0,105.0,105.0,0.25,0.25,0.25,Marketing,Marketing & Media,Series G,Growth Stage (Series E+),United States,North America,390.0,5.968707559985366,4.663439094112067
Foxtrot,1,False,2022-09-23,2022-09-23,0,,,26.0,26.0,26.0,0.035,0.035,0.035,Food,Consumer & Retail,Series C,Late Stage (Series C-D),United States,North America,166.0,5.117993812416755,3.295836866004329
Fraazo,1,False,2022-07-12,2022-07-12,0,,,150.0,150.0,150.0,,,,Food,Consumer & Retail,Series B,Expansion Stage (Series B),India,Asia-Pacific,63.0,4.1588830833596715,5.017279836814924
Fractal Software,1,False,2023-06-01,2023-06-01,0,,,,,,,,,Other,Other / Diversified,Unknown,Unspecified / Private,United States,North America,,,
FranShares,1,False,2026-03-17,2026-03-17,0,,,,,,1.0,1.0,1.0,Finance,Fintech & Financial Services,Seed,Early Stage (Seed),United States,North America,6.0,1.9459101490553132,
Freenome,1,False,2024-04-23,2024-04-23,0,,,100.0,100.0,100.0,0.2,0.2,0.2,Healthcare,Healthcare & BioTech,Series E,Growth Stage (Series E+),United States,North America,1400.0,7.244941546337007,4.61512051684126
Freetrade,1,False,2022-06-10,2022-06-10,0,,,45.0,45.0,45.0,0.15,0.15,0.15,Finance,Fintech & Financial Services,Unknown,Unspecified / Private,United Kingdom,Europe,133.0,4.897839799950911,3.828641396489095
FreightWaves,1,False,2024-09-24,2024-09-24,0,,,16.0,16.0,16.0,,,,Logistics,Travel & Transportation,Private Equity,Private Equity Owned,United States,North America,92.0,4.532599493153256,2.833213344056216
Freightos,1,False,2023-07-12,2023-07-12,0,,,50.0,50.0,50.0,0.13,0.13,0.13,Logistics,Travel & Transportation,Post-IPO,Public (Post-IPO),United States,North America,118.0,4.77912349311153,3.9318256327243257
Frequency Therapeutics,1,False,2023-02-01,2023-02-01,0,,,,,,0.5,0.5,0.5,Healthcare,Healthcare & BioTech,Post-IPO,Public (Post-IPO),United States,North America,76.0,4.343805421853684,
FreshBooks,4,True,2022-12-16,2024-10-01,655,218.33333333333334,95.0,220.0,110.0,140.0,0.08,0.08,0.1,Finance,Fintech & Financial Services,Unknown,Unspecified / Private,Canada,North America,331.0,5.805134968916488,5.3981627015177525
FreshDirect,2,True,2022-08-25,2024-01-10,503,503.0,503.0,140.0,70.0,100.0,0.03,0.03,0.03,Food,Consumer & Retail,Acquired,Acquired / Subsidiary,United States,North America,280.0,5.638354669333745,4.948759890378168
Freshbooks,1,False,2020-04-21,2020-04-21,0,,,38.0,38.0,38.0,0.09,0.09,0.09,Finance,Fintech & Financial Services,Series B,Expansion Stage (Series B),Canada,North America,75.0,4.330733340286331,3.6635616461296463
Freshly,2,True,2022-07-18,2022-12-12,147,147.0,147.0,329.0,329.0,329.0,0.25,0.25,0.25,Food,Consumer & Retail,Acquired,Acquired / Subsidiary,United States,North America,107.0,4.68213122712422,5.799092654460526
Freshworks,5,True,2022-12-15,2026-05-05,1237,309.25,84.0,1364.0,341.0,660.0,0.07,0.065,0.13,Support,Enterprise & Infrastructure,Post-IPO,Public (Post-IPO),United States,North America,484.0,6.184148890937483,7.21890970761906
Friday Health Plans,1,False,2023-06-21,2023-06-21,0,,,,,,,,,Healthcare,Healthcare & BioTech,Private Equity,Private Equity Owned,United States,North America,306.0,5.726847747587197,
Front,1,False,2022-09-28,2022-09-28,0,,,,,,,,,Support,Enterprise & Infrastructure,Series D,Late Stage (Series C-D),United States,North America,203.0,5.318119993844216,
FrontRow,4,True,2022-05-27,2023-07-10,409,136.33333333333334,25.0,275.0,137.5,145.0,0.7375,0.825,1.0,Education,EdTech & Learning,Series A,Early Venture (Series A),India,Asia-Pacific,17.0,2.8903717578961645,5.62040086571715
Frontdesk,2,True,2020-04-10,2024-01-02,1362,1362.0,1362.0,235.0,117.5,200.0,0.58,0.58,1.0,Travel,Travel & Transportation,Unknown,Unspecified / Private,United States,North America,26.0,3.295836866004329,5.4638318050256105
Frubana,1,False,2022-06-21,2022-06-21,0,,,,,,0.03,0.03,0.03,Food,Consumer & Retail,Series C,Late Stage (Series C-D),Colombia,Latin America,202.0,5.313205979041787,
FuboTV,1,False,2022-08-02,2022-08-02,0,,,,,,,,,Media,Marketing & Media,Post-IPO,Public (Post-IPO),United States,North America,151.0,5.0238805208462765,
FullStory,3,True,2020-04-16,2024-01-09,1363,681.5,483.0,50.0,50.0,50.0,0.11,0.11,0.12,Marketing,Marketing & Media,Unknown,Unspecified / Private,United States,North America,197.0,5.288267030694535,3.9318256327243257
Fundbox,2,True,2020-06-02,2022-10-25,875,875.0,875.0,164.0,82.0,150.0,0.285,0.285,0.42,Finance,Fintech & Financial Services,Series D,Late Stage (Series C-D),United States,North America,553.0,6.317164686747284,5.10594547390058
Funding Circle,2,True,2020-07-08,2024-05-29,1421,1421.0,1421.0,85.0,85.0,85.0,,,,Finance,Fintech & Financial Services,Post-IPO,Public (Post-IPO),United Kingdom,Europe,746.0,6.616065185132817,4.454347296253507
Funding Societies,1,False,2020-04-16,2020-04-16,0,,,65.0,65.0,65.0,0.18,0.18,0.18,Finance,Fintech & Financial Services,Series B,Expansion Stage (Series B),Singapore,Asia-Pacific,42.0,3.7612001156935624,4.189654742026425
Fungible,1,False,2022-08-29,2022-08-29,0,,,,,,,,,Crypto,Fintech & Financial Services,Series C,Late Stage (Series C-D),United States,North America,310.0,5.739792912179234,
Furlenco,1,False,2022-03-26,2022-03-26,0,,,180.0,180.0,180.0,,,,Retail,Consumer & Retail,Series D,Late Stage (Series C-D),India,Asia-Pacific,228.0,5.43372200355424,5.198497031265826
FutureLearn,1,False,2022-11-28,2022-11-28,0,,,,,,,,,Education,EdTech & Learning,Unknown,Unspecified / Private,United Kingdom,Europe,50.0,3.9318256327243257,
Fuzzy,1,False,2023-06-18,2023-06-18,0,,,,,,1.0,1.0,1.0,Healthcare,Healthcare & BioTech,Series C,Late Stage (Series C-D),United States,North America,80.0,4.394449154672439,
G/O Media Group,1,False,2020-04-03,2020-04-03,0,,,14.0,14.0,14.0,0.05,0.05,0.05,Media,Marketing & Media,Unknown,Unspecified / Private,United States,North America,,,2.70805020110221
G2,1,False,2020-06-30,2020-06-30,0,,,17.0,17.0,17.0,0.05,0.05,0.05,Marketing,Marketing & Media,Series C,Late Stage (Series C-D),United States,North America,100.8,4.623010104116422,2.8903717578961645
GAMURS Group,1,False,2023-03-21,2023-03-21,0,,,,,,,,,Consumer,Consumer & Retail,Series A,Early Venture (Series A),Australia,Asia-Pacific,17.0,2.8903717578961645,
GOAT Group,1,False,2020-04-01,2020-04-01,0,,,,,,,,,Retail,Consumer & Retail,Series D,Late Stage (Series C-D),United States,North America,197.0,5.288267030694535,
GSR,1,False,2022-10-11,2022-10-11,0,,,,,,,,,Crypto,Fintech & Financial Services,Unknown,Unspecified / Private,Hong Kong,Asia-Pacific,,,
Gambling.com Group,1,False,2026-05-14,2026-05-14,0,,,,,,,,,Other,Other / Diversified,Post-IPO,Public (Post-IPO),Ireland,Europe,276.0,5.6240175061873385,
Games 24x7,2,True,2025-05-07,2025-09-01,117,117.0,117.0,580.0,290.0,400.0,,,,Consumer,Consumer & Retail,Unknown,Unspecified / Private,India,Asia-Pacific,75.0,4.330733340286331,6.364750756851911
GamesKraft,2,True,2025-09-18,2025-11-10,53,53.0,53.0,400.0,200.0,280.0,,,,Consumer,Consumer & Retail,Unknown,Unspecified / Private,India,Asia-Pacific,,,5.993961427306569
Gated,1,False,2023-09-01,2023-09-01,0,,,,,,1.0,1.0,1.0,Other,Other / Diversified,Seed,Early Stage (Seed),United States,North America,3.0,1.3862943611198906,
Gather,1,False,2022-06-02,2022-06-02,0,,,30.0,30.0,30.0,0.33,0.33,0.33,Consumer,Consumer & Retail,Series B,Expansion Stage (Series B),United States,North America,76.0,4.343805421853684,3.4339872044851463
Gatherly,1,False,2022-07-31,2022-07-31,0,,,,,,0.5,0.5,0.5,Marketing,Marketing & Media,Unknown,Unspecified / Private,United States,North America,,,
Gavelytics,1,False,2022-06-30,2022-06-30,0,,,,,,1.0,1.0,1.0,Legal,Professional Services,Seed,Early Stage (Seed),United States,North America,5.0,1.791759469228055,
Geekwire,1,False,2020-04-10,2020-04-10,0,,,5.0,5.0,5.0,0.31,0.31,0.31,Media,Marketing & Media,Unknown,Unspecified / Private,United States,North America,,,1.791759469228055
Gem,2,True,2022-11-01,2023-08-02,274,274.0,274.0,170.0,85.0,100.0,0.33,0.33,0.33,Recruiting,Professional Services,Series C,Late Stage (Series C-D),United States,North America,148.0,5.003946305945459,5.14166355650266
Gemini,5,True,2022-06-02,2026-03-20,1387,346.75,46.0,368.0,122.66666666666667,200.0,0.14250000000000002,0.1,0.3,Crypto,Fintech & Financial Services,Unknown,Unspecified / Private,United States,North America,423.0,6.049733455231958,5.910796644040527
GenWise,2,True,2025-05-05,2025-12-09,218,218.0,218.0,15.0,15.0,15.0,0.6,0.6,1.0,Other,Other / Diversified,Seed,Early Stage (Seed),India,Asia-Pacific,3.0,1.3862943611198906,2.772588722239781
General Fusion,1,False,2025-05-05,2025-05-05,0,,,,,,0.25,0.25,0.25,Energy,Other / Diversified,Unknown,Unspecified / Private,Canada,North America,370.0,5.916202062607435,
Genesis,2,True,2022-08-17,2023-01-05,141,141.0,141.0,112.0,56.0,60.0,0.25,0.25,0.3,Crypto,Fintech & Financial Services,Series A,Early Venture (Series A),United States,North America,,,4.727387818712341
Genius,1,False,2021-09-15,2021-09-15,0,,,,,,,,,Consumer,Consumer & Retail,Acquired,Acquired / Subsidiary,United States,North America,78.0,4.3694478524670215,
Genome Medical,1,False,2022-09-08,2022-09-08,0,,,23.0,23.0,23.0,,,,Healthcare,Healthcare & BioTech,Series C,Late Stage (Series C-D),United States,North America,120.0,4.795790545596741,3.1780538303479458
GeoComply,1,False,2026-04-21,2026-04-21,0,,,68.0,68.0,68.0,0.15,0.15,0.15,Security,Enterprise & Infrastructure,Private Equity,Private Equity Owned,United States,North America,,,4.23410650459726
GetNinjas,1,False,2020-04-08,2020-04-08,0,,,11.0,11.0,11.0,0.1,0.1,0.1,Consumer,Consumer & Retail,Series B,Expansion Stage (Series B),Brazil,Latin America,16.0,2.833213344056216,2.4849066497880004
GetYourGuide,1,False,2020-10-14,2020-10-14,0,,,90.0,90.0,90.0,0.17,0.17,0.17,Travel,Travel & Transportation,Series E,Growth Stage (Series E+),Germany,Europe,656.0,6.48768401848461,4.51085950651685
Getaround,4,True,2020-03-27,2025-02-12,1783,594.3333333333334,370.0,100.0,100.0,100.0,0.21666666666666665,0.25,0.3,Transportation,Travel & Transportation,Series D,Late Stage (Series C-D),United States,North America,948.0,6.855408798609928,4.61512051684126
Getir,5,True,2022-05-25,2024-04-29,705,176.25,11.0,5900.0,1966.6666666666667,3300.0,0.125,0.125,0.14,Food,Consumer & Retail,Series E,Growth Stage (Series E+),United Kingdom,Europe,1800.0,7.496097345175956,8.682877107057168
Getta,1,False,2022-05-31,2022-05-31,0,,,30.0,30.0,30.0,,,,Transportation,Travel & Transportation,Series A,Early Venture (Series A),Israel,Middle East,49.0,3.912023005428146,3.4339872044851463
Ghost Autonomy,1,False,2024-04-03,2024-04-03,0,,,100.0,100.0,100.0,1.0,1.0,1.0,Transportation,Travel & Transportation,Series E,Growth Stage (Series E+),United States,North America,247.0,5.5134287461649825,4.61512051684126
Gigamon,1,False,2024-10-15,2024-10-15,0,,,69.0,69.0,69.0,,,,Data,Enterprise & Infrastructure,Acquired,Acquired / Subsidiary,United States,North America,23.0,3.1780538303479458,4.248495242049359
Gigbanc,1,False,2026-07-13,2026-07-13,0,,,,,,1.0,1.0,1.0,Finance,Fintech & Financial Services,Seed,Early Stage (Seed),Nigeria,Africa,1.0,0.6931471805599453,
Ginkgo Bioworks,2,True,2024-06-20,2024-06-24,4,4.0,4.0,400.0,400.0,400.0,0.35,0.35,0.35,Healthcare,Healthcare & BioTech,Post-IPO,Public (Post-IPO),United States,North America,1600.0,7.3783837129967145,5.993961427306569
GitHub,1,False,2023-02-09,2023-02-09,0,,,,,,0.1,0.1,0.1,Product,Other / Diversified,Acquired,Acquired / Subsidiary,United States,North America,350.0,5.860786223465865,
GitLab,2,True,2023-02-09,2026-06-02,1209,1209.0,1209.0,480.0,240.0,350.0,0.10500000000000001,0.10500000000000001,0.14,Product,Other / Diversified,Post-IPO,Public (Post-IPO),United States,North America,413.0,6.025865973825314,6.175867270105761
Gitpod,1,False,2023-01-24,2023-01-24,0,,,21.0,21.0,21.0,0.28,0.28,0.28,Product,Other / Diversified,Series A,Early Venture (Series A),Germany,Europe,41.0,3.7376696182833684,3.091042453358316
Give Legacy,1,False,2022-06-24,2022-06-24,0,,,,,,,,,Healthcare,Healthcare & BioTech,Series B,Expansion Stage (Series B),United States,North America,45.0,3.828641396489095,
Glamyo Health,1,False,2023-06-01,2023-06-01,0,,,160.0,160.0,160.0,,,,Healthcare,Healthcare & BioTech,Series B,Expansion Stage (Series B),India,Asia-Pacific,9.0,2.302585092994046,5.081404364984463
Glassbox,1,False,2023-05-04,2023-05-04,0,,,,,,0.14,0.14,0.14,Data,Enterprise & Infrastructure,Series C,Late Stage (Series C-D),United Kingdom,Europe,70.0,4.2626798770413155,
Glassdoor,2,True,2020-05-07,2023-03-22,1049,1049.0,1049.0,440.0,220.0,300.0,0.22499999999999998,0.22499999999999998,0.3,HR,Other / Diversified,Acquired,Acquired / Subsidiary,United States,North America,204.0,5.3230099791384085,6.089044875446846
Glean AI,1,False,2023-05-08,2023-05-08,0,,,5.0,5.0,5.0,,,,Finance,Fintech & Financial Services,Seed,Early Stage (Seed),United States,North America,11.0,2.4849066497880004,1.791759469228055
Glints,1,False,2022-12-08,2022-12-08,0,,,198.0,198.0,198.0,0.18,0.18,0.18,HR,Other / Diversified,Series D,Late Stage (Series C-D),Singapore,Asia-Pacific,82.0,4.418840607796598,5.293304824724492
Glisser,1,False,2023-01-26,2023-01-26,0,,,25.0,25.0,25.0,1.0,1.0,1.0,Travel,Travel & Transportation,Unknown,Unspecified / Private,United Kingdom,Europe,1.0,0.6931471805599453,3.258096538021482
Glitch,1,False,2020-05-21,2020-05-21,0,,,18.0,18.0,18.0,0.36,0.36,0.36,Product,Other / Diversified,Series A,Early Venture (Series A),United States,North America,30.0,3.4339872044851463,2.9444389791664403
Gloat,1,False,2023-04-20,2023-04-20,0,,,35.0,35.0,35.0,0.12,0.12,0.12,HR,Other / Diversified,Series D,Late Stage (Series C-D),United States,North America,192.0,5.262690188904886,3.58351893845611
Gloo,1,False,2026-01-29,2026-01-29,0,,,,,,,,,Consumer,Consumer & Retail,Post-IPO,Public (Post-IPO),United States,North America,152.0,5.030437921392435,
GloriFi,1,False,2022-11-21,2022-11-21,0,,,,,,1.0,1.0,1.0,Finance,Fintech & Financial Services,Unknown,Unspecified / Private,United States,North America,,,
Glossier,4,True,2020-08-07,2026-02-11,2014,671.3333333333334,188.0,299.0,74.75,150.0,0.27999999999999997,0.33,0.38,Retail,Consumer & Retail,Series E,Growth Stage (Series E+),United States,North America,266.0,5.58724865840025,5.703782474656201
Glovo,4,True,2023-01-30,2024-05-25,481,160.33333333333334,43.0,437.0,109.25,250.0,0.06,0.06,0.06,Food,Consumer & Retail,Acquired,Acquired / Subsidiary,Spain,Europe,1200.0,7.0909098220799835,6.082218910376446
Glowforge,2,True,2023-12-15,2024-02-06,53,53.0,53.0,30.0,30.0,30.0,,,,Manufacturing,Hardware & Manufacturing,Series E,Growth Stage (Series E+),United States,North America,133.0,4.897839799950911,3.4339872044851463
GoBear,1,False,2020-09-01,2020-09-01,0,,,22.0,22.0,22.0,0.11,0.11,0.11,Finance,Fintech & Financial Services,Unknown,Unspecified / Private,Singapore,Asia-Pacific,97.0,4.584967478670572,3.1354942159291497
GoBolt,1,False,2023-01-10,2023-01-10,0,,,55.0,55.0,55.0,0.05,0.05,0.05,Logistics,Travel & Transportation,Series C,Late Stage (Series C-D),Canada,North America,178.0,5.187385805840755,4.02535169073515
GoCanvas,1,False,2023-01-13,2023-01-13,0,,,,,,,,,Other,Other / Diversified,Acquired,Acquired / Subsidiary,United States,North America,21.0,3.091042453358316,
GoCardless,3,True,2020-04-24,2026-04-14,2181,1090.5,1037.0,240.0,120.0,150.0,0.17,0.17,0.17,Finance,Fintech & Financial Services,Series G,Growth Stage (Series E+),United Kingdom,Europe,529.0,6.272877006546167,5.484796933490655
GoDaddy,2,True,2020-06-24,2023-02-08,959,959.0,959.0,981.0,490.5,530.0,0.07,0.07,0.08,Marketing,Marketing & Media,Post-IPO,Public (Post-IPO),United States,North America,800.0,6.68586094706836,6.889591308354466
GoFundMe,1,False,2022-10-26,2022-10-26,0,,,94.0,94.0,94.0,0.12,0.12,0.12,Finance,Fintech & Financial Services,Series A,Early Venture (Series A),United States,North America,,,4.553876891600541
GoHealth,1,False,2022-08-09,2022-08-09,0,,,800.0,800.0,800.0,0.2,0.2,0.2,Healthcare,Healthcare & BioTech,Post-IPO,Public (Post-IPO),United States,North America,75.0,4.330733340286331,6.68586094706836
GoKwik,1,False,2026-07-11,2026-07-11,0,,,100.0,100.0,100.0,,,,Finance,Fintech & Financial Services,Unknown,Unspecified / Private,India,Asia-Pacific,68.0,4.23410650459726,4.61512051684126
GoLemon,1,False,2026-07-30,2026-07-30,0,,,33.0,33.0,33.0,1.0,1.0,1.0,Retail,Consumer & Retail,Unknown,Unspecified / Private,Nigeria,Africa,,,3.5263605246161616
GoMechanic,1,False,2023-01-17,2023-01-17,0,,,,,,0.7000000000000001,0.7000000000000001,0.7000000000000001,Transportation,Travel & Transportation,Series C,Late Stage (Series C-D),India,Asia-Pacific,54.0,4.007333185232471,
GoNuts,1,False,2022-10-27,2022-10-27,0,,,,,,1.0,1.0,1.0,Media,Marketing & Media,Seed,Early Stage (Seed),India,Asia-Pacific,,,
GoPro,4,True,2020-04-15,2026-04-07,2183,727.6666666666666,146.0,484.0,161.33333333333334,200.0,0.155,0.175,0.23,Consumer,Consumer & Retail,Post-IPO,Public (Post-IPO),United States,North America,288.0,5.666426688112432,6.184148890937483
GoSpotCheck,1,False,2020-03-26,2020-03-26,0,,,23.0,23.0,23.0,0.2,0.2,0.2,Retail,Consumer & Retail,Series B,Expansion Stage (Series B),United States,North America,47.0,3.871201010907891,3.1780538303479458
GoStudent,3,True,2022-09-08,2024-01-23,502,251.0,97.0,400.0,133.33333333333334,200.0,,,,Education,EdTech & Learning,Series D,Late Stage (Series C-D),Austria,Europe,686.0,6.532334292222349,5.993961427306569
GoTo,1,False,2024-01-23,2024-01-23,0,,,29.0,29.0,29.0,,,,Other,Other / Diversified,Acquired,Acquired / Subsidiary,United States,North America,2.0,1.0986122886681098,3.4011973816621555
GoTo Group,2,True,2022-11-10,2023-03-10,120,120.0,120.0,1900.0,950.0,1300.0,0.12,0.12,0.12,Transportation,Travel & Transportation,Post-IPO,Public (Post-IPO),Indonesia,Asia-Pacific,1300.0,7.170888478512505,7.550135342488429
GoWild,1,False,2024-10-10,2024-10-10,0,,,,,,1.0,1.0,1.0,Retail,Consumer & Retail,Seed,Early Stage (Seed),United States,North America,8.0,2.1972245773362196,
Gojek,1,False,2020-06-23,2020-06-23,0,,,430.0,430.0,430.0,0.09,0.09,0.09,Transportation,Travel & Transportation,Series F,Growth Stage (Series E+),Indonesia,Asia-Pacific,4800.0,8.476579508530941,6.066108090103747
Gokada,2,True,2022-11-14,2023-01-31,78,78.0,78.0,74.0,37.0,54.0,,,,Transportation,Travel & Transportation,Unknown,Unspecified / Private,Nigeria,Africa,12.0,2.5649493574615367,4.31748811353631
Gong,1,False,2023-02-08,2023-02-08,0,,,80.0,80.0,80.0,0.07,0.07,0.07,Sales,Professional Services,Series E,Growth Stage (Series E+),United States,North America,583.0,6.369900982828227,4.394449154672439
GoodGood,1,False,2022-11-23,2022-11-23,0,,,,,,1.0,1.0,1.0,Retail,Consumer & Retail,Seed,Early Stage (Seed),Canada,North America,6.0,1.9459101490553132,
GoodRx,1,False,2022-08-31,2022-08-31,0,,,140.0,140.0,140.0,0.16,0.16,0.16,Healthcare,Healthcare & BioTech,Post-IPO,Public (Post-IPO),United States,North America,910.0,6.814542897259958,4.948759890378168
GoodWorker,1,False,2023-03-30,2023-03-30,0,,,,,,0.9,0.9,0.9,Recruiting,Professional Services,Acquired,Acquired / Subsidiary,Singapore,Asia-Pacific,,,
Goodfood,1,False,2022-04-07,2022-04-07,0,,,70.0,70.0,70.0,,,,Food,Consumer & Retail,Post-IPO,Public (Post-IPO),Canada,North America,16.0,2.833213344056216,4.2626798770413155
Google,19,True,2023-01-20,2026-08-05,1293,71.83333333333333,1.0,13749.0,1249.909090909091,12000.0,0.06,0.06,0.06,Consumer,Consumer & Retail,Post-IPO,Public (Post-IPO),United States,North America,26.0,3.295836866004329,9.528794103094718
Goop,1,False,2024-09-06,2024-09-06,0,,,39.0,39.0,39.0,0.18,0.18,0.18,Retail,Consumer & Retail,Unknown,Unspecified / Private,United States,North America,75.0,4.330733340286331,3.6888794541139363
Gopuff,6,True,2022-01-26,2024-05-16,841,168.2,62.0,2400.0,480.0,1500.0,0.0525,0.045,0.1,Food,Consumer & Retail,Series H,Growth Stage (Series E+),United States,North America,3400.0,8.131824785007195,7.783640596221253
Gorillas,2,True,2022-05-24,2022-07-03,40,40.0,40.0,840.0,420.0,540.0,0.5,0.5,0.5,Food,Consumer & Retail,Series C,Late Stage (Series C-D),Germany,Europe,1300.0,7.170888478512505,6.734591659972948
Gousto,1,False,2022-12-31,2022-12-31,0,,,,,,0.14,0.14,0.14,Food,Consumer & Retail,Unknown,Unspecified / Private,United Kingdom,Europe,675.0,6.516193076042964,
Grab,2,True,2020-06-16,2023-06-20,1099,1099.0,1099.0,1360.0,680.0,1000.0,0.08,0.08,0.11,Transportation,Travel & Transportation,Post-IPO,Public (Post-IPO),Singapore,Asia-Pacific,16500.0,9.711176264112805,7.215975002651466
GrabCAD,1,False,2024-01-12,2024-01-12,0,,,13.0,13.0,13.0,,,,Other,Other / Diversified,Acquired,Acquired / Subsidiary,Estonia,Europe,28.0,3.367295829986474,2.6390573296152584
Grabango,2,True,2023-09-11,2024-10-09,394,394.0,394.0,34.0,34.0,34.0,0.7,0.7,1.0,Food,Consumer & Retail,Unknown,Unspecified / Private,United States,North America,94.0,4.553876891600541,3.5553480614894135
Grail,1,False,2024-08-13,2024-08-13,0,,,350.0,350.0,350.0,,,,Healthcare,Healthcare & BioTech,Post-IPO,Public (Post-IPO),United States,North America,,,5.860786223465865
Grailed,1,False,2020-04-16,2020-04-16,0,,,,,,,,,Retail,Consumer & Retail,Series A,Early Venture (Series A),United States,North America,16.0,2.833213344056216,
Grammarly,1,False,2024-02-07,2024-02-07,0,,,230.0,230.0,230.0,,,,Consumer,Consumer & Retail,Unknown,Unspecified / Private,United States,North America,400.0,5.993961427306569,5.442417710521793
Gramophone,1,False,2023-01-16,2023-01-16,0,,,75.0,75.0,75.0,,,,Food,Consumer & Retail,Series B,Expansion Stage (Series B),India,Asia-Pacific,17.0,2.8903717578961645,4.330733340286331
Graphcore,2,True,2022-09-27,2023-01-01,96,96.0,96.0,,,,,,,Hardware,Hardware & Manufacturing,Series E,Growth Stage (Series E+),China,Asia-Pacific,692.0,6.541029999189903,
Graphy,1,False,2023-10-26,2023-10-26,0,,,50.0,50.0,50.0,0.2,0.2,0.2,Education,EdTech & Learning,Subsidiary,Unspecified / Private,India,Asia-Pacific,,,3.9318256327243257
GrayMeta,1,False,2020-03-23,2020-03-23,0,,,20.0,20.0,20.0,0.4,0.4,0.4,Data,Enterprise & Infrastructure,Unknown,Unspecified / Private,United States,North America,7.0,2.0794415416798357,3.044522437723423
Green Labs,1,False,2023-02-21,2023-02-21,0,,,350.0,350.0,350.0,0.7,0.7,0.7,Food,Consumer & Retail,Series C,Late Stage (Series C-D),South Korea,Asia-Pacific,214.0,5.3706380281276624,5.860786223465865
Greenhouse,2,True,2020-04-17,2023-04-27,1105,1105.0,1105.0,220.0,110.0,120.0,0.2,0.2,0.28,Recruiting,Professional Services,Private Equity,Private Equity Owned,United States,North America,110.0,4.709530201312334,5.3981627015177525
Greenikk,1,False,2024-09-30,2024-09-30,0,,,,,,1.0,1.0,1.0,Food,Consumer & Retail,Seed,Early Stage (Seed),India,Asia-Pacific,1.0,0.6931471805599453,
Greenlight,1,False,2023-01-12,2023-01-12,0,,,104.0,104.0,104.0,0.21,0.21,0.21,Finance,Fintech & Financial Services,Series D,Late Stage (Series C-D),United States,North America,556.0,6.322565239927284,4.653960350157523
Grin,3,True,2022-11-30,2024-04-25,512,256.0,111.0,60.0,60.0,60.0,0.13,0.13,0.13,Marketing,Marketing & Media,Series B,Expansion Stage (Series B),United States,North America,145.0,4.983606621708336,4.110873864173311
Gro Intelligence,3,True,2024-02-15,2024-05-31,106,53.0,15.0,110.0,55.0,90.0,0.26666666666666666,0.1,0.6,Food,Consumer & Retail,Series B,Expansion Stage (Series B),United States,North America,118.0,4.77912349311153,4.709530201312334
GroundGame Health,1,False,2025-05-15,2025-05-15,0,,,97.0,97.0,97.0,,,,Healthcare,Healthcare & BioTech,Series A,Early Venture (Series A),United States,North America,17.0,2.8903717578961645,4.584967478670572
Group Nine Media,1,False,2020-04-07,2020-04-07,0,,,50.0,50.0,50.0,0.07,0.07,0.07,Media,Marketing & Media,Unknown,Unspecified / Private,United States,North America,190.0,5.25227342804663,3.9318256327243257
Groupon,4,True,2020-04-13,2026-05-26,2234,744.6666666666666,175.0,4200.0,1050.0,2800.0,0.27999999999999997,0.25,0.44,Retail,Consumer & Retail,Post-IPO,Public (Post-IPO),United States,North America,1400.0,7.244941546337007,8.343077871169383
Grove Collaborative,1,False,2022-03-19,2022-03-19,0,,,,,,0.17,0.17,0.17,Retail,Consumer & Retail,Series E,Growth Stage (Series E+),United States,North America,474.0,6.163314804034641,
Grover,1,False,2022-12-07,2022-12-07,0,,,40.0,40.0,40.0,0.1,0.1,0.1,Retail,Consumer & Retail,Unknown,Unspecified / Private,Germany,Europe,2300.0,7.741099090035366,3.713572066704308
Grubhub,2,True,2023-06-12,2025-02-28,627,627.0,627.0,900.0,450.0,500.0,0.19,0.19,0.23,Food,Consumer & Retail,Acquired,Acquired / Subsidiary,United States,North America,284.0,5.652489180268651,6.803505257608338
Guardant Health,1,False,2023-01-25,2023-01-25,0,,,130.0,130.0,130.0,0.07,0.07,0.07,Healthcare,Healthcare & BioTech,Post-IPO,Public (Post-IPO),United States,North America,550.0,6.311734809152915,4.875197323201151
Guesty,1,False,2026-05-13,2026-05-13,0,,,20.0,20.0,20.0,0.02,0.02,0.02,Travel,Travel & Transportation,Series F,Growth Stage (Series E+),Israel,Middle East,411.0,6.021023349349527,3.044522437723423
Guideline,1,False,2023-04-03,2023-04-03,0,,,48.0,48.0,48.0,0.11,0.11,0.11,Finance,Fintech & Financial Services,Series E,Growth Stage (Series E+),United States,North America,339.0,5.8289456176102075,3.8918202981106265
Guidewire,1,False,2022-08-11,2022-08-11,0,,,,,,0.02,0.02,0.02,Finance,Fintech & Financial Services,Post-IPO,Public (Post-IPO),United States,North America,24.0,3.2188758248682006,
Guild,2,True,2023-05-24,2024-05-22,364,364.0,364.0,472.0,236.0,300.0,0.185,0.185,0.25,Education,EdTech & Learning,Series F,Growth Stage (Series E+),United States,North America,643.0,6.467698726104354,6.159095388491933
GumGum,1,False,2020-04-20,2020-04-20,0,,,90.0,90.0,90.0,0.25,0.25,0.25,Marketing,Marketing & Media,Series D,Late Stage (Series C-D),United States,North America,58.0,4.07753744390572,4.51085950651685
GupShup,3,True,2024-12-31,2025-09-04,247,123.5,105.0,600.0,200.0,300.0,,,,Other,Other / Diversified,Series F,Growth Stage (Series E+),United States,North America,484.0,6.184148890937483,6.398594934535208
Gupy,1,False,2023-08-02,2023-08-02,0,,,58.0,58.0,58.0,0.08,0.08,0.08,HR,Other / Diversified,Series B,Expansion Stage (Series B),Brazil,Latin America,105.0,4.663439094112067,4.07753744390572
Gusto,1,False,2023-02-08,2023-02-08,0,,,126.0,126.0,126.0,0.05,0.05,0.05,HR,Other / Diversified,Series E,Growth Stage (Series E+),United States,North America,746.0,6.616065185132817,4.844187086458591
Gympass,1,False,2020-04-03,2020-04-03,0,,,467.0,467.0,467.0,0.33,0.33,0.33,Fitness,Other / Diversified,Series D,Late Stage (Series C-D),Brazil,Latin America,300.0,5.707110264748875,6.148468295917647
HOOQ,1,False,2020-03-27,2020-03-27,0,,,250.0,250.0,250.0,1.0,1.0,1.0,Consumer,Consumer & Retail,Unknown,Unspecified / Private,Singapore,Asia-Pacific,95.0,4.564348191467836,5.5254529391317835
HP,3,True,2023-02-19,2025-11-25,1010,505.0,270.0,6100.0,2033.3333333333333,4000.0,,,,Hardware,Hardware & Manufacturing,Post-IPO,Public (Post-IPO),United States,North America,4200.0,8.343077871169383,8.716207971151853
HackerEarth,1,False,2023-02-14,2023-02-14,0,,,,,,0.08,0.08,0.08,HR,Other / Diversified,Series B,Expansion Stage (Series B),United States,North America,11.0,2.4849066497880004,
HackerOne,1,False,2023-08-02,2023-08-02,0,,,,,,0.12,0.12,0.12,Security,Enterprise & Infrastructure,Series E,Growth Stage (Series E+),United States,North America,159.0,5.075173815233827,
HackerRank,1,False,2023-08-27,2023-08-27,0,,,53.0,53.0,53.0,,,,Recruiting,Professional Services,Series D,Late Stage (Series C-D),United States,North America,103.0,4.6443908991413725,3.9889840465642745
Hailo,2,True,2026-01-08,2026-06-08,151,151.0,151.0,140.0,70.0,110.0,0.3,0.3,0.5,Manufacturing,Hardware & Manufacturing,Series C,Late Stage (Series C-D),Israel,Middle East,344.0,5.84354441703136,4.948759890378168
Halcyon Health,1,False,2022-04-15,2022-04-15,0,,,,,,1.0,1.0,1.0,Healthcare,Healthcare & BioTech,Unknown,Unspecified / Private,United States,North America,2.0,1.0986122886681098,
Hale,1,False,2026-09-03,2026-09-03,0,,,,,,1.0,1.0,1.0,Healthcare,Healthcare & BioTech,Seed,Early Stage (Seed),Germany,Europe,1.0,0.6931471805599453,
Halodoc,1,False,2023-11-14,2023-11-14,0,,,,,,,,,Healthcare,Healthcare & BioTech,Series D,Late Stage (Series C-D),India,Asia-Pacific,245.0,5.5053315359323625,
Handshake,2,True,2020-05-05,2025-10-14,1988,1988.0,1988.0,100.0,100.0,100.0,0.15,0.15,0.15,Recruiting,Professional Services,Series F,Growth Stage (Series E+),United States,North America,434.0,6.075346031088684,4.61512051684126
Happay,1,False,2023-05-12,2023-05-12,0,,,160.0,160.0,160.0,0.35,0.35,0.35,Finance,Fintech & Financial Services,Acquired,Acquired / Subsidiary,India,Asia-Pacific,21.0,3.091042453358316,5.081404364984463
Happy Money,1,False,2022-11-30,2022-11-30,0,,,158.0,158.0,158.0,0.34,0.34,0.34,Finance,Fintech & Financial Services,Series D,Late Stage (Series C-D),United States,North America,191.0,5.2574953720277815,5.0689042022202315
Harappa,1,False,2023-01-03,2023-01-03,0,,,60.0,60.0,60.0,0.3,0.3,0.3,Education,EdTech & Learning,Acquired,Acquired / Subsidiary,India,Asia-Pacific,,,4.110873864173311
Hash,1,False,2022-08-01,2022-08-01,0,,,58.0,58.0,58.0,0.5,0.5,0.5,Finance,Fintech & Financial Services,Series C,Late Stage (Series C-D),Brazil,Latin America,58.0,4.07753744390572,4.07753744390572
HashiCorp,2,True,2023-01-11,2023-06-07,147,147.0,147.0,69.0,69.0,69.0,0.08,0.08,0.08,Infrastructure,Enterprise & Infrastructure,Post-IPO,Public (Post-IPO),United States,North America,349.0,5.857933154483459,4.248495242049359
Haus,1,False,2022-08-09,2022-08-09,0,,,,,,1.0,1.0,1.0,Food,Consumer & Retail,Seed,Early Stage (Seed),United States,North America,7.0,2.0794415416798357,
Haven Technologies,1,False,2023-06-01,2023-06-01,0,,,280.0,280.0,280.0,0.7,0.7,0.7,Finance,Fintech & Financial Services,Subsidiary,Unspecified / Private,United States,North America,,,5.638354669333745
Havenly,1,False,2020-07-01,2020-07-01,0,,,5.0,5.0,5.0,,,,Consumer,Consumer & Retail,Series C,Late Stage (Series C-D),United States,North America,57.8,4.074141854904581,1.791759469228055
Head Digital Works,1,False,2025-09-04,2025-09-04,0,,,500.0,500.0,500.0,,,,Consumer,Consumer & Retail,Private Equity,Private Equity Owned,India,Asia-Pacific,74.0,4.31748811353631,6.2166061010848646
Headspace,3,True,2022-12-14,2024-11-20,707,353.5,197.0,231.0,115.5,181.0,0.10666666666666667,0.13,0.15,Healthcare,Healthcare & BioTech,Unknown,Unspecified / Private,United States,North America,216.0,5.37989735354046,5.44673737166631
Health IQ,1,False,2022-12-19,2022-12-19,0,,,,,,,,,Healthcare,Healthcare & BioTech,Series D,Late Stage (Series C-D),United States,North America,136.0,4.919980925828125,
HealthMatch,1,False,2022-06-28,2022-06-28,0,,,18.0,18.0,18.0,0.5,0.5,0.5,Healthcare,Healthcare & BioTech,Series B,Expansion Stage (Series B),Australia,Asia-Pacific,20.0,3.044522437723423,2.9444389791664403
Healthcare.com,1,False,2022-08-03,2022-08-03,0,,,149.0,149.0,149.0,,,,Healthcare,Healthcare & BioTech,Series C,Late Stage (Series C-D),United States,North America,244.0,5.501258210544727,5.0106352940962555
HealthifyMe,2,True,2022-12-03,2024-04-27,511,511.0,511.0,300.0,150.0,150.0,0.27,0.27,0.27,Healthcare,Healthcare & BioTech,Series D,Late Stage (Series C-D),India,Asia-Pacific,130.0,4.875197323201151,5.707110264748875
Healthy.io,2,True,2023-05-03,2024-09-22,508,508.0,508.0,110.0,55.0,70.0,0.315,0.315,0.33,Healthcare,Healthcare & BioTech,Series D,Late Stage (Series C-D),Israel,Middle East,185.0,5.225746673713202,4.709530201312334
Hedvig,1,False,2022-09-01,2022-09-01,0,,,12.0,12.0,12.0,,,,Finance,Fintech & Financial Services,Series B,Expansion Stage (Series B),Sweden,Europe,67.0,4.219507705176107,2.5649493574615367
HelloFresh,2,True,2022-10-10,2025-03-17,889,889.0,889.0,884.0,442.0,611.0,,,,Food,Consumer & Retail,Post-IPO,Public (Post-IPO),United States,North America,367.0,5.908082938168931,6.785587645007929
Help Scout,1,False,2022-11-01,2022-11-01,0,,,,,,,,,Support,Enterprise & Infrastructure,Series B,Expansion Stage (Series B),United States,North America,28.0,3.367295829986474,
Help.com,1,False,2020-03-16,2020-03-16,0,,,16.0,16.0,16.0,1.0,1.0,1.0,Support,Enterprise & Infrastructure,Seed,Early Stage (Seed),United States,North America,6.0,1.9459101490553132,2.833213344056216
Her Campus Media,1,False,2020-06-10,2020-06-10,0,,,10.0,10.0,10.0,0.18,0.18,0.18,Media,Marketing & Media,Unknown,Unspecified / Private,United States,North America,,,2.3978952727983707
HerMD,1,False,2025-02-24,2025-02-24,0,,,,,,1.0,1.0,1.0,Healthcare,Healthcare & BioTech,Series A,Early Venture (Series A),United States,North America,28.0,3.367295829986474,
Here,1,False,2024-01-08,2024-01-08,0,,,,,,1.0,1.0,1.0,Real Estate,Real Estate & PropTech,Seed,Early Stage (Seed),United States,North America,5.0,1.791759469228055,
Heroes,1,False,2022-07-15,2022-07-15,0,,,24.0,24.0,24.0,0.2,0.2,0.2,Retail,Consumer & Retail,Unknown,Unspecified / Private,United Kingdom,Europe,265.0,5.583496308781699,3.2188758248682006
Heureka Group,1,False,2024-04-23,2024-04-23,0,,,100.0,100.0,100.0,0.16,0.16,0.16,Retail,Consumer & Retail,Acquired,Acquired / Subsidiary,Czech Republic,Other / International,,,4.61512051684126
Hewlett Packard Enterprise,2,True,2025-03-06,2025-11-05,244,244.0,244.0,2552.0,1276.0,2500.0,0.05,0.05,0.05,Hardware,Hardware & Manufacturing,Post-IPO,Public (Post-IPO),United States,North America,1400.0,7.244941546337007,7.845024417241484
HeyJobs,1,False,2025-01-15,2025-01-15,0,,,90.0,90.0,90.0,,,,Recruiting,Professional Services,Series B,Expansion Stage (Series B),Germany,Europe,62.0,4.143134726391533,4.51085950651685
Heycar,1,False,2023-01-27,2023-01-27,0,,,73.0,73.0,73.0,,,,Transportation,Travel & Transportation,Unknown,Unspecified / Private,Germany,Europe,,,4.30406509320417
Heygo,1,False,2023-04-13,2023-04-13,0,,,,,,1.0,1.0,1.0,Travel,Travel & Transportation,Series A,Early Venture (Series A),United Kingdom,Europe,20.0,3.044522437723423,
Hibob,1,False,2020-03-30,2020-03-30,0,,,70.0,70.0,70.0,0.3,0.3,0.3,HR,Other / Diversified,Series A,Early Venture (Series A),Israel,Middle East,45.0,3.828641396489095,4.2626798770413155
HighRadius,1,False,2022-11-09,2022-11-09,0,,,25.0,25.0,25.0,,,,Finance,Fintech & Financial Services,Series C,Late Stage (Series C-D),India,Asia-Pacific,475.0,6.16541785423142,3.258096538021482
Highsnobiety,2,True,2020-04-01,2023-07-03,1188,1188.0,1188.0,75.0,37.5,51.0,0.175,0.175,0.25,Media,Marketing & Media,Acquired,Acquired / Subsidiary,Germany,Europe,8.5,2.2512917986064953,4.330733340286331
Highspot,2,True,2023-02-02,2023-06-08,126,126.0,126.0,240.0,120.0,140.0,0.125,0.125,0.15,Sales,Professional Services,Series F,Growth Stage (Series E+),United States,North America,644.0,6.4692503167957724,5.484796933490655
Hijra,1,False,2023-09-07,2023-09-07,0,,,,,,,,,Finance,Fintech & Financial Services,Unknown,Unspecified / Private,Indonesia,Asia-Pacific,67.0,4.219507705176107,
Hike,2,True,2023-08-10,2025-09-13,765,765.0,765.0,55.0,55.0,55.0,1.0,1.0,1.0,Consumer,Consumer & Retail,Unknown,Unspecified / Private,India,Asia-Pacific,261.0,5.568344503761097,4.02535169073515
Hims & Hers,1,False,2025-05-30,2025-05-30,0,,,68.0,68.0,68.0,0.04,0.04,0.04,Healthcare,Healthcare & BioTech,Post-IPO,Public (Post-IPO),United States,North America,1200.0,7.0909098220799835,4.23410650459726
Hinge Health,1,False,2024-04-11,2024-04-11,0,,,,,,0.1,0.1,0.1,Healthcare,Healthcare & BioTech,Series E,Growth Stage (Series E+),United States,North America,826.0,6.717804695023691,
Hipcamp,1,False,2020-04-20,2020-04-20,0,,,,,,0.6,0.6,0.6,Travel,Travel & Transportation,Series B,Expansion Stage (Series B),United States,North America,40.5,3.7256934272366524,
Hippo Insurance,2,True,2022-08-31,2023-10-26,421,421.0,421.0,190.0,95.0,120.0,0.15000000000000002,0.15000000000000002,0.2,Finance,Fintech & Financial Services,Post-IPO,Public (Post-IPO),United States,North America,1300.0,7.170888478512505,5.25227342804663
Hirect,1,False,2022-11-28,2022-11-28,0,,,200.0,200.0,200.0,0.4,0.4,0.4,Recruiting,Professional Services,Series A,Early Venture (Series A),India,Asia-Pacific,,,5.303304908059076
Hired,1,False,2020-06-30,2020-06-30,0,,,,,,,,,Recruiting,Professional Services,Series D,Late Stage (Series C-D),United States,North America,132.0,4.890349128221754,
Hireology,1,False,2020-05-12,2020-05-12,0,,,36.0,36.0,36.0,0.17,0.17,0.17,Recruiting,Professional Services,Series D,Late Stage (Series C-D),United States,North America,52.0,3.970291913552122,3.6109179126442243
Hodinkee,1,False,2023-09-05,2023-09-05,0,,,24.0,24.0,24.0,0.2,0.2,0.2,Retail,Consumer & Retail,Seed,Early Stage (Seed),United States,North America,40.0,3.713572066704308,3.2188758248682006
Hodlnaut,1,False,2022-08-19,2022-08-19,0,,,40.0,40.0,40.0,0.8,0.8,0.8,Crypto,Fintech & Financial Services,Unknown,Unspecified / Private,Singapore,Asia-Pacific,,,3.713572066704308
Hologram,2,True,2022-06-09,2024-01-12,582,582.0,582.0,80.0,80.0,80.0,0.4,0.4,0.4,Infrastructure,Enterprise & Infrastructure,Unknown,Unspecified / Private,United States,North America,82.0,4.418840607796598,4.394449154672439
HomeLane,1,False,2023-03-06,2023-03-06,0,,,30.0,30.0,30.0,,,,Retail,Consumer & Retail,Series E,Growth Stage (Series E+),India,Asia-Pacific,116.0,4.762173934797756,3.4339872044851463
HomeLight,1,False,2022-06-29,2022-06-29,0,,,,,,0.19,0.19,0.19,Real Estate,Real Estate & PropTech,Series D,Late Stage (Series C-D),United States,North America,743.0,6.612041034833092,
Homebot,1,False,2022-12-19,2022-12-19,0,,,18.0,18.0,18.0,0.13,0.13,0.13,Real Estate,Real Estate & PropTech,Acquired,Acquired / Subsidiary,United States,North America,4.0,1.6094379124341003,2.9444389791664403
Homebound,1,False,2022-12-02,2022-12-02,0,,,,,,,,,Real Estate,Real Estate & PropTech,Unknown,Unspecified / Private,United States,North America,128.0,4.859812404361672,
Homeday,1,False,2023-09-12,2023-09-12,0,,,40.0,40.0,40.0,0.2,0.2,0.2,Real Estate,Real Estate & PropTech,Unknown,Unspecified / Private,Germany,Europe,71.0,4.276666119016055,3.713572066704308
Homepoint,1,False,2022-11-17,2022-11-17,0,,,113.0,113.0,113.0,,,,Real Estate,Real Estate & PropTech,Post-IPO,Public (Post-IPO),United States,North America,,,4.736198448394496
Hometap,1,False,2023-03-15,2023-03-15,0,,,,,,,,,Real Estate,Real Estate & PropTech,Unknown,Unspecified / Private,United States,North America,172.0,5.153291594497779,
Homeward,2,True,2022-08-10,2022-11-16,98,98.0,98.0,,,,0.225,0.225,0.25,Real Estate,Real Estate & PropTech,Unknown,Unspecified / Private,United States,North America,501.0,6.218600119691729,
Homie,4,True,2022-02-14,2024-04-19,795,265.0,165.0,159.0,79.5,119.0,0.21,0.21,0.29,Real Estate,Real Estate & PropTech,Series B,Expansion Stage (Series B),United States,North America,35.0,3.58351893845611,5.075173815233827
Homology,1,False,2023-07-28,2023-07-28,0,,,,,,,,,Healthcare,Healthcare & BioTech,Post-IPO,Public (Post-IPO),United States,North America,187.0,5.236441962829949,
Honor,1,False,2023-06-27,2023-06-27,0,,,,,,0.15,0.15,0.15,Healthcare,Healthcare & BioTech,Unknown,Unspecified / Private,United States,North America,625.0,6.439350371100098,
Hooray Foods,1,False,2023-09-17,2023-09-17,0,,,,,,1.0,1.0,1.0,Food,Consumer & Retail,Seed,Early Stage (Seed),United States,North America,7.0,2.0794415416798357,
Hootsuite,4,True,2022-08-09,2025-10-27,1175,391.6666666666667,78.0,520.0,173.33333333333334,400.0,0.155,0.135,0.3,Marketing,Marketing & Media,Series C,Late Stage (Series C-D),Canada,North America,300.0,5.707110264748875,6.255750041753367
HopSkipDrive,2,True,2020-03-13,2020-08-12,152,152.0,152.0,8.0,8.0,8.0,0.1,0.1,0.1,Transportation,Travel & Transportation,Unknown,Unspecified / Private,United States,North America,45.0,3.828641396489095,2.1972245773362196
Hopin,4,True,2022-02-10,2024-05-07,817,272.3333333333333,128.0,380.0,190.0,242.0,0.19333333333333333,0.17,0.29,Other,Other / Diversified,Series D,Late Stage (Series C-D),United Kingdom,Europe,1000.0,6.90875477931522,5.942799375126701
Hopper,3,True,2020-04-06,2024-11-22,1691,845.5,415.0,250.0,250.0,250.0,0.3,0.3,0.3,Travel,Travel & Transportation,Unknown,Unspecified / Private,Canada,North America,730.0,6.594413459749778,5.5254529391317835
Horizn Studios,1,False,2020-04-24,2020-04-24,0,,,15.0,15.0,15.0,0.25,0.25,0.25,Travel,Travel & Transportation,Series B,Expansion Stage (Series B),Germany,Europe,30.0,3.4339872044851463,2.772588722239781
Hotmart,2,True,2022-10-20,2026-07-06,1355,1355.0,1355.0,227.0,227.0,227.0,0.11,0.11,0.12,Marketing,Marketing & Media,Series C,Late Stage (Series C-D),Brazil,Latin America,127.0,4.852030263919617,5.429345628954441
Houzz,2,True,2020-04-21,2022-12-07,960,960.0,960.0,250.0,125.0,155.0,0.09,0.09,0.1,Consumer,Consumer & Retail,Series E,Growth Stage (Series E+),United States,North America,613.0,6.419994928147142,5.5254529391317835
Hoxhunt,1,False,2023-01-29,2023-01-29,0,,,,,,,,,Security,Enterprise & Infrastructure,Series B,Expansion Stage (Series B),Finland,Europe,43.0,3.784189633918261,
Huawei,2,True,2022-10-16,2026-02-15,1218,1218.0,1218.0,50.0,50.0,50.0,,,,Hardware,Hardware & Manufacturing,Unknown,Unspecified / Private,Israel,Middle East,,,3.9318256327243257
HubHaus,1,False,2020-09-11,2020-09-11,0,,,,,,1.0,1.0,1.0,Real Estate,Real Estate & PropTech,Series A,Early Venture (Series A),United States,North America,13.4,2.667228206581955,
HubSpot,2,True,2023-01-31,2024-01-24,358,358.0,358.0,500.0,500.0,500.0,0.07,0.07,0.07,Marketing,Marketing & Media,Post-IPO,Public (Post-IPO),United States,North America,100.0,4.61512051684126,6.2166061010848646
Hubba,1,False,2021-02-01,2021-02-01,0,,,45.0,45.0,45.0,1.0,1.0,1.0,Retail,Consumer & Retail,Series B,Expansion Stage (Series B),Canada,North America,61.0,4.127134385045092,3.828641396489095
Hubilo,3,True,2022-07-12,2023-10-30,475,237.5,191.0,210.0,70.0,115.0,0.235,0.235,0.35,Other,Other / Diversified,Series B,Expansion Stage (Series B),United States,North America,153.0,5.0369526024136295,5.351858133476067
HuffPo,1,False,2021-03-09,2021-03-09,0,,,47.0,47.0,47.0,,,,Media,Marketing & Media,Acquired,Acquired / Subsidiary,United States,North America,37.0,3.6375861597263857,3.871201010907891
Hugging Face,1,False,2025-02-05,2025-02-05,0,,,10.0,10.0,10.0,0.04,0.04,0.04,AI,Other / Diversified,Series D,Late Stage (Series C-D),United States,North America,395.0,5.981414211254481,2.3978952727983707
Hulu,1,False,2023-03-30,2023-03-30,0,,,200.0,200.0,200.0,,,,Media,Marketing & Media,Acquired,Acquired / Subsidiary,China,Asia-Pacific,683.0,6.52795791762255,5.303304908059076
Huma,1,False,2023-08-30,2023-08-30,0,,,45.0,45.0,45.0,0.1,0.1,0.1,Healthcare,Healthcare & BioTech,Unknown,Unspecified / Private,United Kingdom,Europe,217.0,5.384495062789089,3.828641396489095
HumanForest,1,False,2020-09-25,2020-09-25,0,,,,,,,,,Transportation,Travel & Transportation,Private Equity,Private Equity Owned,United Kingdom,Europe,1.54,0.9321640810304452,
Humane,1,False,2024-01-09,2024-01-09,0,,,10.0,10.0,10.0,0.04,0.04,0.04,Hardware,Hardware & Manufacturing,Series C,Late Stage (Series C-D),United States,North America,230.0,5.442417710521793,2.3978952727983707
Humble,1,False,2022-04-15,2022-04-15,0,,,10.0,10.0,10.0,,,,Media,Marketing & Media,Acquired,Acquired / Subsidiary,United States,North America,4.0,1.6094379124341003,2.3978952727983707
Humble Games,1,False,2024-07-23,2024-07-23,0,,,36.0,36.0,36.0,1.0,1.0,1.0,Media,Marketing & Media,Acquired,Acquired / Subsidiary,United States,North America,4.0,1.6094379124341003,3.6109179126442243
Humu,1,False,2020-04-02,2020-04-02,0,,,26.0,26.0,26.0,,,,HR,Other / Diversified,Series B,Expansion Stage (Series B),United States,North America,40.0,3.713572066704308,3.295836866004329
Hunty,1,False,2022-06-14,2022-06-14,0,,,30.0,30.0,30.0,,,,HR,Other / Diversified,Seed,Early Stage (Seed),Colombia,Latin America,6.0,1.9459101490553132,3.4339872044851463
Huobi,2,True,2022-06-28,2023-01-06,192,192.0,192.0,575.0,287.5,300.0,0.25,0.25,0.3,Crypto,Fintech & Financial Services,Unknown,Unspecified / Private,China,Asia-Pacific,2.0,1.0986122886681098,6.3561076606958915
Huuuge Games,1,False,2023-03-20,2023-03-20,0,,,,,,0.1,0.1,0.1,Consumer,Consumer & Retail,Series C,Late Stage (Series C-D),Poland,Other / International,57.0,4.060443010546419,
Hydrow,2,True,2022-07-18,2023-01-19,185,185.0,185.0,30.0,30.0,30.0,0.35,0.35,0.35,Fitness,Other / Diversified,Series D,Late Stage (Series C-D),United States,North America,269.0,5.598421958998375,3.4339872044851463
Hyland Software,1,False,2023-04-03,2023-04-03,0,,,1000.0,1000.0,1000.0,0.2,0.2,0.2,Other,Other / Diversified,Acquired,Acquired / Subsidiary,United States,North America,,,6.90875477931522
Hypefast,1,False,2023-08-22,2023-08-22,0,,,,,,0.3,0.3,0.3,Retail,Consumer & Retail,Series A,Early Venture (Series A),Indonesia,Asia-Pacific,33.0,3.5263605246161616,
Hyperloop One,1,False,2023-12-21,2023-12-21,0,,,,,,1.0,1.0,1.0,Transportation,Travel & Transportation,Unknown,Unspecified / Private,United States,North America,368.0,5.910796644040527,
Hyperscience,1,False,2022-03-03,2022-03-03,0,,,100.0,100.0,100.0,0.25,0.25,0.25,Data,Enterprise & Infrastructure,Series E,Growth Stage (Series E+),United States,North America,289.0,5.66988092298052,4.61512051684126
IAC,2,True,2024-01-10,2026-04-08,819,819.0,819.0,407.0,203.5,330.0,0.02,0.02,0.02,Consumer,Consumer & Retail,Post-IPO,Public (Post-IPO),United States,North America,,,6.0112671744041615
IAM Robotics,1,False,2023-01-19,2023-01-19,0,,,,,,,,,Hardware,Hardware & Manufacturing,Unknown,Unspecified / Private,United States,North America,21.0,3.091042453358316,
IBM,5,True,2023-01-25,2024-09-18,602,150.5,23.0,4900.0,2450.0,3900.0,0.02,0.02,0.02,Hardware,Hardware & Manufacturing,Post-IPO,Public (Post-IPO),United States,North America,,,8.497194544909547
ICANN,1,False,2024-05-30,2024-05-30,0,,,33.0,33.0,33.0,0.07,0.07,0.07,Infrastructure,Enterprise & Infrastructure,Unknown,Unspecified / Private,United States,North America,,,3.5263605246161616
ID.me,1,False,2022-06-07,2022-06-07,0,,,130.0,130.0,130.0,,,,Security,Enterprise & Infrastructure,Unknown,Unspecified / Private,United States,North America,275.0,5.62040086571715,4.875197323201151
IRL,2,True,2022-06-02,2023-06-23,386,386.0,386.0,25.0,25.0,25.0,0.625,0.625,1.0,Consumer,Consumer & Retail,Series C,Late Stage (Series C-D),United States,North America,197.0,5.288267030694535,3.258096538021482
Ibotta,2,True,2020-04-07,2025-02-22,1782,1782.0,1782.0,157.0,78.5,87.0,0.11499999999999999,0.11499999999999999,0.15,Retail,Consumer & Retail,Post-IPO,Public (Post-IPO),United States,North America,93.0,4.543294782270004,5.062595033026967
Icertis,1,False,2023-01-19,2023-01-19,0,,,,,,,,,Legal,Professional Services,Unknown,Unspecified / Private,United States,North America,521.0,6.257667587882639,
Icon,2,True,2023-01-24,2025-01-09,716,716.0,716.0,114.0,114.0,114.0,,,,Construction,Other / Diversified,Series B,Expansion Stage (Series B),United States,North America,451.0,6.113682179832232,4.74493212836325
Identiq,1,False,2024-04-01,2024-04-01,0,,,20.0,20.0,20.0,0.44,0.44,0.44,Security,Enterprise & Infrastructure,Series A,Early Venture (Series A),Israel,Middle East,52.0,3.970291913552122,3.044522437723423
Ideoclick,1,False,2022-05-04,2022-05-04,0,,,40.0,40.0,40.0,,,,Retail,Consumer & Retail,Series A,Early Venture (Series A),United States,North America,7.0,2.0794415416798357,3.713572066704308
Iflix,1,False,2020-04-04,2020-04-04,0,,,50.0,50.0,50.0,0.12,0.12,0.12,Consumer,Consumer & Retail,Unknown,Unspecified / Private,Malaysia,Asia-Pacific,348.0,5.855071922202427,3.9318256327243257
Igenous,1,False,2020-11-17,2020-11-17,0,,,,,,,,,Data,Enterprise & Infrastructure,Series C,Late Stage (Series C-D),United States,North America,67.0,4.219507705176107,
Ignite,1,False,2022-07-11,2022-07-11,0,,,,,,0.5,0.5,0.5,Crypto,Fintech & Financial Services,Series A,Early Venture (Series A),United States,North America,9.0,2.302585092994046,
Ignition,1,False,2023-01-16,2023-01-16,0,,,,,,0.1,0.1,0.1,Finance,Fintech & Financial Services,Series C,Late Stage (Series C-D),Australia,Asia-Pacific,74.0,4.31748811353631,
Ike,1,False,2020-04-22,2020-04-22,0,,,10.0,10.0,10.0,0.14,0.14,0.14,Transportation,Travel & Transportation,Series A,Early Venture (Series A),United States,North America,52.0,3.970291913552122,2.3978952727983707
Illumina,4,True,2022-11-14,2024-02-01,444,148.0,57.0,762.0,254.0,500.0,0.05,0.05,0.05,Healthcare,Healthcare & BioTech,Post-IPO,Public (Post-IPO),United States,North America,28.0,3.367295829986474,6.637258031284457
Immersive Labs,1,False,2022-08-30,2022-08-30,0,,,38.0,38.0,38.0,0.1,0.1,0.1,Security,Enterprise & Infrastructure,Series C,Late Stage (Series C-D),United Kingdom,Europe,123.0,4.820281565605037,3.6635616461296463
Immutable,2,True,2022-07-26,2023-02-22,211,211.0,211.0,20.0,20.0,20.0,0.08499999999999999,0.08499999999999999,0.11,Crypto,Fintech & Financial Services,Series C,Late Stage (Series C-D),Australia,Asia-Pacific,279.0,5.634789603169249,3.044522437723423
Impact.com,2,True,2022-08-25,2024-02-05,529,529.0,529.0,40.0,40.0,40.0,0.065,0.065,0.1,Sales,Professional Services,Private Equity,Private Equity Owned,United States,North America,361.0,5.8916442118257715,3.713572066704308
Impala,1,False,2022-06-01,2022-06-01,0,,,30.0,30.0,30.0,0.35,0.35,0.35,Travel,Travel & Transportation,Series B,Expansion Stage (Series B),United Kingdom,Europe,32.0,3.4965075614664802,3.4339872044851463
Imperfect Foods,2,True,2021-09-22,2022-07-29,310,310.0,310.0,50.0,50.0,50.0,,,,Food,Consumer & Retail,Series D,Late Stage (Series C-D),United States,North America,229.0,5.438079308923196,3.9318256327243257
Impinj,1,False,2024-02-13,2024-02-13,0,,,50.0,50.0,50.0,0.1,0.1,0.1,Other,Other / Diversified,Post-IPO,Public (Post-IPO),United States,North America,137.0,4.927253685157205,3.9318256327243257
Impossible Foods,2,True,2022-10-06,2023-01-30,116,116.0,116.0,190.0,95.0,140.0,0.13,0.13,0.2,Food,Consumer & Retail,Series H,Growth Stage (Series E+),United States,North America,1900.0,7.550135342488429,5.25227342804663
Improbable,1,False,2022-12-16,2022-12-16,0,,,,,,0.1,0.1,0.1,Other,Other / Diversified,Unknown,Unspecified / Private,United Kingdom,Europe,704.0,6.558197802812269,
InDebted,1,False,2022-07-26,2022-07-26,0,,,40.0,40.0,40.0,0.17,0.17,0.17,Finance,Fintech & Financial Services,Series B,Expansion Stage (Series B),Australia,Asia-Pacific,41.0,3.7376696182833684,3.713572066704308
InSightec,1,False,2023-12-19,2023-12-19,0,,,100.0,100.0,100.0,0.2,0.2,0.2,Healthcare,Healthcare & BioTech,Unknown,Unspecified / Private,Israel,Middle East,733.0,6.598509028614515,4.61512051684126
InVision,4,True,2020-08-14,2024-01-04,1238,412.6666666666667,289.0,22.0,22.0,22.0,0.75,0.75,1.0,Product,Other / Diversified,Series F,Growth Stage (Series E+),United States,North America,356.0,5.877735781779639,3.1354942159291497
Inbound Health,1,False,2025-12-01,2025-12-01,0,,,,,,1.0,1.0,1.0,Healthcare,Healthcare & BioTech,Series B,Expansion Stage (Series B),United States,North America,50.0,3.9318256327243257,
Included Health,1,False,2022-07-25,2022-07-25,0,,,,,,0.06,0.06,0.06,Healthcare,Healthcare & BioTech,Series E,Growth Stage (Series E+),United States,North America,272.0,5.60947179518496,
Incredible Health,1,False,2020-04-01,2020-04-01,0,,,9.0,9.0,9.0,0.4,0.4,0.4,Healthcare,Healthcare & BioTech,Series A,Early Venture (Series A),United States,North America,15.0,2.772588722239781,2.302585092994046
Incredibuild,2,True,2023-12-05,2024-11-04,335,335.0,335.0,58.0,29.0,40.0,0.155,0.155,0.2,Product,Other / Diversified,Acquired,Acquired / Subsidiary,Israel,Middle East,35.0,3.58351893845611,4.07753744390572
Increff,1,False,2023-08-01,2023-08-01,0,,,,,,0.2,0.2,0.2,Retail,Consumer & Retail,Series B,Expansion Stage (Series B),India,Asia-Pacific,17.0,2.8903717578961645,
Indeed,3,True,2023-03-22,2025-11-05,959,479.5,418.0,3200.0,1600.0,2200.0,0.11499999999999999,0.11499999999999999,0.15,HR,Other / Diversified,Acquired,Acquired / Subsidiary,United States,North America,5.0,1.791759469228055,8.071218539969863
Indeed + Glassdoor,1,False,2025-07-10,2025-07-10,0,,,1300.0,1300.0,1300.0,,,,HR,Other / Diversified,Acquired,Acquired / Subsidiary,United States,North America,5.0,1.791759469228055,7.170888478512505
Indigo,4,True,2021-02-09,2024-02-01,1087,362.3333333333333,151.0,80.0,80.0,80.0,,,,Other,Other / Diversified,Series F,Growth Stage (Series E+),United States,North America,1200.0,7.0909098220799835,4.394449154672439
Industrious,1,False,2020-04-02,2020-04-02,0,,,90.0,90.0,90.0,0.2,0.2,0.2,Real Estate,Real Estate & PropTech,Series D,Late Stage (Series C-D),United States,North America,222.0,5.407171771460119,4.51085950651685
Infarm,2,True,2022-09-14,2022-11-28,75,75.0,75.0,550.0,275.0,500.0,0.275,0.275,0.5,Other,Other / Diversified,Series D,Late Stage (Series C-D),Germany,Europe,604.0,6.405228458030842,6.311734809152915
Infineon,2,True,2024-08-05,2026-08-06,731,731.0,731.0,1498.0,749.0,1400.0,,,,Manufacturing,Hardware & Manufacturing,Post-IPO,Public (Post-IPO),Germany,Europe,1500.0,7.313886831633462,7.312553498102598
Influitive,1,False,2020-04-17,2020-04-17,0,,,,,,,,,Marketing,Marketing & Media,Unknown,Unspecified / Private,Canada,North America,59.0,4.0943445622221,
InfluxData,1,False,2022-11-10,2022-11-10,0,,,65.0,65.0,65.0,0.27,0.27,0.27,Data,Enterprise & Infrastructure,Series D,Late Stage (Series C-D),United States,North America,119.0,4.787491742782046,4.189654742026425
InfoSum,1,False,2022-10-19,2022-10-19,0,,,20.0,20.0,20.0,0.12,0.12,0.12,Security,Enterprise & Infrastructure,Series B,Expansion Stage (Series B),United Kingdom,Europe,88.0,4.48863636973214,3.044522437723423
Infogrid,1,False,2022-11-16,2022-11-16,0,,,,,,,,,Other,Other / Diversified,Series A,Early Venture (Series A),United Kingdom,Europe,15.0,2.772588722239781,
Informatica,3,True,2023-01-10,2026-01-15,1101,550.5,295.0,1030.0,343.3333333333333,545.0,0.085,0.085,0.1,Data,Enterprise & Infrastructure,Post-IPO,Public (Post-IPO),United States,North America,,,6.93828448401696
Inmobi,2,True,2023-01-23,2024-01-11,353,353.0,353.0,175.0,87.5,125.0,0.05,0.05,0.05,Marketing,Marketing & Media,Unknown,Unspecified / Private,India,Asia-Pacific,320.0,5.771441123130016,5.170483995038151
Innovaccer,3,True,2022-09-01,2026-05-14,1351,675.5,145.0,675.0,225.0,340.0,0.11499999999999999,0.11499999999999999,0.15,Healthcare,Healthcare & BioTech,Series E,Growth Stage (Series E+),United States,North America,379.0,5.940171252720432,6.516193076042964
Innovid,1,False,2023-01-23,2023-01-23,0,,,40.0,40.0,40.0,0.1,0.1,0.1,Marketing,Marketing & Media,Post-IPO,Public (Post-IPO),United States,North America,295.0,5.69035945432406,3.713572066704308
Innoviz,2,True,2024-01-31,2025-02-04,370,370.0,370.0,100.0,50.0,60.0,0.11,0.11,0.13,Transportation,Travel & Transportation,Post-IPO,Public (Post-IPO),Israel,Middle East,547.0,6.306275286948016,4.61512051684126
Inscribe,1,False,2024-03-08,2024-03-08,0,,,,,,0.4,0.4,0.4,Finance,Fintech & Financial Services,Series B,Expansion Stage (Series B),United States,North America,39.0,3.6888794541139363,
Inscripta,1,False,2022-12-08,2022-12-08,0,,,43.0,43.0,43.0,,,,Healthcare,Healthcare & BioTech,Series E,Growth Stage (Series E+),United States,North America,459.0,6.131226489483141,3.784189633918261
Insider,1,False,2023-04-20,2023-04-20,0,,,,,,0.1,0.1,0.1,Media,Marketing & Media,Unknown,Unspecified / Private,United States,North America,,,
Insider Intelligence,1,False,2023-06-29,2023-06-29,0,,,20.0,20.0,20.0,,,,Media,Marketing & Media,Subsidiary,Unspecified / Private,United States,North America,,,3.044522437723423
Inspectify,1,False,2022-11-28,2022-11-28,0,,,,,,,,,Real Estate,Real Estate & PropTech,Series A,Early Venture (Series A),United States,North America,11.0,2.4849066497880004,
Inspirato,3,True,2020-03-16,2023-07-19,1220,610.0,182.0,289.0,96.33333333333333,130.0,0.13333333333333333,0.12,0.22,Travel,Travel & Transportation,Post-IPO,Public (Post-IPO),United States,North America,179.0,5.19295685089021,5.66988092298052
Instacart,3,True,2021-01-21,2024-02-13,1118,559.0,507.0,2127.0,1063.5,1877.0,0.07,0.07,0.07,Food,Consumer & Retail,Post-IPO,Public (Post-IPO),United States,North America,2900.0,7.972810784121404,7.662937850461535
Instagram,1,False,2024-01-10,2024-01-10,0,,,60.0,60.0,60.0,,,,Consumer,Consumer & Retail,Acquired,Acquired / Subsidiary,United States,North America,57.0,4.060443010546419,4.110873864173311
Instamojo,1,False,2020-04-02,2020-04-02,0,,,6.0,6.0,6.0,0.06,0.06,0.06,Finance,Fintech & Financial Services,Unknown,Unspecified / Private,India,Asia-Pacific,8.0,2.1972245773362196,1.9459101490553132
Instructure,1,False,2020-05-27,2020-05-27,0,,,150.0,150.0,150.0,0.12,0.12,0.12,Education,EdTech & Learning,Acquired,Acquired / Subsidiary,United States,North America,89.0,4.499809670330265,5.017279836814924
InsurStaq.ai,1,False,2024-09-09,2024-09-09,0,,,,,,1.0,1.0,1.0,AI,Other / Diversified,Seed,Early Stage (Seed),India,Asia-Pacific,,,
Intapp,1,False,2020-05-18,2020-05-18,0,,,45.0,45.0,45.0,0.05,0.05,0.05,Legal,Professional Services,Private Equity,Private Equity Owned,United States,North America,,,3.828641396489095
Integral Ad Science,2,True,2020-05-14,2022-12-07,937,937.0,937.0,190.0,95.0,120.0,0.115,0.115,0.13,Marketing,Marketing & Media,Acquired,Acquired / Subsidiary,United States,North America,116.0,4.762173934797756,5.25227342804663
Integrate,1,False,2023-01-07,2023-01-07,0,,,,,,,,,Marketing,Marketing & Media,Acquired,Acquired / Subsidiary,United States,North America,80.0,4.394449154672439,
Integrate.ai,1,False,2020-06-09,2020-06-09,0,,,26.0,26.0,26.0,,,,Support,Enterprise & Infrastructure,Unknown,Unspecified / Private,Canada,North America,39.6,3.703768066607687,3.295836866004329
Intel,12,True,2022-12-06,2026-07-20,1322,120.18181818181819,7.0,43115.0,4790.555555555556,22000.0,0.175,0.175,0.2,Hardware,Hardware & Manufacturing,Post-IPO,Public (Post-IPO),United States,North America,12.0,2.5649493574615367,10.67164943690152
IntelyCare,1,False,2023-07-10,2023-07-10,0,,,,,,,,,Healthcare,Healthcare & BioTech,Series C,Late Stage (Series C-D),United States,North America,171.0,5.147494476813453,
Intercom,3,True,2020-05-20,2022-11-14,908,454.0,68.0,212.0,70.66666666666667,124.0,0.08,0.06,0.13,Support,Enterprise & Infrastructure,Series D,Late Stage (Series C-D),United States,North America,240.0,5.484796933490655,5.3612921657094255
Intersect,1,False,2020-05-13,2020-05-13,0,,,19.0,19.0,19.0,0.11,0.11,0.11,Product,Other / Diversified,Acquired,Acquired / Subsidiary,Canada,North America,,,2.995732273553991
Interview Kickstart,1,False,2026-05-29,2026-05-29,0,,,50.0,50.0,50.0,,,,Education,EdTech & Learning,Unknown,Unspecified / Private,United States,North America,10.0,2.3978952727983707,3.9318256327243257
Intrinsic,1,False,2023-01-11,2023-01-11,0,,,40.0,40.0,40.0,0.2,0.2,0.2,Other,Other / Diversified,Acquired,Acquired / Subsidiary,United States,North America,,,3.713572066704308
Introhive,1,False,2022-07-20,2022-07-20,0,,,57.0,57.0,57.0,0.16,0.16,0.16,Sales,Professional Services,Series C,Late Stage (Series C-D),Canada,North America,125.0,4.836281906951478,4.060443010546419
Intuit,3,True,2020-06-22,2026-05-20,2158,1079.0,679.0,5515.0,1838.3333333333333,3000.0,0.11333333333333334,0.1,0.17,Finance,Fintech & Financial Services,Post-IPO,Public (Post-IPO),United States,North America,18.0,2.9444389791664403,8.615408238913192
Inuitive,1,False,2024-08-15,2024-08-15,0,,,16.0,16.0,16.0,0.2,0.2,0.2,Manufacturing,Hardware & Manufacturing,Unknown,Unspecified / Private,Israel,Middle East,23.0,3.1780538303479458,2.833213344056216
InvestCloud,2,True,2023-10-06,2026-03-10,886,886.0,886.0,230.0,115.0,150.0,0.05,0.05,0.05,Finance,Fintech & Financial Services,Private Equity,Private Equity Owned,United States,North America,54.0,4.007333185232471,5.442417710521793
Invitae,2,True,2022-07-19,2023-12-13,512,512.0,512.0,1235.0,617.5,1000.0,0.15,0.15,0.15,Healthcare,Healthcare & BioTech,Post-IPO,Public (Post-IPO),United States,North America,2500.0,7.824445930877619,7.119635638017636
Involves,1,False,2022-07-13,2022-07-13,0,,,70.0,70.0,70.0,0.18,0.18,0.18,Retail,Consumer & Retail,Unknown,Unspecified / Private,Brazil,Latin America,23.0,3.1780538303479458,4.2626798770413155
Iress,1,False,2023-04-20,2023-04-20,0,,,,,,0.1,0.1,0.1,Finance,Fintech & Financial Services,Unknown,Unspecified / Private,Australia,Asia-Pacific,,,
Iris Nova,1,False,2020-03-30,2020-03-30,0,,,9.0,9.0,9.0,0.5,0.5,0.5,Food,Consumer & Retail,Seed,Early Stage (Seed),United States,North America,15.0,2.772588722239781,2.302585092994046
Iron Ox,1,False,2022-11-02,2022-11-02,0,,,50.0,50.0,50.0,0.5,0.5,0.5,Food,Consumer & Retail,Series C,Late Stage (Series C-D),United States,North America,103.0,4.6443908991413725,3.9318256327243257
IronNet,3,True,2022-06-22,2023-10-02,467,233.5,0.0,145.0,72.5,90.0,0.5066666666666667,0.35,1.0,Security,Enterprise & Infrastructure,Post-IPO,Public (Post-IPO),United States,North America,428.0,6.061456918928017,4.983606621708336
JD.ID,1,False,2022-12-14,2022-12-14,0,,,200.0,200.0,200.0,0.3,0.3,0.3,Retail,Consumer & Retail,Post-IPO,Public (Post-IPO),Indonesia,Asia-Pacific,5100.0,8.537191877922927,5.303304908059076
JOIN,1,False,2023-08-23,2023-08-23,0,,,,,,,,,Recruiting,Professional Services,Unknown,Unspecified / Private,Germany,Europe,,,
JOKR,1,False,2022-06-16,2022-06-16,0,,,50.0,50.0,50.0,0.05,0.05,0.05,Food,Consumer & Retail,Series B,Expansion Stage (Series B),United States,North America,430.0,6.066108090103747,3.9318256327243257
Jam City,2,True,2022-08-04,2024-08-05,732,732.0,732.0,285.0,142.5,200.0,0.135,0.135,0.17,Consumer,Consumer & Retail,Unknown,Unspecified / Private,United States,North America,652.0,6.481577129276431,5.655991810819852
Jama,1,False,2020-03-25,2020-03-25,0,,,12.0,12.0,12.0,0.05,0.05,0.05,Product,Other / Diversified,Unknown,Unspecified / Private,United States,North America,233.0,5.455321115357702,2.5649493574615367
Jamf,2,True,2024-01-25,2025-07-15,537,537.0,537.0,166.0,166.0,166.0,0.06,0.06,0.06,Other,Other / Diversified,Post-IPO,Public (Post-IPO),United States,North America,332.0,5.808142489980444,5.117993812416755
Jane,1,False,2023-11-17,2023-11-17,0,,,,,,1.0,1.0,1.0,Retail,Consumer & Retail,Series A,Early Venture (Series A),United States,North America,40.0,3.713572066704308,
Jasper,1,False,2023-07-11,2023-07-11,0,,,,,,,,,AI,Other / Diversified,Series A,Early Venture (Series A),Canada,North America,131.0,4.882801922586371,
Jasper Health,1,False,2024-05-31,2024-05-31,0,,,,,,,,,Healthcare,Healthcare & BioTech,Series A,Early Venture (Series A),United States,North America,32.0,3.4965075614664802,
Jellyfish,1,False,2023-01-13,2023-01-13,0,,,,,,0.09,0.09,0.09,Product,Other / Diversified,Series C,Late Stage (Series C-D),United States,North America,114.0,4.74493212836325,
Jellysmack,6,True,2022-06-09,2024-10-21,865,173.0,39.0,273.0,68.25,208.0,0.08,0.08,0.08,Media,Marketing & Media,Series C,Late Stage (Series C-D),France,Europe,22.0,3.1354942159291497,5.6131281063880705
JetClosing,2,True,2020-04-27,2022-06-15,779,779.0,779.0,20.0,20.0,20.0,0.6,0.6,1.0,Real Estate,Real Estate & PropTech,Series B,Expansion Stage (Series B),United States,North America,44.0,3.8066624897703196,3.044522437723423
Jetty,1,False,2020-04-03,2020-04-03,0,,,35.0,35.0,35.0,0.4,0.4,0.4,Finance,Fintech & Financial Services,Series B,Expansion Stage (Series B),United States,North America,40.0,3.713572066704308,3.58351893845611
Jimdo,1,False,2022-11-15,2022-11-15,0,,,50.0,50.0,50.0,0.16,0.16,0.16,Other,Other / Diversified,Unknown,Unspecified / Private,Germany,Europe,28.0,3.367295829986474,3.9318256327243257
Jiobit,1,False,2020-04-24,2020-04-24,0,,,6.0,6.0,6.0,0.21,0.21,0.21,Consumer,Consumer & Retail,Unknown,Unspecified / Private,United States,North America,12.0,2.5649493574615367,1.9459101490553132
JiviAI,1,False,2026-06-26,2026-06-26,0,,,,,,1.0,1.0,1.0,Healthcare,Healthcare & BioTech,Seed,Early Stage (Seed),India,Asia-Pacific,,,
Jobcase,1,False,2020-04-02,2020-04-02,0,,,39.0,39.0,39.0,0.2,0.2,0.2,Recruiting,Professional Services,Private Equity,Private Equity Owned,United States,North America,118.0,4.77912349311153,3.6888794541139363
Jodo,1,False,2023-11-20,2023-11-20,0,,,100.0,100.0,100.0,,,,Finance,Fintech & Financial Services,Series A,Early Venture (Series A),India,Asia-Pacific,19.0,2.995732273553991,4.61512051684126
Joonko,2,True,2023-06-25,2024-05-19,329,329.0,329.0,,,,1.0,1.0,1.0,HR,Other / Diversified,Series B,Expansion Stage (Series B),United States,North America,38.0,3.6635616461296463,
Jounce Therapeutics,1,False,2023-02-22,2023-02-22,0,,,,,,0.57,0.57,0.57,Healthcare,Healthcare & BioTech,Acquired,Acquired / Subsidiary,United States,North America,194.0,5.272999558563747,
Journera,1,False,2024-02-08,2024-02-08,0,,,,,,1.0,1.0,1.0,Travel,Travel & Transportation,Series B,Expansion Stage (Series B),United States,North America,31.0,3.4657359027997265,
Jumia,2,True,2022-11-21,2026-05-13,1269,1269.0,1269.0,1100.0,550.0,900.0,0.2,0.2,0.2,Retail,Consumer & Retail,Post-IPO,Public (Post-IPO),Nigeria,Africa,1200.0,7.0909098220799835,7.00397413672268
Jumio,1,False,2023-01-11,2023-01-11,0,,,100.0,100.0,100.0,0.06,0.06,0.06,Security,Enterprise & Infrastructure,Private Equity,Private Equity Owned,United States,North America,205.0,5.327876168789581,4.61512051684126
Jump,1,False,2020-05-07,2020-05-07,0,,,500.0,500.0,500.0,1.0,1.0,1.0,Transportation,Travel & Transportation,Acquired,Acquired / Subsidiary,United States,North America,11.0,2.4849066497880004,6.2166061010848646
Jumpcloud,1,False,2023-01-18,2023-01-18,0,,,100.0,100.0,100.0,0.12,0.12,0.12,Security,Enterprise & Infrastructure,Series F,Growth Stage (Series E+),United States,North America,416.0,6.0330862217988015,4.61512051684126
Jungle Scout,1,False,2023-12-09,2023-12-09,0,,,,,,,,,Retail,Consumer & Retail,Private Equity,Private Equity Owned,United States,North America,110.0,4.709530201312334,
Junglee Games,1,False,2025-11-26,2025-11-26,0,,,350.0,350.0,350.0,,,,Consumer,Consumer & Retail,Seed,Early Stage (Seed),India,Asia-Pacific,3.0,1.3862943611198906,5.860786223465865
Juni,1,False,2022-11-17,2022-11-17,0,,,72.0,72.0,72.0,0.33,0.33,0.33,Finance,Fintech & Financial Services,Unknown,Unspecified / Private,Sweden,Europe,281.0,5.641907070938114,4.290459441148391
Juniper,1,False,2022-11-11,2022-11-11,0,,,,,,,,,Marketing,Marketing & Media,Acquired,Acquired / Subsidiary,United States,North America,,,
Juniper Networks,1,False,2023-10-06,2023-10-06,0,,,440.0,440.0,440.0,0.04,0.04,0.04,Hardware,Hardware & Manufacturing,Post-IPO,Public (Post-IPO),United States,North America,39.0,3.6888794541139363,6.089044875446846
Juniper Square,1,False,2022-09-06,2022-09-06,0,,,,,,0.14,0.14,0.14,Real Estate,Real Estate & PropTech,Series C,Late Stage (Series C-D),United States,North America,108.0,4.6913478822291435,
JupiterOne,1,False,2023-06-13,2023-06-13,0,,,8.0,8.0,8.0,,,,Security,Enterprise & Infrastructure,Series C,Late Stage (Series C-D),United States,North America,119.0,4.787491742782046,2.1972245773362196
Just Eat,3,True,2023-03-21,2025-09-25,919,459.5,322.0,2450.0,816.6666666666666,1700.0,0.035,0.035,0.05,Food,Consumer & Retail,Acquired,Acquired / Subsidiary,Netherlands,Europe,129.0,4.867534450455582,7.804251383528112
Just Eat Takeaway,1,False,2022-07-20,2022-07-20,0,,,390.0,390.0,390.0,,,,Food,Consumer & Retail,Post-IPO,Public (Post-IPO),Netherlands,Europe,2800.0,7.937731775260109,5.968707559985366
Justworks,1,False,2025-02-10,2025-02-10,0,,,200.0,200.0,200.0,,,,HR,Other / Diversified,Unknown,Unspecified / Private,United States,North America,160.0,5.081404364984463,5.303304908059076
Juul,2,True,2020-05-05,2022-11-10,919,919.0,919.0,1300.0,650.0,900.0,0.3,0.3,0.3,Consumer,Consumer & Retail,Unknown,Unspecified / Private,United States,North America,1500.0,7.313886831633462,7.170888478512505
Kabam,2,True,2022-11-09,2023-05-25,197,197.0,197.0,35.0,35.0,35.0,0.095,0.095,0.12,Consumer,Consumer & Retail,Acquired,Acquired / Subsidiary,United States,North America,244.0,5.501258210544727,3.58351893845611
Kaiyo,1,False,2024-08-21,2024-08-21,0,,,,,,1.0,1.0,1.0,Retail,Consumer & Retail,Series B,Expansion Stage (Series B),United States,North America,43.0,3.784189633918261,
Kaleidoscope,1,False,2023-03-14,2023-03-14,0,,,15.0,15.0,15.0,0.3,0.3,0.3,Finance,Fintech & Financial Services,Series A,Early Venture (Series A),United States,North America,16.0,2.833213344056216,2.772588722239781
Kaltura,3,True,2022-08-09,2025-08-07,1094,547.0,148.0,145.0,72.5,75.0,0.10333333333333335,0.1,0.11,Media,Marketing & Media,Post-IPO,Public (Post-IPO),United States,North America,166.0,5.117993812416755,4.983606621708336
Kandela,1,False,2023-03-02,2023-03-02,0,,,,,,1.0,1.0,1.0,Consumer,Consumer & Retail,Acquired,Acquired / Subsidiary,United States,North America,,,
Kandji,2,True,2022-11-17,2024-02-09,449,449.0,449.0,,,,0.17,0.17,0.17,Other,Other / Diversified,Series C,Late Stage (Series C-D),United States,North America,188.0,5.241747015059643,
Kaodim,1,False,2022-06-02,2022-06-02,0,,,,,,1.0,1.0,1.0,Consumer,Consumer & Retail,Series B,Expansion Stage (Series B),Malaysia,Asia-Pacific,17.0,2.8903717578961645,
Kape,1,False,2023-07-28,2023-07-28,0,,,180.0,180.0,180.0,,,,Security,Enterprise & Infrastructure,Post-IPO,Public (Post-IPO),United Kingdom,Europe,188.0,5.241747015059643,5.198497031265826
Kape Technologies,1,False,2023-07-30,2023-07-30,0,,,200.0,200.0,200.0,0.3,0.3,0.3,Security,Enterprise & Infrastructure,Post-IPO,Public (Post-IPO),United Kingdom,Europe,188.0,5.241747015059643,5.303304908059076
Kapten / Free Now,1,False,2020-05-21,2020-05-21,0,,,,,,,,,Transportation,Travel & Transportation,Acquired,Acquired / Subsidiary,France,Europe,100.0,4.61512051684126,
Karakuki,1,False,2023-06-20,2023-06-20,0,,,,,,1.0,1.0,1.0,Food,Consumer & Retail,Unknown,Unspecified / Private,United Kingdom,Europe,13.0,2.6390573296152584,
Karat,2,True,2023-01-20,2023-06-28,159,159.0,159.0,94.0,47.0,47.0,,,,HR,Other / Diversified,Unknown,Unspecified / Private,United States,North America,169.0,5.135798437050262,4.553876891600541
Karat Financial,1,False,2023-10-27,2023-10-27,0,,,,,,,,,Finance,Fintech & Financial Services,Series B,Expansion Stage (Series B),United States,North America,116.0,4.762173934797756,
Karbon,1,False,2022-09-12,2022-09-12,0,,,,,,0.23,0.23,0.23,Other,Other / Diversified,Series B,Expansion Stage (Series B),United States,North America,91.0,4.5217885770490405,
Karhoo,1,False,2024-05-16,2024-05-16,0,,,,,,1.0,1.0,1.0,Transportation,Travel & Transportation,Acquired,Acquired / Subsidiary,United Kingdom,Europe,39.0,3.6888794541139363,
Karma,1,False,2023-05-04,2023-05-04,0,,,20.0,20.0,20.0,0.28,0.28,0.28,Retail,Consumer & Retail,Series A,Early Venture (Series A),Israel,Middle East,34.0,3.5553480614894135,3.044522437723423
Karshare,1,False,2023-06-16,2023-06-16,0,,,,,,1.0,1.0,1.0,Transportation,Travel & Transportation,Seed,Early Stage (Seed),United Kingdom,Europe,4.0,1.6094379124341003,
Kaseya,3,True,2024-04-03,2026-01-08,645,322.5,77.0,450.0,225.0,250.0,0.05,0.05,0.05,Security,Enterprise & Infrastructure,Private Equity,Private Equity Owned,United States,North America,547.0,6.306275286948016,6.111467339502679
Kaspersky,1,False,2024-07-16,2024-07-16,0,,,,,,,,,Security,Enterprise & Infrastructure,Private Equity,Private Equity Owned,United States,North America,,,
Kaspien,1,False,2023-12-19,2023-12-19,0,,,,,,1.0,1.0,1.0,Retail,Consumer & Retail,Post-IPO,Public (Post-IPO),United States,North America,52.0,3.970291913552122,
Katana,1,False,2025-04-24,2025-04-24,0,,,75.0,75.0,75.0,,,,Other,Other / Diversified,Series B,Expansion Stage (Series B),Estonia,Europe,67.0,4.219507705176107,4.330733340286331
Katerra,3,True,2020-04-02,2021-06-01,425,212.5,88.0,3074.0,1024.6666666666667,2434.0,0.3666666666666667,0.07,1.0,Construction,Other / Diversified,Unknown,Unspecified / Private,United States,North America,1600.0,7.3783837129967145,8.031060180240619
Kavak,2,True,2022-06-08,2022-11-18,163,163.0,163.0,150.0,150.0,150.0,,,,Transportation,Travel & Transportation,Series E,Growth Stage (Series E+),Brazil,Latin America,1600.0,7.3783837129967145,5.017279836814924
Kayak / OpenTable,2,True,2020-04-29,2023-10-16,1265,1265.0,1265.0,240.0,120.0,160.0,0.08,0.08,0.08,Travel,Travel & Transportation,Acquired,Acquired / Subsidiary,United States,North America,229.0,5.438079308923196,5.484796933490655
Kazoo,1,False,2020-03-31,2020-03-31,0,,,,,,0.35,0.35,0.35,HR,Other / Diversified,Series A,Early Venture (Series A),United States,North America,8.0,2.1972245773362196,
KeepTruckin,1,False,2020-03-31,2020-03-31,0,,,349.0,349.0,349.0,0.18,0.18,0.18,Logistics,Travel & Transportation,Series D,Late Stage (Series C-D),United States,North America,227.0,5.429345628954441,5.857933154483459
Keepe,1,False,2022-06-10,2022-06-10,0,,,,,,,,,Real Estate,Real Estate & PropTech,Unknown,Unspecified / Private,United States,North America,6.0,1.9459101490553132,
Kenko Health,3,True,2023-08-29,2024-08-23,360,180.0,1.0,100.0,50.0,50.0,0.4666666666666666,0.2,1.0,Healthcare,Healthcare & BioTech,Series A,Early Venture (Series A),India,Asia-Pacific,14.0,2.70805020110221,4.61512051684126
Kenoby,1,False,2020-04-08,2020-04-08,0,,,18.0,18.0,18.0,0.16,0.16,0.16,Recruiting,Professional Services,Unknown,Unspecified / Private,Brazil,Latin America,23.0,3.1780538303479458,2.9444389791664403
Kevin,1,False,2024-02-29,2024-02-29,0,,,,,,0.14,0.14,0.14,Finance,Fintech & Financial Services,Series A,Early Venture (Series A),Lithuania,Other / International,79.0,4.382026634673881,
Khatabook,1,False,2023-09-01,2023-09-01,0,,,42.0,42.0,42.0,,,,Finance,Fintech & Financial Services,Series C,Late Stage (Series C-D),India,Asia-Pacific,187.0,5.236441962829949,3.7612001156935624
Khoros,3,True,2022-10-21,2025-06-20,973,486.5,265.0,236.0,118.0,120.0,0.07500000000000001,0.07500000000000001,0.1,Sales,Professional Services,Private Equity,Private Equity Owned,United States,North America,138.0,4.9344739331306915,5.4680601411351315
Kiavi,1,False,2022-07-14,2022-07-14,0,,,39.0,39.0,39.0,0.07,0.07,0.07,Real Estate,Real Estate & PropTech,Series E,Growth Stage (Series E+),United States,North America,240.0,5.484796933490655,3.6888794541139363
Kickstarter,1,False,2020-05-13,2020-05-13,0,,,25.0,25.0,25.0,0.18,0.18,0.18,Finance,Fintech & Financial Services,Unknown,Unspecified / Private,United States,North America,10.0,2.3978952727983707,3.258096538021482
Kinaxis,1,False,2024-05-08,2024-05-08,0,,,,,,0.06,0.06,0.06,Other,Other / Diversified,Post-IPO,Public (Post-IPO),Canada,North America,79.0,4.382026634673881,
Kinde,1,False,2023-02-20,2023-02-20,0,,,8.0,8.0,8.0,0.28,0.28,0.28,Other,Other / Diversified,Seed,Early Stage (Seed),Australia,Asia-Pacific,10.0,2.3978952727983707,2.1972245773362196
King.com,1,False,2025-07-14,2025-07-14,0,,,200.0,200.0,200.0,,,,Consumer,Consumer & Retail,Acquired,Acquired / Subsidiary,Sweden,Europe,84.0,4.442651256490317,5.303304908059076
Kissflow,1,False,2024-06-10,2024-06-10,0,,,45.0,45.0,45.0,0.11,0.11,0.11,Other,Other / Diversified,Unknown,Unspecified / Private,India,Asia-Pacific,1.0,0.6931471805599453,3.828641396489095
Kite,1,False,2022-11-16,2022-11-16,0,,,,,,1.0,1.0,1.0,Product,Other / Diversified,Series A,Early Venture (Series A),United States,North America,21.0,3.091042453358316,
Kitopi,2,True,2020-04-29,2022-11-21,936,936.0,936.0,217.0,108.5,124.0,0.1,0.1,0.1,Food,Consumer & Retail,Series C,Late Stage (Series C-D),UAE,Other / International,804.0,6.690842277418564,5.384495062789089
Kitty Hawk,2,True,2020-06-03,2022-09-21,840,840.0,840.0,170.0,85.0,100.0,1.0,1.0,1.0,Aerospace,Hardware & Manufacturing,Unknown,Unspecified / Private,United States,North America,1.0,0.6931471805599453,5.14166355650266
Kiwi.com,2,True,2024-01-30,2026-01-29,730,730.0,730.0,466.0,233.0,250.0,0.27,0.27,0.36,Travel,Travel & Transportation,Unknown,Unspecified / Private,Czech Republic,Other / International,107.0,4.68213122712422,6.1463292576688975
KiwiCo,1,False,2022-06-07,2022-06-07,0,,,40.0,40.0,40.0,,,,Retail,Consumer & Retail,Unknown,Unspecified / Private,United States,North America,11.0,2.4849066497880004,3.713572066704308
Klarna,2,True,2022-05-23,2022-09-22,122,122.0,122.0,800.0,400.0,700.0,0.1,0.1,0.1,Finance,Fintech & Financial Services,Unknown,Unspecified / Private,Sweden,Europe,3700.0,8.216358332386156,6.68586094706836
Klaviyo,2,True,2023-03-15,2025-08-25,894,894.0,894.0,140.0,140.0,140.0,,,,Marketing,Marketing & Media,Unknown,Unspecified / Private,United States,North America,778.0,6.658011045870748,4.948759890378168
Kleos Space,1,False,2023-07-26,2023-07-26,0,,,,,,1.0,1.0,1.0,Aerospace,Hardware & Manufacturing,Post-IPO,Public (Post-IPO),Luxembourg,Other / International,17.0,2.8903717578961645,
Klook,1,False,2020-04-20,2020-04-20,0,,,300.0,300.0,300.0,0.15,0.15,0.15,Travel,Travel & Transportation,Series D,Late Stage (Series C-D),Hong Kong,Asia-Pacific,521.0,6.257667587882639,5.707110264748875
Klub,1,False,2024-11-29,2024-11-29,0,,,60.0,60.0,60.0,,,,Finance,Fintech & Financial Services,Unknown,Unspecified / Private,India,Asia-Pacific,35.0,3.58351893845611,4.110873864173311
Klue,1,False,2025-06-25,2025-06-25,0,,,85.0,85.0,85.0,0.4,0.4,0.4,Sales,Professional Services,Series B,Expansion Stage (Series B),Canada,North America,83.0,4.430816798843313,4.454347296253507
Knock,1,False,2022-03-15,2022-03-15,0,,,115.0,115.0,115.0,0.46,0.46,0.46,Real Estate,Real Estate & PropTech,Unknown,Unspecified / Private,United States,North America,654.0,6.484635235635252,4.7535901911063645
Knotel,2,True,2020-03-27,2020-10-29,216,216.0,216.0,147.0,73.5,127.0,0.19,0.19,0.3,Real Estate,Real Estate & PropTech,Series C,Late Stage (Series C-D),United States,North America,560.0,6.329720905522696,4.997212273764115
KnownOrigin,1,False,2024-02-20,2024-02-20,0,,,,,,0.3,0.3,0.3,Crypto,Fintech & Financial Services,Acquired,Acquired / Subsidiary,United Kingdom,Europe,3.0,1.3862943611198906,
Kobo360,1,False,2024-11-30,2024-11-30,0,,,30.0,30.0,30.0,,,,Logistics,Travel & Transportation,Series B,Expansion Stage (Series B),Nigeria,Africa,85.0,4.454347296253507,3.4339872044851463
Kodiak Robotics,1,False,2020-04-15,2020-04-15,0,,,15.0,15.0,15.0,0.2,0.2,0.2,Transportation,Travel & Transportation,Series A,Early Venture (Series A),United States,North America,40.0,3.713572066704308,2.772588722239781
Kogan,1,False,2022-08-23,2022-08-23,0,,,,,,,,,Retail,Consumer & Retail,Post-IPO,Public (Post-IPO),Australia,Asia-Pacific,,,
Koho,2,True,2022-11-17,2023-02-08,83,83.0,83.0,15.0,15.0,15.0,0.09000000000000001,0.09000000000000001,0.14,Finance,Fintech & Financial Services,Series D,Late Stage (Series C-D),Canada,North America,278.0,5.631211781821365,2.772588722239781
KoinWorks,1,False,2022-11-04,2022-11-04,0,,,70.0,70.0,70.0,0.08,0.08,0.08,Finance,Fintech & Financial Services,Unknown,Unspecified / Private,Indonesia,Asia-Pacific,180.0,5.198497031265826,4.2626798770413155
Koinly,1,False,2022-12-06,2022-12-06,0,,,16.0,16.0,16.0,0.14,0.14,0.14,Crypto,Fintech & Financial Services,Unknown,Unspecified / Private,United Kingdom,Europe,,,2.833213344056216
Komodo Health,2,True,2020-04-20,2022-12-13,967,967.0,967.0,101.0,50.5,78.0,0.09,0.09,0.09,Healthcare,Healthcare & BioTech,Series E,Growth Stage (Series E+),United States,North America,514.0,6.244166900663736,4.624972813284271
Konfio,1,False,2022-09-23,2022-09-23,0,,,180.0,180.0,180.0,,,,Finance,Fintech & Financial Services,Series E,Growth Stage (Series E+),Mexico,Latin America,706.0,6.561030665896573,5.198497031265826
Kongregate,1,False,2020-07-01,2020-07-01,0,,,12.0,12.0,12.0,,,,Media,Marketing & Media,Series C,Late Stage (Series C-D),United States,North America,19.0,2.995732273553991,2.5649493574615367
Kontist,1,False,2022-05-25,2022-05-25,0,,,50.0,50.0,50.0,0.25,0.25,0.25,Finance,Fintech & Financial Services,Series B,Expansion Stage (Series B),Germany,Europe,53.0,3.9889840465642745,3.9318256327243257
Koo,3,True,2022-08-31,2024-07-02,671,335.5,232.0,118.0,59.0,78.0,0.65,0.65,1.0,Consumer,Consumer & Retail,Unknown,Unspecified / Private,India,Asia-Pacific,51.0,3.9512437185814275,4.77912349311153
Kraken,3,True,2022-11-30,2026-05-15,1262,631.0,562.0,1650.0,550.0,1100.0,0.22499999999999998,0.22499999999999998,0.3,Crypto,Fintech & Financial Services,Unknown,Unspecified / Private,United States,North America,134.0,4.90527477843843,7.409136443920128
Krutrim,3,True,2025-07-28,2026-07-28,365,182.5,35.0,170.0,56.666666666666664,100.0,0.5,0.5,0.5,AI,Other / Diversified,Unknown,Unspecified / Private,India,Asia-Pacific,304.0,5.720311776607412,5.14166355650266
Kry,2,True,2022-05-17,2022-10-31,167,167.0,167.0,400.0,200.0,300.0,0.1,0.1,0.1,Healthcare,Healthcare & BioTech,Series D,Late Stage (Series C-D),Sweden,Europe,568.0,6.343880434126331,5.993961427306569
Kuda,1,False,2022-09-02,2022-09-02,0,,,23.0,23.0,23.0,0.05,0.05,0.05,Finance,Fintech & Financial Services,Series B,Expansion Stage (Series B),Nigeria,Africa,91.0,4.5217885770490405,3.1780538303479458
Kueski,1,False,2020-04-20,2020-04-20,0,,,90.0,90.0,90.0,0.3,0.3,0.3,Finance,Fintech & Financial Services,Series B,Expansion Stage (Series B),Mexico,Latin America,38.0,3.6635616461296463,4.51085950651685
Kuku FM,1,False,2024-11-14,2024-11-14,0,,,80.0,80.0,80.0,,,,Media,Marketing & Media,Series C,Late Stage (Series C-D),India,Asia-Pacific,71.0,4.276666119016055,4.394449154672439
Kumu,1,False,2023-04-17,2023-04-17,0,,,,,,,,,Media,Marketing & Media,Series C,Late Stage (Series C-D),Philippines,Other / International,94.0,4.553876891600541,
Kune,1,False,2022-06-23,2022-06-23,0,,,,,,1.0,1.0,1.0,Food,Consumer & Retail,Seed,Early Stage (Seed),Kenya,Africa,1.0,0.6931471805599453,
Kyndryl,1,False,2023-03-30,2023-03-30,0,,,,,,,,,Infrastructure,Enterprise & Infrastructure,Post-IPO,Public (Post-IPO),United States,North America,,,
Kyruus,1,False,2023-02-05,2023-02-05,0,,,70.0,70.0,70.0,,,,Healthcare,Healthcare & BioTech,Unknown,Unspecified / Private,United States,North America,183.0,5.214935757608986,4.2626798770413155
Kyte,2,True,2024-10-25,2025-08-15,294,294.0,294.0,,,,0.7,0.7,1.0,Transportation,Travel & Transportation,Unknown,Unspecified / Private,United States,North America,548.0,6.3080984415095305,
L1ght,1,False,2023-05-18,2023-05-18,0,,,,,,1.0,1.0,1.0,Other,Other / Diversified,Seed,Early Stage (Seed),Israel,Middle East,15.0,2.772588722239781,
LEAD,2,True,2022-08-04,2023-01-10,159,159.0,159.0,140.0,70.0,80.0,0.04,0.04,0.04,Education,EdTech & Learning,Series E,Growth Stage (Series E+),India,Asia-Pacific,190.0,5.25227342804663,4.948759890378168
LOOP,1,False,2024-06-16,2024-06-16,0,,,23.0,23.0,23.0,0.77,0.77,0.77,Finance,Fintech & Financial Services,Series A,Early Venture (Series A),United States,North America,34.0,3.5553480614894135,3.1780538303479458
LSports,1,False,2026-05-06,2026-05-06,0,,,40.0,40.0,40.0,0.2,0.2,0.2,Data,Enterprise & Infrastructure,Unknown,Unspecified / Private,Israel,Middle East,,,3.713572066704308
Labelbox,1,False,2022-08-08,2022-08-08,0,,,36.0,36.0,36.0,,,,Data,Enterprise & Infrastructure,Series D,Late Stage (Series C-D),United States,North America,188.0,5.241747015059643,3.6109179126442243
Labster,1,False,2020-04-17,2020-04-17,0,,,40.0,40.0,40.0,,,,Education,EdTech & Learning,Series B,Expansion Stage (Series B),Denmark,Europe,34.0,3.5553480614894135,3.713572066704308
Lacework,1,False,2022-05-25,2022-05-25,0,,,300.0,300.0,300.0,0.2,0.2,0.2,Security,Enterprise & Infrastructure,Series D,Late Stage (Series C-D),United States,North America,1900.0,7.550135342488429,5.707110264748875
Ladder Life,1,False,2020-03-23,2020-03-23,0,,,13.0,13.0,13.0,0.25,0.25,0.25,Finance,Fintech & Financial Services,Series C,Late Stage (Series C-D),United States,North America,94.0,4.553876891600541,2.6390573296152584
Ladenzeile,1,False,2024-06-11,2024-06-11,0,,,,,,1.0,1.0,1.0,Retail,Consumer & Retail,Subsidiary,Unspecified / Private,Germany,Europe,,,
Lam Research,1,False,2023-01-25,2023-01-25,0,,,1300.0,1300.0,1300.0,0.07,0.07,0.07,Hardware,Hardware & Manufacturing,Post-IPO,Public (Post-IPO),United States,North America,,,7.170888478512505
Lambda School,2,True,2020-04-21,2021-04-29,373,373.0,373.0,84.0,42.0,65.0,,,,Education,EdTech & Learning,Series C,Late Stage (Series C-D),United States,North America,122.0,4.812184355372417,4.442651256490317
Lamudi Indonesia,1,False,2023-07-17,2023-07-17,0,,,,,,,,,Real Estate,Real Estate & PropTech,Acquired,Acquired / Subsidiary,Indonesia,Asia-Pacific,56.0,4.04305126783455,
Landing,3,True,2022-10-06,2023-11-15,405,202.5,69.0,110.0,110.0,110.0,,,,Real Estate,Real Estate & PropTech,Series C,Late Stage (Series C-D),United States,North America,347.0,5.8522024797744745,4.709530201312334
Lantern,1,False,2023-01-06,2023-01-06,0,,,,,,1.0,1.0,1.0,Retail,Consumer & Retail,Seed,Early Stage (Seed),United States,North America,40.0,3.713572066704308,
Lastline,1,False,2020-06-04,2020-06-04,0,,,50.0,50.0,50.0,0.4,0.4,0.4,Security,Enterprise & Infrastructure,Series C,Late Stage (Series C-D),United States,North America,52.0,3.970291913552122,3.9318256327243257
Lastminute,1,False,2026-06-17,2026-06-17,0,,,400.0,400.0,400.0,0.25,0.25,0.25,Travel,Travel & Transportation,Post-IPO,Public (Post-IPO),Netherlands,Europe,,,5.993961427306569
Latch,5,True,2020-04-02,2023-07-10,1194,298.5,10.0,335.0,83.75,130.0,0.32499999999999996,0.325,0.59,Security,Enterprise & Infrastructure,Post-IPO,Public (Post-IPO),United States,North America,342.0,5.8377304471659395,5.817111159963204
Lattice,3,True,2020-05-15,2023-01-12,972,486.0,77.0,134.0,44.666666666666664,105.0,0.125,0.125,0.15,HR,Other / Diversified,Series F,Growth Stage (Series E+),United States,North America,328.0,5.796057750765372,4.90527477843843
Lawgeex,1,False,2022-09-06,2022-09-06,0,,,30.0,30.0,30.0,0.33,0.33,0.33,Legal,Professional Services,Series C,Late Stage (Series C-D),Israel,Middle East,41.0,3.7376696182833684,3.4339872044851463
Laybuy,3,True,2022-07-28,2026-08-24,1488,744.0,236.0,45.0,45.0,45.0,0.55,0.55,1.0,Security,Enterprise & Infrastructure,Seed,Early Stage (Seed),Israel,Middle East,130.0,4.875197323201151,3.828641396489095
Lazada Group,2,True,2024-01-03,2026-06-23,902,902.0,902.0,100.0,100.0,100.0,0.175,0.175,0.3,Retail,Consumer & Retail,Acquired,Acquired / Subsidiary,Singapore,Asia-Pacific,7200.0,8.881975184248867,4.61512051684126
Lazerpay,2,True,2022-11-29,2023-04-13,135,135.0,135.0,,,,1.0,1.0,1.0,Crypto,Fintech & Financial Services,Unknown,Unspecified / Private,Nigeria,Africa,,,
Le Tote,1,False,2020-04-01,2020-04-01,0,,,,,,0.5,0.5,0.5,Retail,Consumer & Retail,Series C,Late Stage (Series C-D),United States,North America,62.0,4.143134726391533,
LeafLink,1,False,2022-12-15,2022-12-15,0,,,80.0,80.0,80.0,0.31,0.31,0.31,Other,Other / Diversified,Series C,Late Stage (Series C-D),United States,North America,379.0,5.940171252720432,4.394449154672439
Leafly,3,True,2020-03-23,2023-03-16,1088,544.0,149.0,187.0,62.333333333333336,91.0,0.30666666666666664,0.21,0.5,Retail,Consumer & Retail,Post-IPO,Public (Post-IPO),United States,North America,71.0,4.276666119016055,5.236441962829949
League,1,False,2020-05-05,2020-05-05,0,,,,,,,,,Healthcare,Healthcare & BioTech,Unknown,Unspecified / Private,Canada,North America,76.0,4.343805421853684,
LearnUpon,1,False,2023-02-07,2023-02-07,0,,,27.0,27.0,27.0,0.09,0.09,0.09,Education,EdTech & Learning,Private Equity,Private Equity Owned,Ireland,Europe,56.0,4.04305126783455,3.332204510175204
LeddarTech,1,False,2025-05-22,2025-05-22,0,,,138.0,138.0,138.0,0.95,0.95,0.95,Transportation,Travel & Transportation,Post-IPO,Public (Post-IPO),Canada,North America,402.0,5.998936561946683,4.9344739331306915
Ledger,1,False,2023-10-05,2023-10-05,0,,,,,,0.12,0.12,0.12,Crypto,Fintech & Financial Services,Series C,Late Stage (Series C-D),France,Europe,577.0,6.359573868672378,
Ledger Investing,1,False,2024-01-08,2024-01-08,0,,,,,,0.25,0.25,0.25,Finance,Fintech & Financial Services,Series B,Expansion Stage (Series B),United States,North America,91.0,4.5217885770490405,
Ledn,1,False,2022-11-28,2022-11-28,0,,,,,,,,,Crypto,Fintech & Financial Services,Series B,Expansion Stage (Series B),Canada,North America,103.0,4.6443908991413725,
LegalZoom,3,True,2023-10-19,2026-08-05,1021,510.5,293.0,100.0,100.0,100.0,0.14,0.14,0.15,Legal,Professional Services,Post-IPO,Public (Post-IPO),United States,North America,952.0,6.859614903654202,4.61512051684126
Legible,1,False,2022-04-04,2022-04-04,0,,,23.0,23.0,23.0,0.38,0.38,0.38,Media,Marketing & Media,Post-IPO,Public (Post-IPO),Canada,North America,3.0,1.3862943611198906,3.1780538303479458
Lemon,1,False,2022-11-24,2022-11-24,0,,,100.0,100.0,100.0,0.38,0.38,0.38,Crypto,Fintech & Financial Services,Series A,Early Venture (Series A),Argentina,Latin America,17.0,2.8903717578961645,4.61512051684126
Lemonade,2,True,2022-04-20,2023-05-16,391,391.0,391.0,97.0,48.5,52.0,0.03,0.03,0.03,Finance,Fintech & Financial Services,Post-IPO,Public (Post-IPO),United States,North America,481.0,6.1779441140506,4.584967478670572
Lendi,1,False,2023-03-03,2023-03-03,0,,,100.0,100.0,100.0,,,,Real Estate,Real Estate & PropTech,Unknown,Unspecified / Private,Australia,Asia-Pacific,59.0,4.0943445622221,4.61512051684126
Lending Club,3,True,2020-04-21,2023-10-12,1269,634.5,273.0,857.0,285.6666666666667,460.0,0.19333333333333336,0.14,0.3,Finance,Fintech & Financial Services,Post-IPO,Public (Post-IPO),United States,North America,392.0,5.973809611869261,6.754604099487962
LendingTree,2,True,2022-11-03,2023-03-30,147,147.0,147.0,350.0,175.0,200.0,0.13,0.13,0.13,Finance,Fintech & Financial Services,Post-IPO,Public (Post-IPO),United States,North America,,,5.860786223465865
Lendingkart,1,False,2020-05-15,2020-05-15,0,,,500.0,500.0,500.0,0.5,0.5,0.5,Finance,Fintech & Financial Services,Unknown,Unspecified / Private,India,Asia-Pacific,200.0,5.303304908059076,6.2166061010848646
Lendio,1,False,2024-01-08,2024-01-08,0,,,,,,,,,Finance,Fintech & Financial Services,Series E,Growth Stage (Series E+),United States,North America,108.0,4.6913478822291435,
Lendis,2,True,2022-07-04,2022-12-21,170,170.0,170.0,18.0,18.0,18.0,0.325,0.325,0.5,Other,Other / Diversified,Series A,Early Venture (Series A),Germany,Europe,90.0,4.51085950651685,2.9444389791664403
Lenovo,3,True,2022-12-08,2025-07-16,951,475.5,133.0,100.0,100.0,100.0,0.03,0.03,0.03,Hardware,Hardware & Manufacturing,Post-IPO,Public (Post-IPO),United States,North America,850.0,6.7464121285733745,4.61512051684126
Lentra,1,False,2024-04-02,2024-04-02,0,,,,,,,,,Finance,Fintech & Financial Services,Series B,Expansion Stage (Series B),India,Asia-Pacific,104.0,4.653960350157523,
LetsGetChecked,1,False,2022-07-02,2022-07-02,0,,,,,,,,,Healthcare,Healthcare & BioTech,Series D,Late Stage (Series C-D),United States,North America,263.0,5.575949103146316,
Lev,2,True,2022-12-07,2023-05-01,145,145.0,145.0,64.0,32.0,34.0,0.3,0.3,0.3,Real Estate,Real Estate & PropTech,Series B,Expansion Stage (Series B),United States,North America,114.0,4.74493212836325,4.174387269895637
Level,1,False,2025-01-02,2025-01-02,0,,,,,,1.0,1.0,1.0,Finance,Fintech & Financial Services,Series B,Expansion Stage (Series B),United States,North America,27.0,3.332204510175204,
Levelset,1,False,2020-04-01,2020-04-01,0,,,,,,,,,Construction,Other / Diversified,Series C,Late Stage (Series C-D),United States,North America,46.0,3.8501476017100584,
Lever,2,True,2020-04-08,2024-01-05,1367,1367.0,1367.0,86.0,86.0,86.0,0.4,0.4,0.4,Recruiting,Professional Services,Acquired,Acquired / Subsidiary,United States,North America,123.0,4.820281565605037,4.465908118654584
Lex,1,False,2024-07-17,2024-07-17,0,,,,,,,,,Consumer,Consumer & Retail,Seed,Early Stage (Seed),United States,North America,7.0,2.0794415416798357,
Licious,1,False,2024-02-09,2024-02-09,0,,,80.0,80.0,80.0,0.03,0.03,0.03,Food,Consumer & Retail,Series F,Growth Stage (Series E+),India,Asia-Pacific,490.0,6.19644412779452,4.394449154672439
Lido,1,False,2022-02-21,2022-02-21,0,,,150.0,150.0,150.0,,,,Education,EdTech & Learning,Series A,Early Venture (Series A),India,Asia-Pacific,24.0,3.2188758248682006,5.017279836814924
Lido Learning,1,False,2022-09-09,2022-09-09,0,,,,,,1.0,1.0,1.0,Education,EdTech & Learning,Series C,Late Stage (Series C-D),India,Asia-Pacific,20.0,3.044522437723423,
Life360,2,True,2023-01-12,2026-04-10,1184,1184.0,1184.0,,,,0.14,0.14,0.14,Consumer,Consumer & Retail,Post-IPO,Public (Post-IPO),United States,North America,158.0,5.0689042022202315,
Liftoff,1,False,2022-11-09,2022-11-09,0,,,130.0,130.0,130.0,0.15,0.15,0.15,Marketing,Marketing & Media,Acquired,Acquired / Subsidiary,United States,North America,6.0,1.9459101490553132,4.875197323201151
Lighter Capital,2,True,2020-04-24,2020-07-20,87,87.0,87.0,40.0,20.0,22.0,0.355,0.355,0.49,Finance,Fintech & Financial Services,Series B,Expansion Stage (Series B),United States,North America,15.0,2.772588722239781,3.713572066704308
Lighthouse Labs,1,False,2020-04-09,2020-04-09,0,,,14.0,14.0,14.0,0.07,0.07,0.07,Education,EdTech & Learning,Unknown,Unspecified / Private,Canada,North America,,,2.70805020110221
Lightico,2,True,2022-03-31,2023-02-05,311,311.0,311.0,40.0,20.0,20.0,0.25,0.25,0.25,Finance,Fintech & Financial Services,Series B,Expansion Stage (Series B),Israel,Middle East,42.0,3.7612001156935624,3.713572066704308
Lightricks,4,True,2022-07-04,2026-06-01,1428,476.0,217.0,310.0,77.5,85.0,0.14,0.135,0.17,Consumer,Consumer & Retail,Series D,Late Stage (Series C-D),Israel,Middle East,335.0,5.817111159963204,5.739792912179234
Lightspeed Commerce,4,True,2023-01-17,2026-07-31,1291,430.3333333333333,243.0,880.0,220.0,300.0,0.065,0.065,0.1,Retail,Consumer & Retail,Post-IPO,Public (Post-IPO),Canada,North America,1200.0,7.0909098220799835,6.78105762593618
Lilium,1,False,2024-12-23,2024-12-23,0,,,1000.0,1000.0,1000.0,1.0,1.0,1.0,Aerospace,Hardware & Manufacturing,Post-IPO,Public (Post-IPO),Germany,Europe,1400.0,7.244941546337007,6.90875477931522
Lime,1,False,2020-04-29,2020-04-29,0,,,80.0,80.0,80.0,0.13,0.13,0.13,Transportation,Travel & Transportation,Series D,Late Stage (Series C-D),United States,North America,765.0,6.641182169740591,4.394449154672439
Limeade,1,False,2023-01-11,2023-01-11,0,,,,,,0.15,0.15,0.15,HR,Other / Diversified,Series C,Late Stage (Series C-D),United States,North America,33.0,3.5263605246161616,
Limelight,1,False,2021-02-04,2021-02-04,0,,,13.0,13.0,13.0,1.0,1.0,1.0,Recruiting,Professional Services,Unknown,Unspecified / Private,United States,North America,,,2.6390573296152584
LingoAce,1,False,2023-08-11,2023-08-11,0,,,,,,,,,Education,EdTech & Learning,Series C,Late Stage (Series C-D),Singapore,Asia-Pacific,180.0,5.198497031265826,
LinkSquares,1,False,2024-02-15,2024-02-15,0,,,90.0,90.0,90.0,,,,Legal,Professional Services,Series C,Late Stage (Series C-D),United States,North America,161.0,5.087596335232384,4.51085950651685
LinkedIn,7,True,2020-07-21,2026-08-11,2212,368.6666666666667,84.0,3463.0,577.1666666666666,960.0,0.038,0.04,0.06,Recruiting,Professional Services,Acquired,Acquired / Subsidiary,Israel,Middle East,154.0,5.043425116919247,8.150179269682326
Linkfire,1,False,2022-10-11,2022-10-11,0,,,35.0,35.0,35.0,0.35,0.35,0.35,Marketing,Marketing & Media,Seed,Early Stage (Seed),Denmark,Europe,2.0,1.0986122886681098,3.58351893845611
Linktree,2,True,2022-08-09,2023-06-06,301,301.0,301.0,110.0,55.0,60.0,0.22000000000000003,0.22000000000000003,0.27,Consumer,Consumer & Retail,Unknown,Unspecified / Private,Australia,Asia-Pacific,165.0,5.111987788356544,4.709530201312334
Liongard,1,False,2022-06-10,2022-06-10,0,,,,,,,,,Infrastructure,Enterprise & Infrastructure,Series B,Expansion Stage (Series B),United States,North America,22.0,3.1354942159291497,
Lithic,1,False,2022-12-07,2022-12-07,0,,,27.0,27.0,27.0,0.18,0.18,0.18,Finance,Fintech & Financial Services,Series C,Late Stage (Series C-D),United States,North America,115.0,4.7535901911063645,3.332204510175204
Liv Up,1,False,2022-02-16,2022-02-16,0,,,100.0,100.0,100.0,0.15,0.15,0.15,Food,Consumer & Retail,Series D,Late Stage (Series C-D),Brazil,Latin America,118.0,4.77912349311153,4.61512051684126
LivePerson,2,True,2020-11-01,2022-09-15,683,683.0,683.0,223.0,111.5,193.0,0.11,0.11,0.11,Support,Enterprise & Infrastructure,Post-IPO,Public (Post-IPO),United States,North America,42.0,3.7612001156935624,5.4116460518550396
LiveRamp,2,True,2022-11-03,2025-03-05,853,853.0,853.0,65.0,65.0,65.0,0.07500000000000001,0.07500000000000001,0.1,Marketing,Marketing & Media,Post-IPO,Public (Post-IPO),United States,North America,16.0,2.833213344056216,4.189654742026425
LiveTiles,1,False,2020-05-03,2020-05-03,0,,,50.0,50.0,50.0,,,,Other,Other / Diversified,Post-IPO,Public (Post-IPO),United States,North America,46.0,3.8501476017100584,3.9318256327243257
LiveVox,2,True,2023-01-17,2024-01-07,355,355.0,355.0,,,,0.16,0.16,0.16,Support,Enterprise & Infrastructure,Acquired,Acquired / Subsidiary,United States,North America,12.0,2.5649493574615367,
Livspace,3,True,2020-05-19,2026-02-20,2103,1051.5,1032.0,1550.0,516.6666666666666,1000.0,0.09666666666666666,0.12,0.15,Consumer,Consumer & Retail,Series F,Growth Stage (Series E+),India,Asia-Pacific,482.0,6.180016653652572,7.346655163176539
Localize,1,False,2024-08-19,2024-08-19,0,,,,,,,,,Real Estate,Real Estate & PropTech,Series A,Early Venture (Series A),United States,North America,40.0,3.713572066704308,
Loco,1,False,2023-11-30,2023-11-30,0,,,40.0,40.0,40.0,0.36,0.36,0.36,Consumer,Consumer & Retail,Acquired,Acquired / Subsidiary,India,Asia-Pacific,52.0,3.970291913552122,3.713572066704308
Locomation,1,False,2023-02-22,2023-02-22,0,,,,,,1.0,1.0,1.0,Transportation,Travel & Transportation,Seed,Early Stage (Seed),United States,North America,57.0,4.060443010546419,
Loft,6,True,2020-03-27,2023-03-03,1071,214.2,21.0,1289.0,214.83333333333334,384.0,0.1225,0.12,0.15,Real Estate,Real Estate & PropTech,Unknown,Unspecified / Private,Brazil,Latin America,788.0,6.670766320845874,7.162397497355718
Loftium,1,False,2020-05-29,2020-05-29,0,,,32.0,32.0,32.0,0.6,0.6,0.6,Real Estate,Real Estate & PropTech,Series A,Early Venture (Series A),United States,North America,17.0,2.8903717578961645,3.4965075614664802
Loftsmart,1,False,2020-03-30,2020-03-30,0,,,25.0,25.0,25.0,0.75,0.75,0.75,Real Estate,Real Estate & PropTech,Series A,Early Venture (Series A),United States,North America,18.0,2.9444389791664403,3.258096538021482
Log 9 Materials,1,False,2025-05-02,2025-05-02,0,,,,,,1.0,1.0,1.0,Manufacturing,Hardware & Manufacturing,Series B,Expansion Stage (Series B),India,Asia-Pacific,32.0,3.4965075614664802,
Loggi,2,True,2022-08-08,2023-02-06,182,182.0,182.0,800.0,400.0,500.0,0.11,0.11,0.15,Logistics,Travel & Transportation,Series F,Growth Stage (Series E+),Brazil,Latin America,507.0,6.230481447578482,6.68586094706836
Logically,1,False,2025-02-17,2025-02-17,0,,,40.0,40.0,40.0,0.2,0.2,0.2,AI,Other / Diversified,Series A,Early Venture (Series A),United Kingdom,Europe,37.0,3.6375861597263857,3.713572066704308
Logitech,1,False,2023-03-22,2023-03-22,0,,,300.0,300.0,300.0,,,,Hardware,Hardware & Manufacturing,Post-IPO,Public (Post-IPO),Switzerland,Europe,,,5.707110264748875
Loja Integrada,1,False,2022-08-25,2022-08-25,0,,,25.0,25.0,25.0,0.1,0.1,0.1,Retail,Consumer & Retail,Acquired,Acquired / Subsidiary,Brazil,Latin America,,,3.258096538021482
Lokalise,1,False,2022-11-16,2022-11-16,0,,,76.0,76.0,76.0,0.23,0.23,0.23,Other,Other / Diversified,Series B,Expansion Stage (Series B),United States,North America,56.0,4.04305126783455,4.343805421853684
Lola,1,False,2020-03-19,2020-03-19,0,,,34.0,34.0,34.0,,,,Travel,Travel & Transportation,Series C,Late Stage (Series C-D),United States,North America,81.0,4.406719247264253,3.5553480614894135
Longi,1,False,2024-03-18,2024-03-18,0,,,,,,0.05,0.05,0.05,Energy,Other / Diversified,Unknown,Unspecified / Private,China,Asia-Pacific,,,
Loom,2,True,2022-06-01,2022-10-20,141,141.0,141.0,57.0,28.5,34.0,0.125,0.125,0.14,Product,Other / Diversified,Series C,Late Stage (Series C-D),United States,North America,203.0,5.318119993844216,4.060443010546419
Loop,3,True,2022-08-24,2024-08-16,723,361.5,218.0,34.0,17.0,19.0,0.225,0.225,0.25,Retail,Consumer & Retail,Series B,Expansion Stage (Series B),United States,North America,125.0,4.836281906951478,3.5553480614894135
LoopMe,1,False,2020-04-09,2020-04-09,0,,,8.0,8.0,8.0,0.04,0.04,0.04,Marketing,Marketing & Media,Unknown,Unspecified / Private,United Kingdom,Europe,32.0,3.4965075614664802,2.1972245773362196
Loopio,4,True,2020-05-04,2026-03-13,2139,713.0,216.0,47.0,23.5,36.0,0.0875,0.08499999999999999,0.12,Sales,Professional Services,Private Equity,Private Equity Owned,Canada,North America,263.0,5.575949103146316,3.871201010907891
Lora DiCarlo,1,False,2022-12-02,2022-12-02,0,,,,,,1.0,1.0,1.0,Consumer,Consumer & Retail,Unknown,Unspecified / Private,United States,North America,9.0,2.302585092994046,
Lordstown Motors,1,False,2023-06-27,2023-06-27,0,,,,,,1.0,1.0,1.0,Transportation,Travel & Transportation,Post-IPO,Public (Post-IPO),United States,North America,1100.0,7.00397413672268,
Lucid Diagnostics,1,False,2023-01-18,2023-01-18,0,,,,,,0.2,0.2,0.2,Healthcare,Healthcare & BioTech,Post-IPO,Public (Post-IPO),United States,North America,,,
Lucid Motors,4,True,2023-03-28,2026-06-22,1182,394.0,122.0,3200.0,1066.6666666666667,1500.0,0.135,0.15,0.18,Transportation,Travel & Transportation,Post-IPO,Public (Post-IPO),United States,North America,8300.0,9.024131268455035,8.071218539969863
Lucid Software,1,False,2023-09-25,2023-09-25,0,,,75.0,75.0,75.0,0.07,0.07,0.07,Other,Other / Diversified,Series E,Growth Stage (Series E+),United States,North America,170.0,5.14166355650266,4.330733340286331
Lucira Health,1,False,2023-02-24,2023-02-24,0,,,26.0,26.0,26.0,,,,Healthcare,Healthcare & BioTech,Post-IPO,Public (Post-IPO),United States,North America,132.0,4.890349128221754,3.295836866004329
Ludeo,1,False,2025-10-20,2025-10-20,0,,,25.0,25.0,25.0,0.5,0.5,0.5,Consumer,Consumer & Retail,Series A,Early Venture (Series A),United States,North America,42.0,3.7612001156935624,3.258096538021482
Ludia,1,False,2023-06-28,2023-06-28,0,,,55.0,55.0,55.0,,,,Consumer,Consumer & Retail,Acquired,Acquired / Subsidiary,Unknown,Other / International,1.0,0.6931471805599453,4.02535169073515
Lululemon Studio,1,False,2023-09-28,2023-09-28,0,,,120.0,120.0,120.0,,,,Fitness,Other / Diversified,Acquired,Acquired / Subsidiary,United States,North America,75.0,4.330733340286331,4.795790545596741
LumenAd,1,False,2020-04-16,2020-04-16,0,,,,,,,,,Marketing,Marketing & Media,Unknown,Unspecified / Private,United States,North America,,,
Lumina Networks,1,False,2020-08-18,2020-08-18,0,,,,,,1.0,1.0,1.0,Infrastructure,Enterprise & Infrastructure,Series A,Early Venture (Series A),United States,North America,10.0,2.3978952727983707,
Luminar,3,True,2024-05-03,2025-05-20,382,191.0,140.0,140.0,140.0,140.0,0.175,0.175,0.2,Transportation,Travel & Transportation,Post-IPO,Public (Post-IPO),United States,North America,780.0,6.660575149839686,4.948759890378168
Lummo,1,False,2022-06-07,2022-06-07,0,,,150.0,150.0,150.0,,,,Marketing,Marketing & Media,Series C,Late Stage (Series C-D),Indonesia,Asia-Pacific,149.0,5.0106352940962555,5.017279836814924
Lunchbox,1,False,2022-07-21,2022-07-21,0,,,60.0,60.0,60.0,0.33,0.33,0.33,Food,Consumer & Retail,Series B,Expansion Stage (Series B),United States,North America,72.0,4.290459441148391,4.110873864173311
Lunchtime,1,False,2023-09-01,2023-09-01,0,,,,,,1.0,1.0,1.0,Food,Consumer & Retail,Acquired,Acquired / Subsidiary,Czech Republic,Other / International,,,
Luno,2,True,2023-01-25,2026-07-28,1280,1280.0,1280.0,330.0,330.0,330.0,0.275,0.275,0.35,Crypto,Fintech & Financial Services,Acquired,Acquired / Subsidiary,United Kingdom,Europe,13.0,2.6390573296152584,5.802118375377063
Lunya,1,False,2023-06-30,2023-06-30,0,,,,,,1.0,1.0,1.0,Retail,Consumer & Retail,Unknown,Unspecified / Private,United States,North America,,,
Lusha,2,True,2022-07-18,2025-12-10,1241,1241.0,1241.0,54.0,27.0,30.0,0.09,0.09,0.1,Sales,Professional Services,Series B,Expansion Stage (Series B),United States,North America,245.0,5.5053315359323625,4.007333185232471
Luxury Presence,1,False,2023-01-17,2023-01-17,0,,,44.0,44.0,44.0,,,,Real Estate,Real Estate & PropTech,Series B,Expansion Stage (Series B),United States,North America,31.0,3.4657359027997265,3.8066624897703196
Lyft,5,True,2020-04-29,2024-09-04,1589,397.25,106.0,2844.0,568.8,1072.0,0.11800000000000002,0.13,0.26,Transportation,Travel & Transportation,Post-IPO,Public (Post-IPO),United States,North America,4900.0,8.497194544909547,7.953318346560431
Lyra Health,1,False,2024-11-12,2024-11-12,0,,,77.0,77.0,77.0,0.02,0.02,0.02,Healthcare,Healthcare & BioTech,Series F,Growth Stage (Series E+),United States,North America,910.0,6.814542897259958,4.356708826689592
Lyric,1,False,2020-03-25,2020-03-25,0,,,100.0,100.0,100.0,,,,Real Estate,Real Estate & PropTech,Series B,Expansion Stage (Series B),United States,North America,179.1,5.19351225218191,4.61512051684126
Lyst,1,False,2022-11-29,2022-11-29,0,,,50.0,50.0,50.0,0.25,0.25,0.25,Retail,Consumer & Retail,Unknown,Unspecified / Private,United Kingdom,Europe,144.0,4.976733742420574,3.9318256327243257
Lytics,1,False,2020-04-08,2020-04-08,0,,,,,,,,,Marketing,Marketing & Media,Series C,Late Stage (Series C-D),United States,North America,58.0,4.07753744390572,
M1,1,False,2022-07-19,2022-07-19,0,,,38.0,38.0,38.0,,,,Finance,Fintech & Financial Services,Series E,Growth Stage (Series E+),United States,North America,323.0,5.780743515792329,3.6635616461296463
MARA,1,False,2026-04-02,2026-04-02,0,,,,,,0.15,0.15,0.15,Crypto,Fintech & Financial Services,Post-IPO,Public (Post-IPO),United States,North America,4100.0,8.31898612539206,
MFine,1,False,2022-05-21,2022-05-21,0,,,600.0,600.0,600.0,0.75,0.75,0.75,Healthcare,Healthcare & BioTech,Series C,Late Stage (Series C-D),India,Asia-Pacific,97.0,4.584967478670572,6.398594934535208
MPL,1,False,2023-08-08,2023-08-08,0,,,350.0,350.0,350.0,,,,Consumer,Consumer & Retail,Unknown,Unspecified / Private,India,Asia-Pacific,375.0,5.929589143389895,5.860786223465865
MRI Software,1,False,2026-05-11,2026-05-11,0,,,200.0,200.0,200.0,,,,Real Estate,Real Estate & PropTech,Acquired,Acquired / Subsidiary,United States,North America,16.0,2.833213344056216,5.303304908059076
MVPindex,1,False,2024-01-25,2024-01-25,0,,,12.0,12.0,12.0,0.3,0.3,0.3,Marketing,Marketing & Media,Series B,Expansion Stage (Series B),United States,North America,27.0,3.332204510175204,2.5649493574615367
MX,1,False,2022-10-11,2022-10-11,0,,,200.0,200.0,200.0,,,,Finance,Fintech & Financial Services,Series C,Late Stage (Series C-D),United States,North America,450.0,6.111467339502679,5.303304908059076
Made Renovation,1,False,2023-10-18,2023-10-18,0,,,,,,1.0,1.0,1.0,Construction,Other / Diversified,Seed,Early Stage (Seed),United States,North America,9.0,2.302585092994046,
Made.com,1,False,2022-09-22,2022-09-22,0,,,,,,0.35,0.35,0.35,Retail,Consumer & Retail,Series D,Late Stage (Series C-D),United Kingdom,Europe,136.0,4.919980925828125,
Madefire,1,False,2021-04-29,2021-04-29,0,,,,,,1.0,1.0,1.0,Media,Marketing & Media,Series B,Expansion Stage (Series B),United States,North America,16.0,2.833213344056216,
MadeiraMadeira,1,False,2022-08-09,2022-08-09,0,,,60.0,60.0,60.0,0.03,0.03,0.03,Retail,Consumer & Retail,Series E,Growth Stage (Series E+),Brazil,Latin America,338.0,5.82600010738045,4.110873864173311
Magic Eden,1,False,2023-02-13,2023-02-13,0,,,22.0,22.0,22.0,,,,Crypto,Fintech & Financial Services,Series B,Expansion Stage (Series B),United States,North America,170.0,5.14166355650266,3.1354942159291497
Magic Leap,3,True,2020-04-22,2026-07-20,2280,1140.0,731.0,1268.0,422.6666666666667,1000.0,0.5,0.5,0.5,Consumer,Consumer & Retail,Series E,Growth Stage (Series E+),United States,North America,4100.0,8.31898612539206,7.1459844677143876
Magicbricks,1,False,2020-05-17,2020-05-17,0,,,250.0,250.0,250.0,,,,Real Estate,Real Estate & PropTech,Unknown,Unspecified / Private,India,Asia-Pacific,300.0,5.707110264748875,5.5254529391317835
Magnite,1,False,2023-01-19,2023-01-19,0,,,,,,0.06,0.06,0.06,Marketing,Marketing & Media,Post-IPO,Public (Post-IPO),United States,North America,400.0,5.993961427306569,
Mainstreet,1,False,2022-05-04,2022-05-04,0,,,45.0,45.0,45.0,0.3,0.3,0.3,Finance,Fintech & Financial Services,Series A,Early Venture (Series A),United States,North America,64.0,4.174387269895637,3.828641396489095
Mainvest,1,False,2024-05-14,2024-05-14,0,,,,,,1.0,1.0,1.0,Finance,Fintech & Financial Services,Unknown,Unspecified / Private,United States,North America,3.0,1.3862943611198906,
Make School,1,False,2020-03-27,2020-03-27,0,,,,,,,,,Education,EdTech & Learning,Unknown,Unspecified / Private,United States,North America,,,
MakeMyTrip,2,True,2020-06-01,2020-08-31,91,91.0,91.0,700.0,350.0,350.0,0.1,0.1,0.1,Travel,Travel & Transportation,Post-IPO,Public (Post-IPO),India,Asia-Pacific,548.0,6.3080984415095305,6.55250788703459
MakerBot,1,False,2020-06-02,2020-06-02,0,,,12.0,12.0,12.0,,,,Consumer,Consumer & Retail,Acquired,Acquired / Subsidiary,United States,North America,10.0,2.3978952727983707,2.5649493574615367
Malwarebytes,2,True,2022-08-17,2023-08-31,379,379.0,379.0,225.0,112.5,125.0,0.14,0.14,0.14,Security,Enterprise & Infrastructure,Series B,Expansion Stage (Series B),United States,North America,80.0,4.394449154672439,5.420534999272286
Mamaearth,1,False,2023-06-14,2023-06-14,0,,,80.0,80.0,80.0,,,,Retail,Consumer & Retail,Unknown,Unspecified / Private,India,Asia-Pacific,111.0,4.718498871295094,4.394449154672439
Manhattan Associates,1,False,2026-06-02,2026-06-02,0,,,,,,0.06,0.06,0.06,Logistics,Travel & Transportation,Post-IPO,Public (Post-IPO),United States,North America,,,
ManoMano,1,False,2023-10-18,2023-10-18,0,,,230.0,230.0,230.0,0.25,0.25,0.25,Retail,Consumer & Retail,Series F,Growth Stage (Series E+),France,Europe,705.0,6.559615237493242,5.442417710521793
Mapbox,2,True,2020-04-06,2023-01-12,1011,1011.0,1011.0,64.0,64.0,64.0,,,,Data,Enterprise & Infrastructure,Unknown,Unspecified / Private,United States,North America,334.0,5.814130531825066,4.174387269895637
Mapify,1,False,2020-08-19,2020-08-19,0,,,,,,,,,Travel,Travel & Transportation,Seed,Early Stage (Seed),Germany,Europe,1.3,0.832909122935104,
Mara,2,True,2022-12-31,2023-06-06,157,157.0,157.0,6.0,6.0,6.0,,,,Crypto,Fintech & Financial Services,Seed,Early Stage (Seed),Kenya,Africa,23.0,3.1780538303479458,1.9459101490553132
MariaDB,2,True,2023-02-01,2023-10-12,253,253.0,253.0,84.0,84.0,84.0,0.18000000000000002,0.18000000000000002,0.28,Data,Enterprise & Infrastructure,Post-IPO,Public (Post-IPO),United States,North America,272.0,5.60947179518496,4.442651256490317
Marin Software,2,True,2024-09-30,2025-04-10,192,192.0,192.0,27.0,27.0,27.0,0.63,0.63,1.0,Marketing,Marketing & Media,Post-IPO,Public (Post-IPO),United States,North America,99.0,4.605170185988092,3.332204510175204
Mark43,1,False,2022-06-23,2022-06-23,0,,,,,,,,,Other,Other / Diversified,Series E,Growth Stage (Series E+),United States,North America,229.0,5.438079308923196,
Marketforce,1,False,2022-08-11,2022-08-11,0,,,54.0,54.0,54.0,0.09,0.09,0.09,Retail,Consumer & Retail,Series A,Early Venture (Series A),Kenya,Africa,42.0,3.7612001156935624,4.007333185232471
Marketsource,1,False,2026-03-05,2026-03-05,0,,,57.0,57.0,57.0,0.11,0.11,0.11,Sales,Professional Services,Unknown,Unspecified / Private,United States,North America,,,4.060443010546419
Markforged,1,False,2023-11-14,2023-11-14,0,,,,,,,,,Manufacturing,Hardware & Manufacturing,Post-IPO,Public (Post-IPO),United States,North America,347.0,5.8522024797744745,
Marqeta,1,False,2023-05-09,2023-05-09,0,,,,,,0.15,0.15,0.15,Finance,Fintech & Financial Services,Post-IPO,Public (Post-IPO),United States,North America,530.0,6.274762021241939,
Marvell,1,False,2023-03-21,2023-03-21,0,,,320.0,320.0,320.0,0.04,0.04,0.04,Hardware,Hardware & Manufacturing,Post-IPO,Public (Post-IPO),United States,North America,,,5.771441123130016
Masse,1,False,2020-05-15,2020-05-15,0,,,,,,1.0,1.0,1.0,Retail,Consumer & Retail,Seed,Early Stage (Seed),United States,North America,3.0,1.3862943611198906,
MasterClass,2,True,2022-06-22,2023-03-02,253,253.0,253.0,199.0,99.5,120.0,0.2,0.2,0.2,Education,EdTech & Learning,Series E,Growth Stage (Series E+),United States,North America,461.0,6.135564891081739,5.298317366548036
Match Group,3,True,2023-02-01,2025-05-08,827,413.5,281.0,325.0,325.0,325.0,0.09000000000000001,0.08,0.13,Consumer,Consumer & Retail,Post-IPO,Public (Post-IPO),United States,North America,,,5.786897381366708
Matrixport,1,False,2023-01-27,2023-01-27,0,,,29.0,29.0,29.0,0.1,0.1,0.1,Crypto,Fintech & Financial Services,Series C,Late Stage (Series C-D),Singapore,Asia-Pacific,100.0,4.61512051684126,3.4011973816621555
Matter Labs,2,True,2024-09-03,2026-06-16,651,651.0,651.0,,,,0.16,0.16,0.16,Crypto,Fintech & Financial Services,Unknown,Unspecified / Private,Germany,Europe,380.0,5.942799375126701,
Matterport,2,True,2020-04-09,2023-07-11,1188,1188.0,1188.0,260.0,130.0,170.0,0.32,0.32,0.34,Data,Enterprise & Infrastructure,Post-IPO,Public (Post-IPO),United States,North America,409.0,6.016157159698354,5.564520407322694
Maven,1,False,2020-03-30,2020-03-30,0,,,31.0,31.0,31.0,0.09,0.09,0.09,Media,Marketing & Media,Post-IPO,Public (Post-IPO),United States,North America,77.0,4.356708826689592,3.4657359027997265
Maven Clinic,1,False,2024-11-01,2024-11-01,0,,,60.0,60.0,60.0,0.1,0.1,0.1,Healthcare,Healthcare & BioTech,Series F,Growth Stage (Series E+),United States,North America,417.0,6.035481432524756,4.110873864173311
Mavenir,1,False,2023-01-18,2023-01-18,0,,,,,,,,,Infrastructure,Enterprise & Infrastructure,Acquired,Acquired / Subsidiary,United States,North America,854.0,6.75110146893676,
MaxMilhas,2,True,2020-04-03,2023-09-05,1250,1250.0,1250.0,249.0,124.5,167.0,0.3,0.3,0.42,Travel,Travel & Transportation,Unknown,Unspecified / Private,Brazil,Latin America,,,5.521460917862246
May Mobility,1,False,2024-02-15,2024-02-15,0,,,,,,0.13,0.13,0.13,Transportation,Travel & Transportation,Series D,Late Stage (Series C-D),United States,North America,303.0,5.717027701406222,
McMakler,4,True,2022-07-26,2023-11-21,483,161.0,90.0,310.0,77.5,100.0,,,,Real Estate,Real Estate & PropTech,Unknown,Unspecified / Private,Germany,Europe,214.0,5.3706380281276624,5.739792912179234
Me Poupe,1,False,2023-01-28,2023-01-28,0,,,60.0,60.0,60.0,0.5,0.5,0.5,Finance,Fintech & Financial Services,Unknown,Unspecified / Private,Brazil,Latin America,,,4.110873864173311
Meati,1,False,2024-02-20,2024-02-20,0,,,,,,0.3,0.3,0.3,Food,Consumer & Retail,Series C,Late Stage (Series C-D),United States,North America,274.0,5.616771097666572,
Meati Foods,1,False,2023-06-03,2023-06-03,0,,,,,,0.05,0.05,0.05,Food,Consumer & Retail,Series C,Late Stage (Series C-D),United States,North America,274.0,5.616771097666572,
Medallia,1,False,2023-02-24,2023-02-24,0,,,59.0,59.0,59.0,,,,Support,Enterprise & Infrastructure,Acquired,Acquired / Subsidiary,United States,North America,325.0,5.786897381366708,4.0943445622221
MediBuddy,1,False,2023-01-20,2023-01-20,0,,,200.0,200.0,200.0,0.08,0.08,0.08,Healthcare,Healthcare & BioTech,Acquired,Acquired / Subsidiary,India,Asia-Pacific,192.0,5.262690188904886,5.303304908059076
MediaMath,2,True,2020-04-07,2023-06-30,1179,1179.0,1179.0,53.0,53.0,53.0,0.54,0.54,1.0,Marketing,Marketing & Media,Private Equity,Private Equity Owned,United States,North America,607.0,6.410174881966167,3.9889840465642745
Mediafly,1,False,2023-04-13,2023-04-13,0,,,,,,,,,Sales,Professional Services,Private Equity,Private Equity Owned,United States,North America,59.0,4.0943445622221,
Medium,2,True,2021-03-24,2022-09-06,531,531.0,531.0,,,,0.25,0.25,0.25,Media,Marketing & Media,Unknown,Unspecified / Private,United States,North America,163.0,5.099866427824199,
Medly,3,True,2022-08-04,2023-02-08,188,94.0,34.0,,,,0.5533333333333333,0.5,1.0,Healthcare,Healthcare & BioTech,Series C,Late Stage (Series C-D),United States,North America,100.0,4.61512051684126,
Medsaf,1,False,2023-07-07,2023-07-07,0,,,30.0,30.0,30.0,1.0,1.0,1.0,Healthcare,Healthcare & BioTech,Unknown,Unspecified / Private,Nigeria,Africa,,,3.4339872044851463
Medtronic,3,True,2023-04-12,2025-10-27,929,464.5,428.0,119.0,59.5,60.0,,,,Healthcare,Healthcare & BioTech,Post-IPO,Public (Post-IPO),United States,North America,5900.0,8.682877107057168,4.787491742782046
Meero,1,False,2022-05-09,2022-05-09,0,,,350.0,350.0,350.0,0.5,0.5,0.5,Other,Other / Diversified,Series C,Late Stage (Series C-D),France,Europe,293.0,5.683579767338681,5.860786223465865
Meesho,4,True,2020-04-08,2023-05-05,1122,374.0,140.0,901.0,225.25,300.0,0.21500000000000002,0.21500000000000002,0.28,Retail,Consumer & Retail,Series F,Growth Stage (Series E+),India,Asia-Pacific,1100.0,7.00397413672268,6.804614520062624
Meetup,1,False,2024-02-05,2024-02-05,0,,,,,,,,,Consumer,Consumer & Retail,Acquired,Acquired / Subsidiary,United States,North America,18.0,2.9444389791664403,
Megaport,2,True,2023-01-05,2023-04-27,112,112.0,112.0,50.0,50.0,50.0,0.16,0.16,0.16,Infrastructure,Enterprise & Infrastructure,Post-IPO,Public (Post-IPO),Australia,Asia-Pacific,98.0,4.59511985013459,3.9318256327243257
Mejuri,2,True,2020-04-09,2022-08-05,848,848.0,848.0,86.0,43.0,50.0,0.125,0.125,0.15,Retail,Consumer & Retail,Series B,Expansion Stage (Series B),Canada,North America,28.0,3.367295829986474,4.465908118654584
Melio,2,True,2022-08-09,2024-03-04,573,573.0,573.0,100.0,50.0,60.0,0.07,0.07,0.07,Finance,Fintech & Financial Services,Series D,Late Stage (Series C-D),United States,North America,504.0,6.22455842927536,4.61512051684126
Memmo,1,False,2022-06-08,2022-06-08,0,,,,,,0.4,0.4,0.4,Consumer,Consumer & Retail,Unknown,Unspecified / Private,Sweden,Europe,24.0,3.2188758248682006,
Mensa Brands,1,False,2023-05-30,2023-05-30,0,,,30.0,30.0,30.0,,,,Retail,Consumer & Retail,Unknown,Unspecified / Private,India,Asia-Pacific,254.0,5.541263545158426,3.4339872044851463
Menulog,1,False,2022-11-24,2022-11-24,0,,,,,,,,,Food,Consumer & Retail,Acquired,Acquired / Subsidiary,Australia,Asia-Pacific,,,
Meow Wolf,2,True,2020-04-10,2023-12-04,1333,1333.0,1333.0,209.0,104.5,201.0,,,,Media,Marketing & Media,Unknown,Unspecified / Private,United States,North America,185.0,5.225746673713202,5.3471075307174685
Merama,1,False,2023-06-29,2023-06-29,0,,,,,,0.1,0.1,0.1,Retail,Consumer & Retail,Series B,Expansion Stage (Series B),Mexico,Latin America,445.0,6.100318952020064,
Merative,2,True,2023-02-23,2023-09-21,210,210.0,210.0,300.0,150.0,200.0,0.1,0.1,0.1,Healthcare,Healthcare & BioTech,Acquired,Acquired / Subsidiary,Ireland,Europe,,,5.707110264748875
MercadoLibre,1,False,2026-01-12,2026-01-12,0,,,116.0,116.0,116.0,,,,Retail,Consumer & Retail,Post-IPO,Public (Post-IPO),Brazil,Latin America,5100.0,8.537191877922927,4.762173934797756
Mercari U.S.,1,False,2024-07-19,2024-07-19,0,,,,,,0.5,0.5,0.5,Retail,Consumer & Retail,Subsidiary,Unspecified / Private,United States,North America,,,
Mercos,1,False,2020-05-13,2020-05-13,0,,,51.0,51.0,51.0,0.4,0.4,0.4,Sales,Professional Services,Unknown,Unspecified / Private,Brazil,Latin America,2.0,1.0986122886681098,3.9512437185814275
MeridianLink,2,True,2023-02-28,2024-01-08,314,314.0,314.0,,,,0.09,0.09,0.09,Finance,Fintech & Financial Services,Post-IPO,Public (Post-IPO),United States,North America,485.0,6.186208623900494,
MessageBird,4,True,2022-11-29,2026-05-11,1259,419.6666666666667,342.0,210.0,105.0,120.0,0.26,0.255,0.33,Other,Other / Diversified,Series C,Late Stage (Series C-D),Netherlands,Europe,1100.0,7.00397413672268,5.351858133476067
Messari,1,False,2023-02-23,2023-02-23,0,,,,,,0.15,0.15,0.15,Crypto,Fintech & Financial Services,Series B,Expansion Stage (Series B),United States,North America,61.0,4.127134385045092,
Meta,12,True,2022-11-09,2026-05-20,1288,117.0909090909091,8.0,35700.0,3966.6666666666665,11000.0,0.062,0.05,0.13,Consumer,Consumer & Retail,Post-IPO,Public (Post-IPO),United States,North America,26000.0,10.165890277802454,10.482933978579906
Metaplex,1,False,2022-11-18,2022-11-18,0,,,,,,,,,Crypto,Fintech & Financial Services,Unknown,Unspecified / Private,United States,North America,,,
Metigy,1,False,2022-07-31,2022-07-31,0,,,75.0,75.0,75.0,1.0,1.0,1.0,Marketing,Marketing & Media,Series B,Expansion Stage (Series B),Australia,Asia-Pacific,18.0,2.9444389791664403,4.330733340286331
Metro Africa Xpress,1,False,2025-02-13,2025-02-13,0,,,150.0,150.0,150.0,,,,Logistics,Travel & Transportation,Unknown,Unspecified / Private,Nigeria,Africa,64.0,4.174387269895637,5.017279836814924
Metromile,2,True,2020-04-06,2022-07-28,843,843.0,843.0,160.0,80.0,100.0,0.265,0.265,0.33,Finance,Fintech & Financial Services,Acquired,Acquired / Subsidiary,United States,North America,510.0,6.236369590203704,5.081404364984463
Mews,2,True,2020-04-03,2026-07-07,2286,2286.0,2286.0,200.0,200.0,200.0,0.15,0.15,0.15,Travel,Travel & Transportation,Series D,Late Stage (Series C-D),Netherlands,Europe,817.0,6.706862336602747,5.303304908059076
MiQ,1,False,2023-07-20,2023-07-20,0,,,,,,,,,Marketing,Marketing & Media,Private Equity,Private Equity Owned,United Kingdom,Europe,,,
MicroVision,1,False,2026-03-03,2026-03-03,0,,,49.0,49.0,49.0,,,,Other,Other / Diversified,Post-IPO,Public (Post-IPO),United States,North America,415.0,6.030685260261263,3.912023005428146
Micron,3,True,2023-01-01,2025-08-12,954,477.0,47.0,7500.0,2500.0,4800.0,0.07500000000000001,0.07500000000000001,0.1,Hardware,Hardware & Manufacturing,Post-IPO,Public (Post-IPO),United States,North America,50.0,3.9318256327243257,8.922791623969637
Microsoft,17,True,2022-07-12,2026-07-06,1455,90.9375,7.0,34855.0,3168.6363636363635,10000.0,0.033999999999999996,0.03,0.05,Other,Other / Diversified,Post-IPO,Public (Post-IPO),United States,North America,1.0,0.6931471805599453,10.458980567797278
Migo,1,False,2020-04-28,2020-04-28,0,,,,,,0.25,0.25,0.25,Finance,Fintech & Financial Services,Series B,Expansion Stage (Series B),United States,North America,37.0,3.6375861597263857,
Milkbasket,1,False,2023-07-27,2023-07-27,0,,,400.0,400.0,400.0,0.67,0.67,0.67,Food,Consumer & Retail,Acquired,Acquired / Subsidiary,India,Asia-Pacific,39.0,3.6888794541139363,5.993961427306569
Milkrun,2,True,2023-02-15,2023-04-11,55,55.0,55.0,400.0,400.0,400.0,0.6,0.6,1.0,Food,Consumer & Retail,Series A,Early Venture (Series A),Australia,Asia-Pacific,86.0,4.465908118654584,5.993961427306569
MindBody,2,True,2020-04-02,2022-10-26,937,937.0,937.0,1100.0,550.0,700.0,0.25,0.25,0.35,Fitness,Other / Diversified,Post-IPO,Public (Post-IPO),United States,North America,114.0,4.74493212836325,7.00397413672268
Mindgeek,1,False,2022-06-22,2022-06-22,0,,,,,,,,,Media,Marketing & Media,Unknown,Unspecified / Private,Luxembourg,Other / International,,,
Mindstrong,1,False,2023-02-02,2023-02-02,0,,,127.0,127.0,127.0,,,,Healthcare,Healthcare & BioTech,Series C,Late Stage (Series C-D),United States,North America,160.0,5.081404364984463,4.852030263919617
Minted,1,False,2020-04-03,2020-04-03,0,,,147.0,147.0,147.0,0.37,0.37,0.37,Retail,Consumer & Retail,Series E,Growth Stage (Series E+),United States,North America,297.0,5.697093486505405,4.997212273764115
Minute Media,1,False,2023-01-08,2023-01-08,0,,,50.0,50.0,50.0,0.1,0.1,0.1,Media,Marketing & Media,Series I,Growth Stage (Series E+),United Kingdom,Europe,160.0,5.081404364984463,3.9318256327243257
Miro,2,True,2023-02-02,2024-10-30,636,636.0,636.0,394.0,197.0,275.0,0.125,0.125,0.18,Other,Other / Diversified,Series C,Late Stage (Series C-D),United States,North America,476.0,6.1675164908883415,5.978885764901122
Misfits Market,1,False,2023-02-09,2023-02-09,0,,,649.0,649.0,649.0,0.33,0.33,0.33,Food,Consumer & Retail,Series C,Late Stage (Series C-D),United States,North America,526.0,6.267200548541362,6.476972362889683
MissFresh,1,False,2022-07-29,2022-07-29,0,,,,,,,,,Food,Consumer & Retail,Post-IPO,Public (Post-IPO),China,Asia-Pacific,1700.0,7.438971592395862,
Mister Spex,1,False,2024-08-15,2024-08-15,0,,,,,,0.1,0.1,0.1,Retail,Consumer & Retail,Post-IPO,Public (Post-IPO),Germany,Europe,158.0,5.0689042022202315,
Mixpanel,1,False,2020-05-12,2020-05-12,0,,,65.0,65.0,65.0,0.19,0.19,0.19,Data,Enterprise & Infrastructure,Series B,Expansion Stage (Series B),United States,North America,77.0,4.356708826689592,4.189654742026425
Mixtroz,1,False,2024-12-06,2024-12-06,0,,,,,,1.0,1.0,1.0,Other,Other / Diversified,Seed,Early Stage (Seed),United States,North America,2.0,1.0986122886681098,
Mobile Premier League,2,True,2022-05-30,2025-09-01,1190,1190.0,1190.0,400.0,200.0,300.0,0.1,0.1,0.1,Consumer,Consumer & Retail,Series E,Growth Stage (Series E+),India,Asia-Pacific,375.0,5.929589143389895,5.993961427306569
Mobileye,2,True,2024-09-09,2025-12-08,455,455.0,455.0,300.0,150.0,200.0,0.04,0.04,0.04,Transportation,Travel & Transportation,Post-IPO,Public (Post-IPO),Israel,Middle East,2100.0,7.650168700845001,5.707110264748875
Mobius Motors,1,False,2024-08-06,2024-08-06,0,,,,,,1.0,1.0,1.0,Transportation,Travel & Transportation,Unknown,Unspecified / Private,Kenya,Africa,6.0,1.9459101490553132,
Mode Analytics,2,True,2020-05-13,2022-09-12,852,852.0,852.0,42.0,21.0,25.0,,,,Data,Enterprise & Infrastructure,Series D,Late Stage (Series C-D),United States,North America,81.0,4.406719247264253,3.7612001156935624
Mode Global,1,False,2023-01-26,2023-01-26,0,,,,,,1.0,1.0,1.0,Finance,Fintech & Financial Services,Post-IPO,Public (Post-IPO),United Kingdom,Europe,,,
Modern Hydrogen,1,False,2025-12-03,2025-12-03,0,,,,,,,,,Energy,Other / Diversified,Series B,Expansion Stage (Series B),United States,North America,99.0,4.605170185988092,
Modern Treasury,1,False,2022-12-16,2022-12-16,0,,,,,,0.18,0.18,0.18,Finance,Fintech & Financial Services,Series C,Late Stage (Series C-D),United States,North America,183.0,5.214935757608986,
Modsy,2,True,2020-04-02,2022-06-29,818,818.0,818.0,,,,,,,Retail,Consumer & Retail,Series C,Late Stage (Series C-D),United States,North America,72.0,4.290459441148391,
Moglix,1,False,2023-01-05,2023-01-05,0,,,40.0,40.0,40.0,0.02,0.02,0.02,Retail,Consumer & Retail,Series F,Growth Stage (Series E+),Singapore,Asia-Pacific,472.0,6.159095388491933,3.713572066704308
Mogo,1,False,2020-03-27,2020-03-27,0,,,78.0,78.0,78.0,0.3,0.3,0.3,Finance,Fintech & Financial Services,Post-IPO,Public (Post-IPO),Canada,North America,201.0,5.308267697401205,4.3694478524670215
Mojo,1,False,2023-11-30,2023-11-30,0,,,,,,,,,Consumer,Consumer & Retail,Unknown,Unspecified / Private,United States,North America,100.0,4.61512051684126,
Mojo Vision,1,False,2023-01-06,2023-01-06,0,,,,,,0.75,0.75,0.75,Hardware,Hardware & Manufacturing,Series B,Expansion Stage (Series B),United States,North America,204.0,5.3230099791384085,
Mojocare,1,False,2023-06-17,2023-06-17,0,,,170.0,170.0,170.0,0.8,0.8,0.8,Healthcare,Healthcare & BioTech,Series A,Early Venture (Series A),India,Asia-Pacific,24.0,3.2188758248682006,5.14166355650266
Moladin,1,False,2023-02-12,2023-02-12,0,,,360.0,360.0,360.0,0.11,0.11,0.11,Transportation,Travel & Transportation,Series B,Expansion Stage (Series B),Indonesia,Asia-Pacific,138.0,4.9344739331306915,5.8888779583328805
Mollie,1,False,2023-09-11,2023-09-11,0,,,,,,,,,Finance,Fintech & Financial Services,Series C,Late Stage (Series C-D),Netherlands,Europe,928.0,6.834108738813838,
Momentis Surgical,1,False,2023-05-08,2023-05-08,0,,,70.0,70.0,70.0,0.6,0.6,0.6,Healthcare,Healthcare & BioTech,Series D,Late Stage (Series C-D),Israel,Middle East,,,4.2626798770413155
Monarch Tractor,2,True,2024-11-08,2025-11-19,376,376.0,376.0,137.0,68.5,102.0,0.1,0.1,0.1,Other,Other / Diversified,Unknown,Unspecified / Private,United States,North America,214.0,5.3706380281276624,4.927253685157205
Monday.com,1,False,2026-07-22,2026-07-22,0,,,630.0,630.0,630.0,0.2,0.2,0.2,Product,Other / Diversified,Post-IPO,Public (Post-IPO),Israel,Middle East,384.0,5.953243334287785,6.447305862541213
Monese,1,False,2020-05-01,2020-05-01,0,,,35.0,35.0,35.0,,,,Finance,Fintech & Financial Services,Unknown,Unspecified / Private,Portugal,Europe,80.0,4.394449154672439,3.58351893845611
MonieWorld,1,False,2026-08-26,2026-08-26,0,,,,,,1.0,1.0,1.0,Finance,Fintech & Financial Services,Unknown,Unspecified / Private,Nigeria,Africa,,,
Monte Carlo,1,False,2026-03-26,2026-03-26,0,,,,,,0.3,0.3,0.3,Data,Enterprise & Infrastructure,Series D,Late Stage (Series C-D),United States,North America,236.0,5.4680601411351315,
Monzo,3,True,2020-04-09,2026-03-31,2182,1091.0,55.0,335.0,111.66666666666667,165.0,0.08,0.08,0.08,Finance,Fintech & Financial Services,Series F,Growth Stage (Series E+),United Kingdom,Europe,324.0,5.783825182329737,5.817111159963204
Moon Active,2,True,2025-01-27,2026-01-27,365,365.0,365.0,110.0,110.0,110.0,0.05,0.05,0.05,Consumer,Consumer & Retail,Unknown,Unspecified / Private,Israel,Middle East,425.0,6.054439346269371,4.709530201312334
MoonPay,1,False,2024-06-05,2024-06-05,0,,,30.0,30.0,30.0,0.1,0.1,0.1,Crypto,Fintech & Financial Services,Unknown,Unspecified / Private,United States,North America,651.0,6.480044561926653,3.4339872044851463
Moore Threads,1,False,2023-11-06,2023-11-06,0,,,,,,,,,Hardware,Hardware & Manufacturing,Series B,Expansion Stage (Series B),China,Asia-Pacific,,,
Moov,1,False,2024-09-25,2024-09-25,0,,,50.0,50.0,50.0,,,,Finance,Fintech & Financial Services,Series B,Expansion Stage (Series B),United States,North America,77.0,4.356708826689592,3.9318256327243257
Moove,1,False,2022-12-06,2022-12-06,0,,,,,,,,,Transportation,Travel & Transportation,Unknown,Unspecified / Private,Nigeria,Africa,630.0,6.447305862541213,
Moovel,1,False,2020-04-01,2020-04-01,0,,,28.0,28.0,28.0,0.37,0.37,0.37,Transportation,Travel & Transportation,Unknown,Unspecified / Private,United States,North America,,,3.367295829986474
Moovit,1,False,2024-06-19,2024-06-19,0,,,20.0,20.0,20.0,0.1,0.1,0.1,Transportation,Travel & Transportation,Acquired,Acquired / Subsidiary,Israel,Middle East,131.0,4.882801922586371,3.044522437723423
Morning Brew,2,True,2022-11-17,2023-03-09,112,112.0,112.0,40.0,40.0,40.0,0.14,0.14,0.14,Media,Marketing & Media,Acquired,Acquired / Subsidiary,United States,North America,,,3.713572066704308
Morning Consult,2,True,2023-01-20,2024-01-09,354,354.0,354.0,,,,,,,Data,Enterprise & Infrastructure,Series B,Expansion Stage (Series B),United States,North America,91.0,4.5217885770490405,
Moss,2,True,2022-09-23,2023-05-19,238,238.0,238.0,100.0,50.0,70.0,0.15,0.15,0.15,Finance,Fintech & Financial Services,Series B,Expansion Stage (Series B),Germany,Europe,150.0,5.017279836814924,4.61512051684126
Motif Foodworks,2,True,2022-07-06,2024-09-06,793,793.0,793.0,,,,1.0,1.0,1.0,Food,Consumer & Retail,Unknown,Unspecified / Private,United States,North America,344.0,5.84354441703136,
Motif Investing,1,False,2020-04-18,2020-04-18,0,,,,,,1.0,1.0,1.0,Finance,Fintech & Financial Services,Series E,Growth Stage (Series E+),United States,North America,126.0,4.844187086458591,
Motional,3,True,2022-11-30,2024-05-10,527,263.5,72.0,550.0,550.0,550.0,0.225,0.225,0.4,Transportation,Travel & Transportation,Unknown,Unspecified / Private,United States,North America,,,6.311734809152915
Motive,3,True,2022-12-07,2026-08-19,1351,675.5,215.0,488.0,244.0,251.0,0.05333333333333334,0.05,0.06,Transportation,Travel & Transportation,Series F,Growth Stage (Series E+),United States,North America,567.0,6.342121418721152,6.192362489474872
Movement Labs,1,False,2026-07-21,2026-07-21,0,,,,,,1.0,1.0,1.0,Crypto,Fintech & Financial Services,Series B,Expansion Stage (Series B),United States,North America,141.0,4.955827057601261,
Movidesk,2,True,2020-04-20,2022-11-22,946,946.0,946.0,151.0,75.5,118.0,0.25,0.25,0.25,Support,Enterprise & Infrastructure,Acquired,Acquired / Subsidiary,Brazil,Latin America,11.0,2.4849066497880004,5.0238805208462765
MoxiWorks,1,False,2024-07-11,2024-07-11,0,,,,,,,,,Real Estate,Real Estate & PropTech,Private Equity,Private Equity Owned,United States,North America,,,
Moxion Power,2,True,2024-06-26,2024-07-29,33,33.0,33.0,349.0,174.5,248.0,1.0,1.0,1.0,Energy,Other / Diversified,Unknown,Unspecified / Private,United States,North America,124.0,4.8283137373023015,5.857933154483459
Mozilla,2,True,2020-08-11,2024-02-13,1281,1281.0,1281.0,310.0,155.0,250.0,0.15,0.15,0.25,Consumer,Consumer & Retail,Unknown,Unspecified / Private,United States,North America,2.3,1.1939224684724346,5.739792912179234
Mozilla Foundation,1,False,2024-11-05,2024-11-05,0,,,,,,0.3,0.3,0.3,Consumer,Consumer & Retail,Subsidiary,Unspecified / Private,United States,North America,2.3,1.1939224684724346,
Mr Yum,1,False,2023-03-21,2023-03-21,0,,,40.0,40.0,40.0,,,,Food,Consumer & Retail,Series A,Early Venture (Series A),Australia,Asia-Pacific,101.0,4.624972813284271,3.713572066704308
Mr. Yum,1,False,2022-08-22,2022-08-22,0,,,,,,0.17,0.17,0.17,Food,Consumer & Retail,Series A,Early Venture (Series A),Australia,Asia-Pacific,73.0,4.30406509320417,
Mudafy,1,False,2023-01-19,2023-01-19,0,,,,,,0.7000000000000001,0.7000000000000001,0.7000000000000001,Real Estate,Real Estate & PropTech,Series A,Early Venture (Series A),Mexico,Latin America,13.0,2.6390573296152584,
Multiverse,3,True,2023-10-25,2026-01-05,803,401.5,34.0,55.0,55.0,55.0,0.05,0.05,0.05,Education,EdTech & Learning,Series D,Late Stage (Series C-D),United Kingdom,Europe,414.0,6.028278520230698,4.02535169073515
Muni Tienda,1,False,2022-11-23,2022-11-23,0,,,,,,1.0,1.0,1.0,Other,Other / Diversified,Series A,Early Venture (Series A),Colombia,Latin America,20.0,3.044522437723423,
Mural,3,True,2022-05-05,2023-06-01,392,196.0,77.0,260.0,130.0,170.0,0.1,0.1,0.1,Product,Other / Diversified,Series C,Late Stage (Series C-D),United States,North America,192.0,5.262690188904886,5.564520407322694
Mutiny,1,False,2023-06-21,2023-06-21,0,,,,,,0.3,0.3,0.3,Marketing,Marketing & Media,Series B,Expansion Stage (Series B),United States,North America,69.0,4.248495242049359,
Muvin,1,False,2024-02-05,2024-02-05,0,,,,,,1.0,1.0,1.0,Finance,Fintech & Financial Services,Seed,Early Stage (Seed),India,Asia-Pacific,4.0,1.6094379124341003,
Mux,2,True,2022-09-29,2023-05-31,244,244.0,244.0,80.0,40.0,40.0,0.25,0.25,0.3,Infrastructure,Enterprise & Infrastructure,Series D,Late Stage (Series C-D),United States,North America,173.0,5.159055299214529,4.394449154672439
MyBambu,1,False,2025-11-05,2025-11-05,0,,,141.0,141.0,141.0,1.0,1.0,1.0,Finance,Fintech & Financial Services,Unknown,Unspecified / Private,United States,North America,15.0,2.772588722239781,4.955827057601261
MyGate,1,False,2023-02-20,2023-02-20,0,,,200.0,200.0,200.0,0.3,0.3,0.3,Other,Other / Diversified,Series B,Expansion Stage (Series B),India,Asia-Pacific,79.0,4.382026634673881,5.303304908059076
MyHeritage,1,False,2026-07-08,2026-07-08,0,,,75.0,75.0,75.0,0.15,0.15,0.15,Consumer,Consumer & Retail,Acquired,Acquired / Subsidiary,Israel,Middle East,49.0,3.912023005428146,4.330733340286331
Myntra,1,False,2023-07-26,2023-07-26,0,,,50.0,50.0,50.0,,,,Retail,Consumer & Retail,Acquired,Acquired / Subsidiary,India,Asia-Pacific,516.0,6.248042874508429,3.9318256327243257
Mythical Games,1,False,2022-11-04,2022-11-04,0,,,,,,0.1,0.1,0.1,Crypto,Fintech & Financial Services,Series C,Late Stage (Series C-D),United States,North America,260.0,5.564520407322694,
N-able Technologies,2,True,2022-12-09,2026-08-10,1340,1340.0,1340.0,120.0,120.0,120.0,0.06,0.06,0.06,Other,Other / Diversified,Post-IPO,Public (Post-IPO),Canada,North America,225.0,5.420534999272286,4.795790545596741
N26,3,True,2020-05-08,2023-09-29,1239,619.5,154.0,94.0,31.333333333333332,71.0,0.025,0.025,0.04,Finance,Fintech & Financial Services,Series E,Growth Stage (Series E+),Germany,Europe,1700.0,7.438971592395862,4.553876891600541
NCC Group,2,True,2023-02-02,2023-08-10,189,189.0,189.0,125.0,125.0,125.0,0.07,0.07,0.07,Security,Enterprise & Infrastructure,Post-IPO,Public (Post-IPO),United Kingdom,Europe,,,4.836281906951478
NCSoft,1,False,2023-02-02,2023-02-02,0,,,,,,0.2,0.2,0.2,Consumer,Consumer & Retail,Post-IPO,Public (Post-IPO),South Korea,Asia-Pacific,240.0,5.484796933490655,
NCX,1,False,2022-11-28,2022-11-28,0,,,,,,0.4,0.4,0.4,Energy,Other / Diversified,Series B,Expansion Stage (Series B),United States,North America,78.0,4.3694478524670215,
NIO,1,False,2023-11-03,2023-11-03,0,,,,,,0.1,0.1,0.1,Transportation,Travel & Transportation,Post-IPO,Public (Post-IPO),China,Asia-Pacific,7200.0,8.881975184248867,
NS8,1,False,2020-09-11,2020-09-11,0,,,240.0,240.0,240.0,0.95,0.95,0.95,Data,Enterprise & Infrastructure,Series A,Early Venture (Series A),United States,North America,157.9,5.0682750735426705,5.484796933490655
NSO,1,False,2022-08-21,2022-08-21,0,,,100.0,100.0,100.0,0.14,0.14,0.14,Security,Enterprise & Infrastructure,Seed,Early Stage (Seed),Israel,Middle East,1.0,0.6931471805599453,4.61512051684126
NYDIG,1,False,2022-09-22,2022-09-22,0,,,110.0,110.0,110.0,0.33,0.33,0.33,Crypto,Fintech & Financial Services,Private Equity,Private Equity Owned,United States,North America,1400.0,7.244941546337007,4.709530201312334
Namely,1,False,2020-05-01,2020-05-01,0,,,110.0,110.0,110.0,0.4,0.4,0.4,HR,Other / Diversified,Series E,Growth Stage (Series E+),United States,North America,217.0,5.384495062789089,4.709530201312334
Namogoo,2,True,2022-11-09,2023-01-23,75,75.0,75.0,45.0,22.5,25.0,0.15,0.15,0.15,Marketing,Marketing & Media,Series C,Late Stage (Series C-D),Israel,Middle East,69.0,4.248495242049359,3.828641396489095
NanoLock,1,False,2025-02-06,2025-02-06,0,,,,,,1.0,1.0,1.0,Security,Enterprise & Infrastructure,Series B,Expansion Stage (Series B),Israel,Middle East,18.0,2.9444389791664403,
NanoString,1,False,2022-11-08,2022-11-08,0,,,,,,0.1,0.1,0.1,Healthcare,Healthcare & BioTech,Post-IPO,Public (Post-IPO),United States,North America,731.0,6.595780513961311,
NanoString Technologies,1,False,2024-01-06,2024-01-06,0,,,50.0,50.0,50.0,0.09,0.09,0.09,Healthcare,Healthcare & BioTech,Post-IPO,Public (Post-IPO),United States,North America,826.0,6.717804695023691,3.9318256327243257
Nansen,1,False,2023-05-30,2023-05-30,0,,,,,,,,,Crypto,Fintech & Financial Services,Series B,Expansion Stage (Series B),Singapore,Asia-Pacific,88.0,4.48863636973214,
Nate,3,True,2022-06-30,2023-01-27,211,105.5,61.0,60.0,30.0,30.0,0.2,0.2,0.2,Retail,Consumer & Retail,Series A,Early Venture (Series A),United States,North America,47.0,3.871201010907891,4.110873864173311
Natera,1,False,2022-11-22,2022-11-22,0,,,,,,,,,Healthcare,Healthcare & BioTech,Post-IPO,Public (Post-IPO),United States,North America,809.0,6.697034247666484,
National Instruments,1,False,2023-01-31,2023-01-31,0,,,,,,0.04,0.04,0.04,Hardware,Hardware & Manufacturing,Post-IPO,Public (Post-IPO),United States,North America,,,
Nativo,1,False,2020-03-26,2020-03-26,0,,,,,,0.4,0.4,0.4,Marketing,Marketing & Media,Series B,Expansion Stage (Series B),United States,North America,35.0,3.58351893845611,
Nav,1,False,2020-04-07,2020-04-07,0,,,30.0,30.0,30.0,,,,Finance,Fintech & Financial Services,Series C,Late Stage (Series C-D),United States,North America,99.0,4.605170185988092,3.4339872044851463
Navan,2,True,2023-12-05,2023-12-06,1,1.0,1.0,290.0,145.0,145.0,0.05,0.05,0.05,Travel,Travel & Transportation,Unknown,Unspecified / Private,United States,North America,2200.0,7.696667081526462,5.673323267171493
Navi,1,False,2020-06-17,2020-06-17,0,,,40.0,40.0,40.0,0.25,0.25,0.25,Finance,Fintech & Financial Services,Private Equity,Private Equity Owned,India,Asia-Pacific,582.0,6.368187186350492,3.713572066704308
Navi Technologies,1,False,2023-07-13,2023-07-13,0,,,200.0,200.0,200.0,,,,Finance,Fintech & Financial Services,Unknown,Unspecified / Private,India,Asia-Pacific,659.0,6.492239835020471,5.303304908059076
Nayax,2,True,2025-07-07,2026-04-15,282,282.0,282.0,102.0,51.0,70.0,0.045,0.045,0.06,Finance,Fintech & Financial Services,Post-IPO,Public (Post-IPO),Israel,Middle East,245.0,5.5053315359323625,4.634728988229636
Nearmap,2,True,2020-04-22,2023-02-08,1022,1022.0,1022.0,,,,0.15000000000000002,0.15000000000000002,0.2,Construction,Other / Diversified,Acquired,Acquired / Subsidiary,Australia,Asia-Pacific,15.0,2.772588722239781,
Neoleukin Therapeutics,1,False,2023-03-09,2023-03-09,0,,,,,,0.7,0.7,0.7,Healthcare,Healthcare & BioTech,Post-IPO,Public (Post-IPO),United States,North America,157.0,5.062595033026967,
Neon,3,True,2020-04-13,2023-10-10,1275,637.5,237.0,460.0,153.33333333333334,210.0,0.095,0.095,0.1,Finance,Fintech & Financial Services,Series D,Late Stage (Series C-D),Brazil,Latin America,727.0,6.590301048196686,6.133398042996649
NerdWallet,1,False,2024-07-30,2024-07-30,0,,,,,,0.15,0.15,0.15,Finance,Fintech & Financial Services,Post-IPO,Public (Post-IPO),United States,North America,105.0,4.663439094112067,
Nerdy,1,False,2022-12-08,2022-12-08,0,,,,,,0.17,0.17,0.17,Education,EdTech & Learning,Post-IPO,Public (Post-IPO),United States,North America,150.0,5.017279836814924,
Nestcoin,1,False,2022-11-14,2022-11-14,0,,,30.0,30.0,30.0,,,,Crypto,Fintech & Financial Services,Seed,Early Stage (Seed),Nigeria,Africa,6.0,1.9459101490553132,3.4339872044851463
NetApp,3,True,2023-01-31,2026-05-27,1212,606.0,392.0,1737.0,579.0,960.0,0.07,0.07,0.08,Data,Enterprise & Infrastructure,Post-IPO,Public (Post-IPO),United States,North America,,,7.460490305825338
NetEase,1,False,2025-02-22,2025-02-22,0,,,,,,,,,Consumer,Consumer & Retail,Post-IPO,Public (Post-IPO),Japan,Asia-Pacific,,,
Netflix,5,True,2022-04-28,2026-08-13,1568,392.0,19.0,505.0,126.25,300.0,0.02,0.02,0.03,Media,Marketing & Media,Post-IPO,Public (Post-IPO),United States,North America,121900.0,11.710964518881163,6.226536669287466
Netlify,2,True,2022-12-01,2023-07-13,224,224.0,224.0,48.0,48.0,48.0,0.16,0.16,0.16,Other,Other / Diversified,Series D,Late Stage (Series C-D),United States,North America,212.0,5.3612921657094255,3.8918202981106265
NeuroPixel.AI,1,False,2026-04-03,2026-04-03,0,,,,,,1.0,1.0,1.0,Retail,Consumer & Retail,Seed,Early Stage (Seed),India,Asia-Pacific,1.0,0.6931471805599453,
Nevro,1,False,2024-01-09,2024-01-09,0,,,63.0,63.0,63.0,0.05,0.05,0.05,Healthcare,Healthcare & BioTech,Post-IPO,Public (Post-IPO),United States,North America,556.0,6.322565239927284,4.1588830833596715
New Relic,6,True,2020-06-29,2024-11-12,1597,319.4,223.0,545.0,136.25,255.0,0.07333333333333335,0.07,0.1,Infrastructure,Enterprise & Infrastructure,Acquired,Acquired / Subsidiary,United States,North America,214.5,5.372960909543803,6.302618975744905
New Work SE,1,False,2024-01-11,2024-01-11,0,,,400.0,400.0,400.0,,,,Consumer,Consumer & Retail,Post-IPO,Public (Post-IPO),Germany,Europe,,,5.993961427306569
Newfront Insurance,1,False,2020-04-07,2020-04-07,0,,,94.0,94.0,94.0,,,,Finance,Fintech & Financial Services,Unknown,Unspecified / Private,United States,North America,,,4.553876891600541
Nexar,3,True,2022-11-30,2023-09-04,278,139.0,35.0,54.0,18.0,25.0,0.14,0.14,0.14,Transportation,Travel & Transportation,Series D,Late Stage (Series C-D),United States,North America,149.0,5.0106352940962555,4.007333185232471
Next Insurance,1,False,2022-07-07,2022-07-07,0,,,150.0,150.0,150.0,0.17,0.17,0.17,Finance,Fintech & Financial Services,Series E,Growth Stage (Series E+),United States,North America,881.0,6.782192056006791,5.017279836814924
NextGen Healthcare,1,False,2023-11-17,2023-11-17,0,,,84.0,84.0,84.0,,,,Healthcare,Healthcare & BioTech,Acquired,Acquired / Subsidiary,United States,North America,,,4.442651256490317
NextRoll,2,True,2022-07-08,2022-09-15,69,69.0,69.0,,,,0.05,0.05,0.07,Marketing,Marketing & Media,Unknown,Unspecified / Private,United States,North America,108.0,4.6913478822291435,
Nextbite,2,True,2022-07-09,2023-05-18,313,313.0,313.0,,,,,,,Food,Consumer & Retail,Series C,Late Stage (Series C-D),United States,North America,150.0,5.017279836814924,
Nextdoor,2,True,2023-11-07,2025-08-07,639,639.0,639.0,67.0,67.0,67.0,0.185,0.185,0.25,Consumer,Consumer & Retail,Post-IPO,Public (Post-IPO),United States,North America,736.0,6.602587892189336,4.219507705176107
Nextiva,1,False,2022-12-06,2022-12-06,0,,,,,,0.17,0.17,0.17,Other,Other / Diversified,Private Equity,Private Equity Owned,United States,North America,200.0,5.303304908059076,
Niantic,4,True,2022-06-29,2025-03-25,1000,333.3333333333333,41.0,483.0,120.75,230.0,0.08,0.08,0.08,Other,Other / Diversified,Series D,Late Stage (Series C-D),United States,North America,770.0,6.647688373563329,6.182084906716632
Niche,1,False,2024-03-08,2024-03-08,0,,,24.0,24.0,24.0,0.07,0.07,0.07,Education,EdTech & Learning,Series C,Late Stage (Series C-D),United States,North America,44.0,3.8066624897703196,3.2188758248682006
Nikola,2,True,2023-06-16,2024-10-11,483,483.0,483.0,400.0,200.0,270.0,0.15,0.15,0.15,Transportation,Travel & Transportation,Post-IPO,Public (Post-IPO),United States,North America,3300.0,8.101980731853192,5.993961427306569
Ninja Van,2,True,2024-04-29,2024-07-01,63,63.0,63.0,21.0,21.0,21.0,0.07500000000000001,0.07500000000000001,0.1,Transportation,Travel & Transportation,Series E,Growth Stage (Series E+),Singapore,Asia-Pacific,974.0,6.882437470997847,3.091042453358316
Ninjacart,1,False,2021-02-23,2021-02-23,0,,,200.0,200.0,200.0,,,,Food,Consumer & Retail,Unknown,Unspecified / Private,India,Asia-Pacific,194.0,5.272999558563747,5.303304908059076
Nirvana Money,1,False,2022-11-15,2022-11-15,0,,,,,,1.0,1.0,1.0,Finance,Fintech & Financial Services,Unknown,Unspecified / Private,United States,North America,,,
No Fluff Jobs,1,False,2023-03-04,2023-03-04,0,,,13.0,13.0,13.0,,,,HR,Other / Diversified,Acquired,Acquired / Subsidiary,Poland,Other / International,,,2.6390573296152584
Noa Technologies,1,False,2026-04-22,2026-04-22,0,,,69.0,69.0,69.0,,,,Other,Other / Diversified,Unknown,Unspecified / Private,United States,North America,,,4.248495242049359
Noice,1,False,2023-08-15,2023-08-15,0,,,,,,,,,Consumer,Consumer & Retail,Seed,Early Stage (Seed),Finland,Europe,5.0,1.791759469228055,
Nomad,1,False,2022-08-04,2022-08-04,0,,,,,,0.2,0.2,0.2,Finance,Fintech & Financial Services,Series B,Expansion Stage (Series B),Brazil,Latin America,290.0,5.673323267171493,
Nomad Health,3,True,2023-10-20,2024-02-05,108,54.0,0.0,119.0,119.0,119.0,0.21000000000000002,0.21000000000000002,0.25,Healthcare,Healthcare & BioTech,Unknown,Unspecified / Private,United States,North America,218.0,5.389071729816501,4.787491742782046
Noogata,1,False,2025-05-15,2025-05-15,0,,,10.0,10.0,10.0,1.0,1.0,1.0,AI,Other / Diversified,Series A,Early Venture (Series A),Israel,Middle East,28.0,3.367295829986474,2.3978952727983707
Noom,4,True,2022-04-29,2024-01-30,641,213.66666666666666,106.0,995.0,497.5,500.0,0.1,0.1,0.1,Fitness,Other / Diversified,Series F,Growth Stage (Series E+),United States,North America,657.0,6.489204931325317,6.903747257584598
Noon,1,False,2023-04-18,2023-04-18,0,,,340.0,340.0,340.0,0.1,0.1,0.1,Retail,Consumer & Retail,Unknown,Unspecified / Private,Saudi Arabia,Middle East,,,5.831882477283517
Nori,2,True,2023-04-10,2024-09-09,518,518.0,518.0,10.0,10.0,10.0,0.685,0.685,1.0,Energy,Other / Diversified,Unknown,Unspecified / Private,United States,North America,19.0,2.995732273553991,2.3978952727983707
Northvolt,2,True,2024-09-23,2025-03-31,189,189.0,189.0,4400.0,2200.0,2800.0,0.41000000000000003,0.41000000000000003,0.62,Energy,Other / Diversified,Unknown,Unspecified / Private,Sweden,Europe,13800.0,9.53249633228804,8.38958706681109
Notable Labs,1,False,2024-09-20,2024-09-20,0,,,,,,0.65,0.65,0.65,Healthcare,Healthcare & BioTech,Series B,Expansion Stage (Series B),United States,North America,,,
Notarize,2,True,2022-06-15,2022-10-31,138,138.0,138.0,170.0,85.0,110.0,0.25,0.25,0.25,Legal,Professional Services,Series D,Late Stage (Series C-D),United States,North America,213.0,5.365976015021851,5.14166355650266
Nothing,1,False,2026-07-26,2026-07-26,0,,,100.0,100.0,100.0,0.12,0.12,0.12,Hardware,Hardware & Manufacturing,Series C,Late Stage (Series C-D),United Kingdom,Europe,454.0,6.12029741895095,4.61512051684126
Nova Benefits,1,False,2022-06-28,2022-06-28,0,,,,,,0.3,0.3,0.3,Healthcare,Healthcare & BioTech,Series B,Expansion Stage (Series B),India,Asia-Pacific,41.0,3.7376696182833684,
Nowadays,1,False,2023-09-18,2023-09-18,0,,,,,,1.0,1.0,1.0,Food,Consumer & Retail,Seed,Early Stage (Seed),United States,North America,10.0,2.3978952727983707,
Nowports,1,False,2023-03-30,2023-03-30,0,,,,,,0.15,0.15,0.15,Logistics,Travel & Transportation,Series C,Late Stage (Series C-D),Mexico,Latin America,,,
NuScale Power,1,False,2024-01-08,2024-01-08,0,,,154.0,154.0,154.0,0.28,0.28,0.28,Energy,Other / Diversified,Post-IPO,Public (Post-IPO),United States,North America,470.0,6.154858094016418,5.043425116919247
Nuance Communications,1,False,2023-05-20,2023-05-20,0,,,,,,,,,Healthcare,Healthcare & BioTech,Acquired,Acquired / Subsidiary,United States,North America,,,
Nubank,3,True,2023-01-31,2023-06-07,127,63.5,43.0,366.0,122.0,296.0,,,,Finance,Fintech & Financial Services,Post-IPO,Public (Post-IPO),Brazil,Latin America,4100.0,8.31898612539206,5.905361848054571
Numbrs,1,False,2020-05-07,2020-05-07,0,,,62.0,62.0,62.0,0.5,0.5,0.5,Finance,Fintech & Financial Services,Series B,Expansion Stage (Series B),Switzerland,Europe,78.0,4.3694478524670215,4.143134726391533
NuoDB,1,False,2020-04-10,2020-04-10,0,,,20.0,20.0,20.0,0.29,0.29,0.29,Data,Enterprise & Infrastructure,Unknown,Unspecified / Private,United States,North America,85.0,4.454347296253507,3.044522437723423
Nuri,2,True,2022-05-25,2022-10-17,145,145.0,145.0,45.0,45.0,45.0,0.6,0.6,1.0,Crypto,Fintech & Financial Services,Series B,Expansion Stage (Series B),Germany,Europe,42.0,3.7612001156935624,3.828641396489095
Nuro,3,True,2022-07-13,2023-05-12,303,151.5,128.0,647.0,215.66666666666666,340.0,0.25,0.25,0.3,Transportation,Travel & Transportation,Series D,Late Stage (Series C-D),United States,North America,2100.0,7.650168700845001,6.473890696352274
Nutanix,2,True,2022-08-09,2026-08-04,1456,1456.0,1456.0,270.0,270.0,270.0,0.045,0.045,0.05,Infrastructure,Enterprise & Infrastructure,Post-IPO,Public (Post-IPO),United States,North America,1100.0,7.00397413672268,5.602118820879701
Nylas,1,False,2022-08-02,2022-08-02,0,,,80.0,80.0,80.0,0.25,0.25,0.25,Product,Other / Diversified,Series C,Late Stage (Series C-D),United States,North America,175.0,5.170483995038151,4.394449154672439
Nyriad,1,False,2022-10-10,2022-10-10,0,,,,,,0.33,0.33,0.33,Infrastructure,Enterprise & Infrastructure,Unknown,Unspecified / Private,United States,North America,58.0,4.07753744390572,
O'Reilly Media,1,False,2020-03-25,2020-03-25,0,,,75.0,75.0,75.0,0.15,0.15,0.15,Media,Marketing & Media,Unknown,Unspecified / Private,United States,North America,,,4.330733340286331
OFFOR Health,1,False,2023-01-24,2023-01-24,0,,,16.0,16.0,16.0,,,,Healthcare,Healthcare & BioTech,Series A,Early Venture (Series A),United States,North America,14.0,2.70805020110221,2.833213344056216
OKCredit,1,False,2022-02-24,2022-02-24,0,,,30.0,30.0,30.0,,,,Finance,Fintech & Financial Services,Series B,Expansion Stage (Series B),India,Asia-Pacific,85.0,4.454347296253507,3.4339872044851463
OLX Group,2,True,2023-01-30,2023-06-20,141,141.0,141.0,2300.0,1150.0,1500.0,0.15,0.15,0.15,Marketing,Marketing & Media,Acquired,Acquired / Subsidiary,Netherlands,Europe,,,7.741099090035366
OLX India,1,False,2020-10-10,2020-10-10,0,,,250.0,250.0,250.0,,,,Marketing,Marketing & Media,Acquired,Acquired / Subsidiary,India,Asia-Pacific,28.0,3.367295829986474,5.5254529391317835
ON,1,False,2024-07-16,2024-07-16,0,,,60.0,60.0,60.0,1.0,1.0,1.0,Retail,Consumer & Retail,Unknown,Unspecified / Private,United States,North America,81.0,4.406719247264253,4.110873864173311
OP Labs,1,False,2026-03-12,2026-03-12,0,,,20.0,20.0,20.0,,,,Crypto,Fintech & Financial Services,Unknown,Unspecified / Private,United States,North America,,,3.044522437723423
OPay,1,False,2020-05-06,2020-05-06,0,,,,,,0.7000000000000001,0.7000000000000001,0.7000000000000001,Finance,Fintech & Financial Services,Series B,Expansion Stage (Series B),Nigeria,Africa,170.0,5.14166355650266,
OSlash,1,False,2023-11-09,2023-11-09,0,,,,,,1.0,1.0,1.0,Other,Other / Diversified,Seed,Early Stage (Seed),India,Asia-Pacific,7.0,2.0794415416798357,
OYO,5,True,2020-04-25,2022-12-03,952,238.0,6.0,1850.0,462.5,600.0,,,,Travel,Travel & Transportation,Series F,Growth Stage (Series E+),India,Asia-Pacific,4000.0,8.294299608857235,7.523481312573497
Oatly,1,False,2022-11-15,2022-11-15,0,,,,,,,,,Food,Consumer & Retail,Post-IPO,Public (Post-IPO),Sweden,Europe,441.0,6.091309882077698,
Observe.AI,1,False,2023-02-15,2023-02-15,0,,,,,,,,,Support,Enterprise & Infrastructure,Series C,Late Stage (Series C-D),United States,North America,214.0,5.3706380281276624,
Ocado,2,True,2023-12-31,2026-02-26,788,788.0,788.0,2000.0,1000.0,1000.0,0.05,0.05,0.05,Food,Consumer & Retail,Post-IPO,Public (Post-IPO),United Kingdom,Europe,2000.0,7.601402334583733,7.601402334583733
Ocavu,1,False,2022-11-10,2022-11-10,0,,,20.0,20.0,20.0,0.48,0.48,0.48,Crypto,Fintech & Financial Services,Series A,Early Venture (Series A),United States,North America,11.0,2.4849066497880004,3.044522437723423
Octopus Network,1,False,2022-12-27,2022-12-27,0,,,,,,0.4,0.4,0.4,Crypto,Fintech & Financial Services,Series A,Early Venture (Series A),Seychelles,Other / International,8.0,2.1972245773362196,
Oda,3,True,2022-11-01,2024-06-05,582,291.0,0.0,290.0,96.66666666666667,150.0,0.12,0.12,0.18,Food,Consumer & Retail,Unknown,Unspecified / Private,Norway,Europe,691.0,6.539585955617669,5.673323267171493
Oddle,1,False,2023-04-27,2023-04-27,0,,,,,,0.25,0.25,0.25,Food,Consumer & Retail,Series B,Expansion Stage (Series B),Singapore,Asia-Pacific,9.0,2.302585092994046,
OfferUp,3,True,2022-11-15,2025-10-15,1065,532.5,308.0,,,,0.20500000000000002,0.20500000000000002,0.22,Retail,Consumer & Retail,Unknown,Unspecified / Private,United States,North America,381.0,5.945420608606575,
Offerpad,1,False,2022-11-11,2022-11-11,0,,,,,,0.07,0.07,0.07,Real Estate,Real Estate & PropTech,Post-IPO,Public (Post-IPO),United States,North America,355.0,5.87493073085203,
Oh My Green,1,False,2020-03-27,2020-03-27,0,,,40.0,40.0,40.0,,,,Food,Consumer & Retail,Seed,Early Stage (Seed),United States,North America,20.0,3.044522437723423,3.713572066704308
Ohm Mobility,1,False,2025-07-24,2025-07-24,0,,,,,,1.0,1.0,1.0,Transportation,Travel & Transportation,Seed,Early Stage (Seed),India,Asia-Pacific,,,
Okra,1,False,2025-07-02,2025-07-02,0,,,,,,1.0,1.0,1.0,Finance,Fintech & Financial Services,Series A,Early Venture (Series A),Nigeria,Africa,12.0,2.5649493574615367,
Okta,4,True,2022-08-26,2025-02-04,893,297.6666666666667,160.0,904.0,226.0,400.0,0.05000000000000001,0.05,0.07,Security,Enterprise & Infrastructure,Post-IPO,Public (Post-IPO),United States,North America,1200.0,7.0909098220799835,6.807934943699926
Ola,5,True,2020-05-20,2024-04-29,1440,360.0,52.0,2980.0,596.0,1400.0,0.22499999999999998,0.22499999999999998,0.35,Transportation,Travel & Transportation,Series J,Growth Stage (Series E+),India,Asia-Pacific,5000.0,8.517393171418904,8.000014093678072
Ola Electric,2,True,2024-11-22,2025-03-03,101,101.0,101.0,1500.0,750.0,1000.0,,,,Transportation,Travel & Transportation,Post-IPO,Public (Post-IPO),India,Asia-Pacific,1700.0,7.438971592395862,7.313886831633462
Olist,2,True,2022-05-23,2023-01-30,252,252.0,252.0,,,,,,,Retail,Consumer & Retail,Series E,Growth Stage (Series E+),Brazil,Latin America,322.0,5.777652323222656,
Olive,2,True,2022-07-19,2023-10-31,469,469.0,469.0,450.0,450.0,450.0,0.655,0.655,1.0,Healthcare,Healthcare & BioTech,Series H,Growth Stage (Series E+),United States,North America,856.0,6.75343791859778,6.111467339502679
Olive AI,1,False,2023-02-09,2023-02-09,0,,,215.0,215.0,215.0,0.35,0.35,0.35,Healthcare,Healthcare & BioTech,Series H,Growth Stage (Series E+),United States,North America,856.0,6.75343791859778,5.375278407684165
Olo,2,True,2023-06-14,2024-09-23,467,467.0,467.0,81.0,81.0,81.0,0.1,0.1,0.11,Food,Consumer & Retail,Post-IPO,Public (Post-IPO),United States,North America,184.0,5.220355825078324,4.406719247264253
Omie,1,False,2020-04-09,2020-04-09,0,,,136.0,136.0,136.0,0.31,0.31,0.31,Finance,Fintech & Financial Services,Series B,Expansion Stage (Series B),Brazil,Latin America,26.0,3.295836866004329,4.919980925828125
Omnipresent,1,False,2023-02-01,2023-02-01,0,,,,,,,,,HR,Other / Diversified,Series B,Expansion Stage (Series B),United Kingdom,Europe,137.0,4.927253685157205,
Omuni,1,False,2023-08-30,2023-08-30,0,,,60.0,60.0,60.0,0.35,0.35,0.35,Retail,Consumer & Retail,Acquired,Acquired / Subsidiary,India,Asia-Pacific,10.0,2.3978952727983707,4.110873864173311
On Deck,2,True,2022-05-05,2022-08-04,91,91.0,91.0,145.0,72.5,73.0,0.29000000000000004,0.29000000000000004,0.33,Education,EdTech & Learning,Series A,Early Venture (Series A),United States,North America,20.0,3.044522437723423,4.983606621708336
OnDeck,1,False,2020-07-08,2020-07-08,0,,,,,,,,,Finance,Fintech & Financial Services,Post-IPO,Public (Post-IPO),United States,North America,1200.0,7.0909098220799835,
One Identity,1,False,2026-05-11,2026-05-11,0,,,41.0,41.0,41.0,,,,Security,Enterprise & Infrastructure,Unknown,Unspecified / Private,Germany,Europe,,,3.7376696182833684
OneFootball,2,True,2022-12-09,2023-02-23,76,76.0,76.0,212.0,106.0,150.0,0.2175,0.2175,0.32,Marketing,Marketing & Media,Series D,Late Stage (Series C-D),Germany,Europe,442.0,6.093569770045136,5.3612921657094255
OnePipe,1,False,2023-03-29,2023-03-29,0,,,,,,,,,Finance,Fintech & Financial Services,Seed,Early Stage (Seed),Nigeria,Africa,9.0,2.302585092994046,
OneStudyTeam,1,False,2022-12-06,2022-12-06,0,,,,,,0.25,0.25,0.25,Healthcare,Healthcare & BioTech,Series D,Late Stage (Series C-D),United States,North America,479.0,6.173786103901937,
OneTrust,2,True,2020-04-09,2022-06-09,791,791.0,791.0,1100.0,550.0,950.0,0.175,0.175,0.25,Security,Enterprise & Infrastructure,Series C,Late Stage (Series C-D),United States,North America,926.0,6.831953565565855,7.00397413672268
OneWeb,1,False,2020-03-27,2020-03-27,0,,,451.0,451.0,451.0,0.85,0.85,0.85,Aerospace,Hardware & Manufacturing,Unknown,Unspecified / Private,United Kingdom,Europe,3000.0,8.006700845440367,6.113682179832232
Onfido,1,False,2023-07-24,2023-07-24,0,,,,,,,,,Finance,Fintech & Financial Services,Series D,Late Stage (Series C-D),United Kingdom,Europe,182.0,5.209486152841421,
OnlyFans,1,False,2022-08-01,2022-08-01,0,,,,,,,,,Media,Marketing & Media,Unknown,Unspecified / Private,United Kingdom,Europe,,,
Opal,1,False,2020-03-27,2020-03-27,0,,,20.0,20.0,20.0,,,,Marketing,Marketing & Media,Series B,Expansion Stage (Series B),United States,North America,25.0,3.258096538021482,3.044522437723423
Open,1,False,2023-04-20,2023-04-20,0,,,47.0,47.0,47.0,,,,Finance,Fintech & Financial Services,Series D,Late Stage (Series C-D),India,Asia-Pacific,190.0,5.25227342804663,3.871201010907891
Open Co,1,False,2023-02-10,2023-02-10,0,,,,,,,,,Finance,Fintech & Financial Services,Series D,Late Stage (Series C-D),Brazil,Latin America,140.0,4.948759890378168,
OpenClassrooms,1,False,2023-04-14,2023-04-14,0,,,,,,0.25,0.25,0.25,Education,EdTech & Learning,Series C,Late Stage (Series C-D),France,Europe,150.0,5.017279836814924,
OpenSea,2,True,2022-07-14,2023-11-03,477,477.0,477.0,,,,0.35,0.35,0.5,Crypto,Fintech & Financial Services,Series C,Late Stage (Series C-D),United States,North America,427.0,6.059123195581797,
OpenSpace,1,False,2023-11-02,2023-11-02,0,,,,,,,,,Construction,Other / Diversified,Series D,Late Stage (Series C-D),United States,North America,200.0,5.303304908059076,
OpenText,5,True,2023-01-31,2026-07-08,1254,313.5,106.0,3200.0,1066.6666666666667,1600.0,0.04,0.02,0.08,Data,Enterprise & Infrastructure,Post-IPO,Public (Post-IPO),Canada,North America,1100.0,7.00397413672268,8.071218539969863
OpenWeb,1,False,2022-06-15,2022-06-15,0,,,14.0,14.0,14.0,0.05,0.05,0.05,Media,Marketing & Media,Series E,Growth Stage (Series E+),Israel,Middle East,223.0,5.4116460518550396,2.70805020110221
OpenX,1,False,2020-04-28,2020-04-28,0,,,35.0,35.0,35.0,0.15,0.15,0.15,Marketing,Marketing & Media,Unknown,Unspecified / Private,United States,North America,70.0,4.2626798770413155,3.58351893845611
Opencare,1,False,2020-04-03,2020-04-03,0,,,18.0,18.0,18.0,0.25,0.25,0.25,Healthcare,Healthcare & BioTech,Series A,Early Venture (Series A),Canada,North America,24.0,3.2188758248682006,2.9444389791664403
Opendoor,5,True,2020-04-15,2026-06-10,2247,561.75,167.0,2260.0,452.0,600.0,0.23,0.2,0.35,Real Estate,Real Estate & PropTech,Post-IPO,Public (Post-IPO),India,Asia-Pacific,1900.0,7.550135342488429,7.72356247227797
Openpay,1,False,2023-02-07,2023-02-07,0,,,83.0,83.0,83.0,1.0,1.0,1.0,Finance,Fintech & Financial Services,Post-IPO,Public (Post-IPO),Australia,Asia-Pacific,299.0,5.703782474656201,4.430816798843313
Opora,1,False,2023-06-08,2023-06-08,0,,,,,,1.0,1.0,1.0,Security,Enterprise & Infrastructure,Seed,Early Stage (Seed),United States,North America,7.0,2.0794415416798357,
Oportun,2,True,2023-02-09,2023-11-07,271,271.0,271.0,340.0,170.0,185.0,0.085,0.085,0.1,Finance,Fintech & Financial Services,Post-IPO,Public (Post-IPO),United States,North America,766.0,6.642486801367256,5.831882477283517
Optimizely,1,False,2020-07-15,2020-07-15,0,,,60.0,60.0,60.0,0.15,0.15,0.15,Marketing,Marketing & Media,Series D,Late Stage (Series C-D),United States,North America,251.2,5.5302224235308195,4.110873864173311
Optimove,1,False,2026-06-17,2026-06-17,0,,,,,,0.1,0.1,0.1,Marketing,Marketing & Media,Series A,Early Venture (Series A),Israel,Middle East,20.0,3.044522437723423,
OrCam,4,True,2022-10-23,2024-07-28,644,214.66666666666666,55.0,212.0,70.66666666666667,100.0,0.2833333333333333,0.19,0.5,Healthcare,Healthcare & BioTech,Unknown,Unspecified / Private,Israel,Middle East,86.0,4.465908118654584,5.3612921657094255
Oracle,11,True,2022-08-01,2026-06-23,1422,142.2,0.0,22294.0,2786.75,21000.0,0.13,0.13,0.13,Other,Other / Diversified,Post-IPO,Public (Post-IPO),United States,North America,,,10.012117717061576
Orbit,1,False,2022-08-12,2022-08-12,0,,,,,,,,,Other,Other / Diversified,Series A,Early Venture (Series A),United States,North America,20.0,3.044522437723423,
Orbotech,1,False,2024-03-19,2024-03-19,0,,,100.0,100.0,100.0,,,,Manufacturing,Hardware & Manufacturing,Acquired,Acquired / Subsidiary,Israel,Middle East,,,4.61512051684126
Orca Security,1,False,2024-01-03,2024-01-03,0,,,60.0,60.0,60.0,0.15,0.15,0.15,Security,Enterprise & Infrastructure,Series C,Late Stage (Series C-D),Israel,Middle East,632.0,6.450470422144176,4.110873864173311
Orchard,4,True,2022-06-23,2023-11-02,497,165.66666666666666,105.0,180.0,180.0,180.0,0.1,0.1,0.1,Real Estate,Real Estate & PropTech,Series D,Late Stage (Series C-D),United States,North America,472.0,6.159095388491933,5.198497031265826
Oriente,1,False,2020-05-04,2020-05-04,0,,,400.0,400.0,400.0,0.2,0.2,0.2,Finance,Fintech & Financial Services,Series B,Expansion Stage (Series B),Hong Kong,Asia-Pacific,175.0,5.170483995038151,5.993961427306569
Oscar Health,1,False,2020-04-23,2020-04-23,0,,,70.0,70.0,70.0,0.05,0.05,0.05,Healthcare,Healthcare & BioTech,Unknown,Unspecified / Private,United States,North America,1300.0,7.170888478512505,4.2626798770413155
Osso VR,1,False,2024-04-01,2024-04-01,0,,,67.0,67.0,67.0,,,,Healthcare,Healthcare & BioTech,Series C,Late Stage (Series C-D),United States,North America,109.0,4.700480365792417,4.219507705176107
Otipy,1,False,2025-05-23,2025-05-23,0,,,300.0,300.0,300.0,1.0,1.0,1.0,Food,Consumer & Retail,Series B,Expansion Stage (Series B),India,Asia-Pacific,44.0,3.8066624897703196,5.707110264748875
Otonomo,2,True,2022-08-28,2022-12-08,102,102.0,102.0,80.0,80.0,80.0,0.5,0.5,0.5,Transportation,Travel & Transportation,Post-IPO,Public (Post-IPO),Israel,Middle East,231.0,5.44673737166631,4.394449154672439
Otorio,1,False,2025-03-17,2025-03-17,0,,,45.0,45.0,45.0,0.56,0.56,0.56,Security,Enterprise & Infrastructure,Acquired,Acquired / Subsidiary,Israel,Middle East,,,3.828641396489095
Otovo,1,False,2024-02-08,2024-02-08,0,,,65.0,65.0,65.0,0.15,0.15,0.15,Energy,Other / Diversified,Post-IPO,Public (Post-IPO),Norway,Europe,247.0,5.5134287461649825,4.189654742026425
Our Next Energy,2,True,2023-11-27,2024-03-04,98,98.0,98.0,168.0,84.0,128.0,0.19,0.19,0.25,Transportation,Travel & Transportation,Series B,Expansion Stage (Series B),United States,North America,390.0,5.968707559985366,5.1298987149230735
Ouster,2,True,2020-09-08,2022-09-20,742,742.0,742.0,,,,0.1,0.1,0.1,Transportation,Travel & Transportation,Post-IPO,Public (Post-IPO),United States,North America,282.0,5.645446897643238,
OutSystems,1,False,2024-04-19,2024-04-19,0,,,150.0,150.0,150.0,0.08,0.08,0.08,Product,Other / Diversified,Series G,Growth Stage (Series E+),United States,North America,802.0,6.688354713946762,5.017279836814924
OutboundEngine,1,False,2020-03-25,2020-03-25,0,,,52.0,52.0,52.0,0.28,0.28,0.28,Marketing,Marketing & Media,Series C,Late Stage (Series C-D),United States,North America,48.0,3.8918202981106265,3.970291913552122
Outbrain,3,True,2022-07-26,2025-02-05,925,462.5,310.0,328.0,109.33333333333333,200.0,0.065,0.065,0.1,Marketing,Marketing & Media,Post-IPO,Public (Post-IPO),United States,North America,394.0,5.978885764901122,5.796057750765372
Outdoorsy,1,False,2020-06-04,2020-06-04,0,,,,,,,,,Transportation,Travel & Transportation,Series C,Late Stage (Series C-D),United States,North America,75.0,4.330733340286331,
Outreach,5,True,2022-08-02,2024-11-06,827,206.75,50.0,197.0,65.66666666666667,70.0,0.076,0.07,0.12,Sales,Professional Services,Series G,Growth Stage (Series E+),United States,North America,489.0,6.194405391104672,5.288267030694535
Outschool,2,True,2022-07-05,2022-12-10,158,158.0,158.0,74.0,37.0,43.0,0.215,0.215,0.25,Education,EdTech & Learning,Series D,Late Stage (Series C-D),United States,North America,240.0,5.484796933490655,4.31748811353631
Outside,2,True,2022-05-20,2022-11-15,179,179.0,179.0,87.0,87.0,87.0,0.135,0.135,0.15,Media,Marketing & Media,Series B,Expansion Stage (Series B),United States,North America,174.0,5.1647859739235145,4.477336814478207
Overtime,1,False,2020-03-25,2020-03-25,0,,,30.0,30.0,30.0,0.23,0.23,0.23,Media,Marketing & Media,Series B,Expansion Stage (Series B),United States,North America,35.0,3.58351893845611,3.4339872044851463
Owlet,1,False,2022-07-22,2022-07-22,0,,,,,,,,,Healthcare,Healthcare & BioTech,Post-IPO,Public (Post-IPO),United States,North America,178.0,5.187385805840755,
Own,1,False,2024-11-19,2024-11-19,0,,,,,,,,,Data,Enterprise & Infrastructure,Acquired,Acquired / Subsidiary,United States,North America,507.0,6.230481447578482,
OwnBackup,1,False,2022-11-15,2022-11-15,0,,,170.0,170.0,170.0,0.17,0.17,0.17,Security,Enterprise & Infrastructure,Series E,Growth Stage (Series E+),United States,North America,507.0,6.230481447578482,5.14166355650266
Oye Rickshaw,1,False,2022-06-29,2022-06-29,0,,,40.0,40.0,40.0,0.2,0.2,0.2,Transportation,Travel & Transportation,Unknown,Unspecified / Private,India,Asia-Pacific,13.0,2.6390573296152584,3.713572066704308
Oyster,3,True,2023-01-11,2023-09-11,243,121.5,19.0,,,,,,,HR,Other / Diversified,Series C,Late Stage (Series C-D),United States,North America,224.0,5.41610040220442,
Ozy Media,1,False,2021-10-01,2021-10-01,0,,,,,,1.0,1.0,1.0,Media,Marketing & Media,Series C,Late Stage (Series C-D),United States,North America,70.0,4.2626798770413155,
PACT Pharma,1,False,2022-07-18,2022-07-18,0,,,94.0,94.0,94.0,,,,Healthcare,Healthcare & BioTech,Series C,Late Stage (Series C-D),United States,North America,200.0,5.303304908059076,4.553876891600541
Pacaso,1,False,2022-10-11,2022-10-11,0,,,100.0,100.0,100.0,0.3,0.3,0.3,Real Estate,Real Estate & PropTech,Series C,Late Stage (Series C-D),United States,North America,217.0,5.384495062789089,4.61512051684126
Packable,1,False,2022-08-23,2022-08-23,0,,,138.0,138.0,138.0,0.2,0.2,0.2,Retail,Consumer & Retail,Unknown,Unspecified / Private,United States,North America,472.0,6.159095388491933,4.9344739331306915
PacketFabric,2,True,2023-05-30,2024-08-15,443,443.0,443.0,,,,,,,Infrastructure,Enterprise & Infrastructure,Unknown,Unspecified / Private,United States,North America,110.0,4.709530201312334,
Paddle,1,False,2023-01-11,2023-01-11,0,,,,,,0.08,0.08,0.08,Finance,Fintech & Financial Services,Series D,Late Stage (Series C-D),United Kingdom,Europe,293.0,5.683579767338681,
PagBank,1,False,2023-01-16,2023-01-16,0,,,500.0,500.0,500.0,0.07,0.07,0.07,Finance,Fintech & Financial Services,Post-IPO,Public (Post-IPO),Brazil,Latin America,,,6.2166061010848646
PagSeguro,1,False,2023-01-25,2023-01-25,0,,,,,,0.07,0.07,0.07,Finance,Fintech & Financial Services,Post-IPO,Public (Post-IPO),Brazil,Latin America,,,
Pagarbook,1,False,2021-07-26,2021-07-26,0,,,80.0,80.0,80.0,,,,HR,Other / Diversified,Series A,Early Venture (Series A),India,Asia-Pacific,17.0,2.8903717578961645,4.394449154672439
Pagaya,2,True,2023-01-18,2024-06-05,504,504.0,504.0,240.0,120.0,140.0,0.2,0.2,0.2,Finance,Fintech & Financial Services,Post-IPO,Public (Post-IPO),Israel,Middle East,2000.0,7.601402334583733,5.484796933490655
PagerDuty,2,True,2023-01-24,2026-08-26,1310,1310.0,1310.0,,,,0.11,0.11,0.15,Product,Other / Diversified,Post-IPO,Public (Post-IPO),United States,North America,173.0,5.159055299214529,
PaisaBazaar,1,False,2020-06-16,2020-06-16,0,,,1500.0,1500.0,1500.0,0.5,0.5,0.5,Finance,Fintech & Financial Services,Series G,Growth Stage (Series E+),India,Asia-Pacific,496.0,6.208590026096629,7.313886831633462
Palantir,2,True,2023-02-27,2025-03-27,759,759.0,759.0,195.0,97.5,120.0,0.02,0.02,0.02,Data,Enterprise & Infrastructure,Post-IPO,Public (Post-IPO),United States,North America,3000.0,8.006700845440367,5.278114659230517
Palmetto Clean Technology,1,False,2023-12-21,2023-12-21,0,,,,,,,,,Energy,Other / Diversified,Private Equity,Private Equity Owned,United States,North America,628.0,6.444131256700441,
Pana,1,False,2020-04-01,2020-04-01,0,,,18.0,18.0,18.0,,,,Travel,Travel & Transportation,Series A,Early Venture (Series A),United States,North America,11.0,2.4849066497880004,2.9444389791664403
Panda Squad,1,False,2020-03-13,2020-03-13,0,,,6.0,6.0,6.0,0.75,0.75,0.75,Consumer,Consumer & Retail,Seed,Early Stage (Seed),United States,North America,1.0,0.6931471805599453,1.9459101490553132
Pandion,1,False,2025-01-10,2025-01-10,0,,,63.0,63.0,63.0,1.0,1.0,1.0,Logistics,Travel & Transportation,Series B,Expansion Stage (Series B),United States,North America,76.0,4.343805421853684,4.1588830833596715
Panther,1,False,2023-06-19,2023-06-19,0,,,,,,1.0,1.0,1.0,HR,Other / Diversified,Seed,Early Stage (Seed),United States,North America,2.0,1.0986122886681098,
Papa,1,False,2022-07-13,2022-07-13,0,,,,,,0.15,0.15,0.15,Other,Other / Diversified,Series D,Late Stage (Series C-D),United States,North America,241.0,5.488937726156687,
Papaya Gaming,1,False,2026-07-26,2026-07-26,0,,,30.0,30.0,30.0,0.07,0.07,0.07,Consumer,Consumer & Retail,Unknown,Unspecified / Private,Israel,Middle East,,,3.4339872044851463
Paper,4,True,2023-04-17,2024-08-16,487,162.33333333333334,42.0,355.0,88.75,106.0,0.1375,0.035,0.45,Education,EdTech & Learning,Series D,Late Stage (Series C-D),Canada,North America,389.0,5.966146739123692,5.87493073085203
Paperless Parts,1,False,2023-05-22,2023-05-22,0,,,,,,,,,Manufacturing,Hardware & Manufacturing,Series B,Expansion Stage (Series B),United States,North America,30.0,3.4339872044851463,
Parallel Wireless,1,False,2022-06-29,2022-06-29,0,,,60.0,60.0,60.0,,,,Infrastructure,Enterprise & Infrastructure,Unknown,Unspecified / Private,United States,North America,8.0,2.1972245773362196,4.110873864173311
Pared,1,False,2020-07-29,2020-07-29,0,,,,,,,,,Food,Consumer & Retail,Unknown,Unspecified / Private,United States,North America,13.0,2.6390573296152584,
Parity Technologies,1,False,2023-10-23,2023-10-23,0,,,100.0,100.0,100.0,0.3,0.3,0.3,Crypto,Fintech & Financial Services,Unknown,Unspecified / Private,United Kingdom,Europe,,,4.61512051684126
Parker,1,False,2026-05-09,2026-05-09,0,,,,,,1.0,1.0,1.0,Finance,Fintech & Financial Services,Series B,Expansion Stage (Series B),United States,North America,57.0,4.060443010546419,
Parler,1,False,2023-01-10,2023-01-10,0,,,60.0,60.0,60.0,0.75,0.75,0.75,Consumer,Consumer & Retail,Series B,Expansion Stage (Series B),United States,North America,36.0,3.6109179126442243,4.110873864173311
Parsable,1,False,2020-04-15,2020-04-15,0,,,40.0,40.0,40.0,0.25,0.25,0.25,HR,Other / Diversified,Series C,Late Stage (Series C-D),United States,North America,72.0,4.290459441148391,3.713572066704308
PartnerStack,1,False,2023-01-24,2023-01-24,0,,,40.0,40.0,40.0,0.2,0.2,0.2,Sales,Professional Services,Series B,Expansion Stage (Series B),Canada,North America,36.0,3.6109179126442243,3.713572066704308
Passport,1,False,2020-03-26,2020-03-26,0,,,44.0,44.0,44.0,,,,Transportation,Travel & Transportation,Series D,Late Stage (Series C-D),United States,North America,123.0,4.820281565605037,3.8066624897703196
Pastel,1,False,2022-09-30,2022-09-30,0,,,,,,1.0,1.0,1.0,Food,Consumer & Retail,Unknown,Unspecified / Private,United States,North America,,,
PathAI,1,False,2023-07-21,2023-07-21,0,,,87.0,87.0,87.0,,,,Healthcare,Healthcare & BioTech,Series C,Late Stage (Series C-D),United States,North America,255.0,5.545177444479562,4.477336814478207
PatientPop,1,False,2020-04-01,2020-04-01,0,,,100.0,100.0,100.0,0.2,0.2,0.2,Healthcare,Healthcare & BioTech,Series B,Expansion Stage (Series B),United States,North America,75.0,4.330733340286331,4.61512051684126
Patreon,5,True,2020-04-21,2026-07-23,2284,571.0,4.0,244.0,48.8,93.0,0.16666666666666666,0.17,0.2,Media,Marketing & Media,Series F,Growth Stage (Series E+),United States,North America,413.0,6.025865973825314,5.501258210544727
PaulCamper,1,False,2023-07-07,2023-07-07,0,,,,,,,,,Travel,Travel & Transportation,Acquired,Acquired / Subsidiary,Germany,Europe,12.0,2.5649493574615367,
Pavilion Data,1,False,2022-10-10,2022-10-10,0,,,96.0,96.0,96.0,0.96,0.96,0.96,Infrastructure,Enterprise & Infrastructure,Series D,Late Stage (Series C-D),United States,North America,103.0,4.6443908991413725,4.574710978503383
Pax8,1,False,2024-04-18,2024-04-18,0,,,,,,0.05,0.05,0.05,Infrastructure,Enterprise & Infrastructure,Unknown,Unspecified / Private,United States,North America,400.0,5.993961427306569,
Paxos,1,False,2024-06-12,2024-06-12,0,,,65.0,65.0,65.0,0.2,0.2,0.2,Crypto,Fintech & Financial Services,Unknown,Unspecified / Private,United States,North America,543.0,6.298949246855942,4.189654742026425
PayFit,1,False,2023-03-01,2023-03-01,0,,,200.0,200.0,200.0,0.2,0.2,0.2,HR,Other / Diversified,Series E,Growth Stage (Series E+),France,Europe,495.0,6.206575926724928,5.303304908059076
PayJoy,1,False,2020-04-28,2020-04-28,0,,,27.0,27.0,27.0,0.25,0.25,0.25,Finance,Fintech & Financial Services,Series B,Expansion Stage (Series B),United States,North America,71.0,4.276666119016055,3.332204510175204
PayPal,6,True,2022-05-23,2026-09-02,1563,312.6,2.0,6507.0,1084.5,2500.0,0.08,0.08,0.09,Finance,Fintech & Financial Services,Post-IPO,Public (Post-IPO),India,Asia-Pacific,216.0,5.37989735354046,8.780787468338929
PayScale,1,False,2023-07-14,2023-07-14,0,,,14.0,14.0,14.0,0.02,0.02,0.02,HR,Other / Diversified,Acquired,Acquired / Subsidiary,United States,North America,33.0,3.5263605246161616,2.70805020110221
PaySense,1,False,2020-07-09,2020-07-09,0,,,40.0,40.0,40.0,,,,Finance,Fintech & Financial Services,Acquired,Acquired / Subsidiary,India,Asia-Pacific,25.6,3.2809112157876537,3.713572066704308
PayU,1,False,2022-12-26,2022-12-26,0,,,150.0,150.0,150.0,0.06,0.06,0.06,Finance,Fintech & Financial Services,Acquired,Acquired / Subsidiary,Netherlands,Europe,,,5.017279836814924
Paycom,1,False,2025-10-01,2025-10-01,0,,,500.0,500.0,500.0,,,,HR,Other / Diversified,Post-IPO,Public (Post-IPO),United States,North America,,,6.2166061010848646
Payfactors,1,False,2020-04-07,2020-04-07,0,,,46.0,46.0,46.0,,,,HR,Other / Diversified,Unknown,Unspecified / Private,United States,North America,,,3.8501476017100584
Payoneer,2,True,2023-06-26,2025-12-08,896,896.0,896.0,260.0,130.0,200.0,0.08,0.08,0.1,Finance,Fintech & Financial Services,Post-IPO,Public (Post-IPO),United States,North America,,,5.564520407322694
Paystack,1,False,2023-11-16,2023-11-16,0,,,33.0,33.0,33.0,,,,Finance,Fintech & Financial Services,Acquired,Acquired / Subsidiary,Nigeria,Africa,10.0,2.3978952727983707,3.5263605246161616
Paytm,4,True,2020-04-21,2026-06-09,2240,746.6666666666666,168.0,5400.0,1350.0,3500.0,0.01,0.01,0.01,Finance,Fintech & Financial Services,Subsidiary,Unspecified / Private,India,Asia-Pacific,2200.0,7.696667081526462,8.594339400592892
Pear Therapeutics,4,True,2022-07-25,2023-04-07,256,85.33333333333333,2.0,313.0,78.25,170.0,0.36250000000000004,0.22,0.92,Healthcare,Healthcare & BioTech,Post-IPO,Public (Post-IPO),United States,North America,409.0,6.016157159698354,5.749392985908253
Pebble,1,False,2023-10-24,2023-10-24,0,,,,,,1.0,1.0,1.0,Consumer,Consumer & Retail,Seed,Early Stage (Seed),United States,North America,1.0,0.6931471805599453,
Pebblepost,1,False,2020-04-01,2020-04-01,0,,,,,,0.6,0.6,0.6,Marketing,Marketing & Media,Series C,Late Stage (Series C-D),United States,North America,81.0,4.406719247264253,
Pecan AI,1,False,2023-01-05,2023-01-05,0,,,30.0,30.0,30.0,0.25,0.25,0.25,Data,Enterprise & Infrastructure,Series C,Late Stage (Series C-D),Israel,Middle East,116.0,4.762173934797756,3.4339872044851463
Peek,1,False,2020-03-20,2020-03-20,0,,,45.0,45.0,45.0,,,,Travel,Travel & Transportation,Series B,Expansion Stage (Series B),United States,North America,39.0,3.6888794541139363,3.828641396489095
PeerStreet,3,True,2020-03-30,2023-02-21,1058,529.0,272.0,126.0,63.0,75.0,0.3,0.3,0.3,Real Estate,Real Estate & PropTech,Series C,Late Stage (Series C-D),United States,North America,121.0,4.804021044733257,4.844187086458591
Peerfit,1,False,2020-03-24,2020-03-24,0,,,,,,0.4,0.4,0.4,HR,Other / Diversified,Unknown,Unspecified / Private,United States,North America,47.0,3.871201010907891,
Peerspace,1,False,2020-03-26,2020-03-26,0,,,41.0,41.0,41.0,0.75,0.75,0.75,Real Estate,Real Estate & PropTech,Series B,Expansion Stage (Series B),United States,North America,34.0,3.5553480614894135,3.7376696182833684
Pegasystems,2,True,2023-01-03,2023-08-31,240,240.0,240.0,485.0,242.5,245.0,0.04,0.04,0.04,HR,Other / Diversified,Post-IPO,Public (Post-IPO),United States,North America,,,6.186208623900494
Peloton,7,True,2022-02-08,2026-01-30,1452,242.0,55.0,4495.0,899.0,2800.0,0.12833333333333333,0.125,0.2,Fitness,Other / Diversified,Post-IPO,Public (Post-IPO),United States,North America,1900.0,7.550135342488429,8.410943391573527
Pendo,3,True,2022-09-07,2026-04-07,1308,654.0,278.0,235.0,78.33333333333333,100.0,0.09000000000000001,0.1,0.12,Product,Other / Diversified,Series F,Growth Stage (Series E+),United States,North America,469.0,6.152732694704104,5.4638318050256105
Pentera,2,True,2026-04-27,2026-08-17,112,112.0,112.0,100.0,50.0,60.0,0.11000000000000001,0.11000000000000001,0.14,Security,Enterprise & Infrastructure,Series D,Late Stage (Series C-D),United States,North America,249.0,5.521460917862246,4.61512051684126
People.ai,2,True,2020-04-17,2022-07-22,826,826.0,826.0,30.0,30.0,30.0,0.18,0.18,0.18,Sales,Professional Services,Series D,Late Stage (Series C-D),United States,North America,200.0,5.303304908059076,3.4339872044851463
PeopleGrove,1,False,2020-04-03,2020-04-03,0,,,,,,,,,HR,Other / Diversified,Series A,Early Venture (Series A),United States,North America,7.0,2.0794415416798357,
Pepper Pay,1,False,2026-04-09,2026-04-09,0,,,,,,1.0,1.0,1.0,Finance,Fintech & Financial Services,Unknown,Unspecified / Private,United States,North America,,,
Perceptive Automata,1,False,2022-08-01,2022-08-01,0,,,,,,1.0,1.0,1.0,Transportation,Travel & Transportation,Series A,Early Venture (Series A),United States,North America,20.0,3.044522437723423,
Perfect Day,1,False,2023-07-06,2023-07-06,0,,,134.0,134.0,134.0,0.15,0.15,0.15,Food,Consumer & Retail,Series D,Late Stage (Series C-D),United States,North America,711.0,6.568077911411976,4.90527477843843
Perimeter 81,1,False,2022-12-06,2022-12-06,0,,,20.0,20.0,20.0,0.08,0.08,0.08,Security,Enterprise & Infrastructure,Series C,Late Stage (Series C-D),Israel,Middle East,165.0,5.111987788356544,3.044522437723423
Perion,2,True,2022-08-08,2024-06-25,687,687.0,687.0,55.0,27.5,35.0,0.05,0.05,0.05,Marketing,Marketing & Media,Post-IPO,Public (Post-IPO),Israel,Middle East,76.0,4.343805421853684,4.02535169073515
PerkSpot,1,False,2020-04-06,2020-04-06,0,,,10.0,10.0,10.0,0.1,0.1,0.1,HR,Other / Diversified,Private Equity,Private Equity Owned,United States,North America,50.0,3.9318256327243257,2.3978952727983707
Perkbox,1,False,2020-07-27,2020-07-27,0,,,,,,,,,HR,Other / Diversified,Unknown,Unspecified / Private,United Kingdom,Europe,29.7,3.4242626545931514,
Permutive,2,True,2022-08-10,2023-04-11,244,244.0,244.0,110.0,55.0,80.0,0.26,0.26,0.4,Marketing,Marketing & Media,Series C,Late Stage (Series C-D),United Kingdom,Europe,105.0,4.663439094112067,4.709530201312334
Personalis,1,False,2023-01-19,2023-01-19,0,,,,,,0.3,0.3,0.3,Healthcare,Healthcare & BioTech,Post-IPO,Public (Post-IPO),United States,North America,225.0,5.420534999272286,
Personetics,1,False,2023-01-05,2023-01-05,0,,,30.0,30.0,30.0,0.08,0.08,0.08,Support,Enterprise & Infrastructure,Private Equity,Private Equity Owned,United States,North America,178.0,5.187385805840755,3.4339872044851463
Personio,3,True,2024-01-24,2025-10-29,644,322.0,288.0,380.0,126.66666666666667,165.0,0.08,0.08,0.1,HR,Other / Diversified,Series E,Growth Stage (Series E+),Germany,Europe,724.0,6.586171654854675,5.942799375126701
Perx Health,1,False,2022-07-02,2022-07-02,0,,,,,,,,,Healthcare,Healthcare & BioTech,Seed,Early Stage (Seed),Australia,Asia-Pacific,2.0,1.0986122886681098,
Pesto,1,False,2022-09-23,2022-09-23,0,,,,,,1.0,1.0,1.0,Other,Other / Diversified,Seed,Early Stage (Seed),United States,North America,6.0,1.9459101490553132,
PetLove,1,False,2023-02-13,2023-02-13,0,,,94.0,94.0,94.0,,,,Retail,Consumer & Retail,Series C,Late Stage (Series C-D),Brazil,Latin America,225.0,5.420534999272286,4.553876891600541
Petal,3,True,2020-05-12,2023-06-30,1144,572.0,316.0,,,,0.15000000000000002,0.15000000000000002,0.2,Finance,Fintech & Financial Services,Series D,Late Stage (Series C-D),United States,North America,704.0,6.558197802812269,
PhableCare,1,False,2023-02-14,2023-02-14,0,,,,,,0.7000000000000001,0.7000000000000001,0.7000000000000001,Healthcare,Healthcare & BioTech,Series B,Expansion Stage (Series B),India,Asia-Pacific,40.0,3.713572066704308,
Phantom Auto,1,False,2024-03-12,2024-03-12,0,,,100.0,100.0,100.0,1.0,1.0,1.0,Transportation,Travel & Transportation,Unknown,Unspecified / Private,United States,North America,86.0,4.465908118654584,4.61512051684126
PharmEasy,3,True,2022-06-16,2023-05-01,319,159.5,142.0,40.0,40.0,40.0,,,,Healthcare,Healthcare & BioTech,Unknown,Unspecified / Private,India,Asia-Pacific,1600.0,7.3783837129967145,3.713572066704308
Philips,2,True,2022-10-24,2023-01-30,98,98.0,98.0,10000.0,5000.0,6000.0,0.09,0.09,0.13,Healthcare,Healthcare & BioTech,Post-IPO,Public (Post-IPO),Netherlands,Europe,,,9.210440366976517
Phunware,1,False,2023-07-20,2023-07-20,0,,,,,,,,,Other,Other / Diversified,Post-IPO,Public (Post-IPO),United States,North America,87.0,4.477336814478207,
Physics Wallah,1,False,2023-11-19,2023-11-19,0,,,120.0,120.0,120.0,0.01,0.01,0.01,Education,EdTech & Learning,Series A,Early Venture (Series A),India,Asia-Pacific,100.0,4.61512051684126,4.795790545596741
PickYourTrail,1,False,2020-05-21,2020-05-21,0,,,70.0,70.0,70.0,0.35,0.35,0.35,Travel,Travel & Transportation,Series A,Early Venture (Series A),India,Asia-Pacific,3.0,1.3862943611198906,4.2626798770413155
Picnic,2,True,2023-02-01,2026-05-26,1210,1210.0,1210.0,,,,1.0,1.0,1.0,Food,Consumer & Retail,Unknown,Unspecified / Private,United States,North America,52.0,3.970291913552122,
Pico Interactive,2,True,2023-02-16,2023-11-06,263,263.0,263.0,400.0,400.0,400.0,0.2,0.2,0.2,Other,Other / Diversified,Acquired,Acquired / Subsidiary,United States,North America,62.0,4.143134726391533,5.993961427306569
PicoBrew,1,False,2020-04-30,2020-04-30,0,,,,,,1.0,1.0,1.0,Food,Consumer & Retail,Series A,Early Venture (Series A),United States,North America,15.0,2.772588722239781,
Picsart,1,False,2022-05-17,2022-05-17,0,,,90.0,90.0,90.0,0.08,0.08,0.08,Consumer,Consumer & Retail,Series C,Late Stage (Series C-D),United States,North America,195.0,5.278114659230517,4.51085950651685
Pie Insurance,1,False,2023-05-18,2023-05-18,0,,,63.0,63.0,63.0,0.14,0.14,0.14,Finance,Fintech & Financial Services,Series D,Late Stage (Series C-D),United States,North America,621.0,6.432940092739179,4.1588830833596715
Pier,1,False,2023-01-12,2023-01-12,0,,,111.0,111.0,111.0,0.39,0.39,0.39,Finance,Fintech & Financial Services,Series B,Expansion Stage (Series B),Brazil,Latin America,42.0,3.7612001156935624,4.718498871295094
Pilot,1,False,2023-06-16,2023-06-16,0,,,45.0,45.0,45.0,0.13,0.13,0.13,Finance,Fintech & Financial Services,Unknown,Unspecified / Private,United States,North America,116.0,4.762173934797756,3.828641396489095
Ping Identity,1,False,2023-11-14,2023-11-14,0,,,,,,,,,Security,Enterprise & Infrastructure,Acquired,Acquired / Subsidiary,United States,North America,128.0,4.859812404361672,
Pinterest,3,True,2022-11-30,2026-01-27,1154,577.0,63.0,850.0,425.0,700.0,0.15,0.15,0.15,Consumer,Consumer & Retail,Post-IPO,Public (Post-IPO),United States,North America,1500.0,7.313886831633462,6.7464121285733745
Pipe,1,False,2025-11-16,2025-11-16,0,,,200.0,200.0,200.0,0.5,0.5,0.5,Finance,Fintech & Financial Services,Series D,Late Stage (Series C-D),United States,North America,453.0,6.118097198041348,5.303304908059076
Pipedrive,3,True,2020-05-05,2023-11-30,1304,652.0,381.0,174.0,87.0,143.0,0.15,0.15,0.15,Sales,Professional Services,Private Equity,Private Equity Owned,Estonia,Europe,90.0,4.51085950651685,5.1647859739235145
Pipl,1,False,2022-06-23,2022-06-23,0,,,22.0,22.0,22.0,0.13,0.13,0.13,Security,Enterprise & Infrastructure,Unknown,Unspecified / Private,United States,North America,19.0,2.995732273553991,3.1354942159291497
Pitch,2,True,2022-09-14,2024-01-08,481,481.0,481.0,139.0,69.5,80.0,0.485,0.485,0.67,Other,Other / Diversified,Series B,Expansion Stage (Series B),Germany,Europe,138.0,4.9344739331306915,4.941642422609304
Pivo,1,False,2023-12-05,2023-12-05,0,,,,,,1.0,1.0,1.0,Finance,Fintech & Financial Services,Seed,Early Stage (Seed),Nigeria,Africa,3.0,1.3862943611198906,
Pivot3,1,False,2020-03-27,2020-03-27,0,,,,,,,,,Infrastructure,Enterprise & Infrastructure,Series H,Growth Stage (Series E+),United States,North America,273.0,5.6131281063880705,
Pix,1,False,2022-08-24,2022-08-24,0,,,,,,,,,Food,Consumer & Retail,Unknown,Unspecified / Private,United States,North America,,,
Placer.ai,1,False,2025-01-29,2025-01-29,0,,,150.0,150.0,150.0,0.18,0.18,0.18,Data,Enterprise & Infrastructure,Unknown,Unspecified / Private,United States,North America,267.0,5.5909869805108565,5.017279836814924
Plaid,1,False,2022-12-07,2022-12-07,0,,,260.0,260.0,260.0,0.2,0.2,0.2,Finance,Fintech & Financial Services,Series D,Late Stage (Series C-D),United States,North America,734.0,6.5998704992128365,5.564520407322694
Planet,2,True,2023-08-01,2024-06-26,330,330.0,330.0,297.0,148.5,180.0,0.135,0.135,0.17,Aerospace,Hardware & Manufacturing,Post-IPO,Public (Post-IPO),United States,North America,574.0,6.354370040797351,5.697093486505405
PlanetScale,1,False,2024-03-06,2024-03-06,0,,,,,,,,,Data,Enterprise & Infrastructure,Series C,Late Stage (Series C-D),United States,North America,105.0,4.663439094112067,
Planetly,1,False,2022-11-04,2022-11-04,0,,,200.0,200.0,200.0,1.0,1.0,1.0,Other,Other / Diversified,Acquired,Acquired / Subsidiary,Germany,Europe,5.0,1.791759469228055,5.303304908059076
Plato,1,False,2022-08-23,2022-08-23,0,,,29.0,29.0,29.0,0.5,0.5,0.5,HR,Other / Diversified,Seed,Early Stage (Seed),United States,North America,3.0,1.3862943611198906,3.4011973816621555
PlaxidityX,2,True,2025-07-23,2026-06-30,342,342.0,342.0,145.0,72.5,80.0,0.36,0.36,0.36,Security,Enterprise & Infrastructure,Acquired,Acquired / Subsidiary,Israel,Middle East,25.0,3.258096538021482,4.983606621708336
Playdots,1,False,2022-10-13,2022-10-13,0,,,65.0,65.0,65.0,1.0,1.0,1.0,Consumer,Consumer & Retail,Acquired,Acquired / Subsidiary,United States,North America,10.0,2.3978952727983707,4.189654742026425
Playtika,6,True,2022-05-31,2026-01-14,1324,264.8,58.0,2440.0,406.6666666666667,700.0,0.132,0.15,0.2,Consumer,Consumer & Retail,Post-IPO,Public (Post-IPO),Israel,Middle East,,,7.80016307039296
Pleo,3,True,2022-11-03,2026-06-12,1317,658.5,205.0,300.0,100.0,150.0,0.135,0.135,0.15,Finance,Fintech & Financial Services,Series C,Late Stage (Series C-D),Denmark,Europe,428.0,6.061456918928017,5.707110264748875
Plerk,1,False,2022-11-29,2022-11-29,0,,,,,,0.4,0.4,0.4,Finance,Fintech & Financial Services,Series A,Early Venture (Series A),Mexico,Latin America,13.0,2.6390573296152584,
Plex,1,False,2023-06-28,2023-06-28,0,,,37.0,37.0,37.0,0.2,0.2,0.2,Media,Marketing & Media,Unknown,Unspecified / Private,United States,North America,81.0,4.406719247264253,3.6375861597263857
Pliops,1,False,2022-08-16,2022-08-16,0,,,12.0,12.0,12.0,0.09,0.09,0.09,Data,Enterprise & Infrastructure,Series D,Late Stage (Series C-D),Israel,Middle East,205.0,5.327876168789581,2.5649493574615367
Plum,1,False,2022-11-09,2022-11-09,0,,,36.0,36.0,36.0,0.1,0.1,0.1,Healthcare,Healthcare & BioTech,Series A,Early Venture (Series A),India,Asia-Pacific,20.0,3.044522437723423,3.6109179126442243
Plume,1,False,2023-10-18,2023-10-18,0,,,24.0,24.0,24.0,,,,Healthcare,Healthcare & BioTech,Series B,Expansion Stage (Series B),United States,North America,38.0,3.6635616461296463,3.2188758248682006
Pluralsight,4,True,2022-12-12,2025-06-24,925,308.3333333333333,95.0,400.0,400.0,400.0,0.185,0.185,0.2,Education,EdTech & Learning,Acquired,Acquired / Subsidiary,United States,North America,192.0,5.262690188904886,5.993961427306569
Plus One Robotics,1,False,2023-01-26,2023-01-26,0,,,,,,0.1,0.1,0.1,Other,Other / Diversified,Series B,Expansion Stage (Series B),United States,North America,43.0,3.784189633918261,
Pocket Aces,1,False,2023-02-06,2023-02-06,0,,,50.0,50.0,50.0,0.25,0.25,0.25,Media,Marketing & Media,Unknown,Unspecified / Private,India,Asia-Pacific,19.0,2.995732273553991,3.9318256327243257
Pocket FM,3,True,2024-07-27,2026-05-06,648,324.0,173.0,375.0,125.0,200.0,0.1,0.1,0.1,Media,Marketing & Media,Series D,Late Stage (Series C-D),India,Asia-Pacific,212.0,5.3612921657094255,5.929589143389895
Pocketmath,1,False,2021-01-20,2021-01-20,0,,,21.0,21.0,21.0,1.0,1.0,1.0,Marketing,Marketing & Media,Unknown,Unspecified / Private,Singapore,Asia-Pacific,20.0,3.044522437723423,3.091042453358316
Podium,2,True,2022-12-01,2023-08-09,251,251.0,251.0,,,,0.12,0.12,0.12,Support,Enterprise & Infrastructure,Series D,Late Stage (Series C-D),United States,North America,419.0,6.040254711277414,
Point,1,False,2023-07-27,2023-07-27,0,,,61.0,61.0,61.0,0.28,0.28,0.28,Real Estate,Real Estate & PropTech,Series C,Late Stage (Series C-D),United States,North America,149.0,5.0106352940962555,4.127134385045092
PokerStars,2,True,2023-10-15,2026-07-07,996,996.0,996.0,,,,,,,Consumer,Consumer & Retail,Acquired,Acquired / Subsidiary,United Kingdom,Europe,,,
Polarr,1,False,2020-03-29,2020-03-29,0,,,10.0,10.0,10.0,,,,Consumer,Consumer & Retail,Series A,Early Venture (Series A),United States,North America,13.0,2.6390573296152584,2.3978952727983707
PolicyGenius,1,False,2022-06-02,2022-06-02,0,,,170.0,170.0,170.0,0.25,0.25,0.25,Finance,Fintech & Financial Services,Series E,Growth Stage (Series E+),United States,North America,286.0,5.659482215759621,5.14166355650266
Politico / Protocol,1,False,2020-04-21,2020-04-21,0,,,13.0,13.0,13.0,,,,Media,Marketing & Media,Unknown,Unspecified / Private,United States,North America,,,2.6390573296152584
Pollen,3,True,2020-05-19,2022-08-10,813,406.5,92.0,269.0,134.5,200.0,0.5466666666666667,0.33,1.0,Marketing,Marketing & Media,Series C,Late Stage (Series C-D),United Kingdom,Europe,238.0,5.476463551931511,5.598421958998375
Polly,1,False,2022-12-02,2022-12-02,0,,,47.0,47.0,47.0,0.15,0.15,0.15,Finance,Fintech & Financial Services,Series C,Late Stage (Series C-D),United States,North America,184.0,5.220355825078324,3.871201010907891
Polygon,4,True,2023-02-21,2026-07-16,1241,413.6666666666667,181.0,220.0,73.33333333333333,100.0,0.195,0.195,0.2,Crypto,Fintech & Financial Services,Unknown,Unspecified / Private,Cayman Islands,Other / International,451.0,6.113682179832232,5.3981627015177525
Pomelo Fashion,1,False,2022-09-08,2022-09-08,0,,,55.0,55.0,55.0,0.08,0.08,0.08,Retail,Consumer & Retail,Unknown,Unspecified / Private,Thailand,Asia-Pacific,120.0,4.795790545596741,4.02535169073515
Poparazzi,1,False,2023-04-28,2023-04-28,0,,,,,,1.0,1.0,1.0,Consumer,Consumer & Retail,Series A,Early Venture (Series A),United States,North America,15.0,2.772588722239781,
Popcore,1,False,2024-02-13,2024-02-13,0,,,,,,,,,Consumer,Consumer & Retail,Acquired,Acquired / Subsidiary,Germany,Europe,,,
Popin,1,False,2020-03-19,2020-03-19,0,,,,,,1.0,1.0,1.0,Fitness,Other / Diversified,Unknown,Unspecified / Private,United States,North America,13.0,2.6390573296152584,
Poppulo,1,False,2023-04-27,2023-04-27,0,,,85.0,85.0,85.0,,,,HR,Other / Diversified,Acquired,Acquired / Subsidiary,United States,North America,30.0,3.4339872044851463,4.454347296253507
Porter,1,False,2025-11-04,2025-11-04,0,,,350.0,350.0,350.0,0.18,0.18,0.18,Logistics,Travel & Transportation,Series F,Growth Stage (Series E+),India,Asia-Pacific,357.0,5.8805329864007,5.860786223465865
Poshmark,1,False,2023-02-24,2023-02-24,0,,,,,,0.02,0.02,0.02,Retail,Consumer & Retail,Acquired,Acquired / Subsidiary,United States,North America,153.0,5.0369526024136295,
Postmates,1,False,2021-01-23,2021-01-23,0,,,180.0,180.0,180.0,0.15,0.15,0.15,Food,Consumer & Retail,Acquired,Acquired / Subsidiary,United States,North America,763.0,6.638567789166521,5.198497031265826
Postscript,1,False,2022-06-26,2022-06-26,0,,,43.0,43.0,43.0,,,,Marketing,Marketing & Media,Series C,Late Stage (Series C-D),United States,North America,106.0,4.672828834461906,3.784189633918261
PowerReviews,1,False,2020-04-23,2020-04-23,0,,,,,,,,,Retail,Consumer & Retail,Acquired,Acquired / Subsidiary,United States,North America,78.0,4.3694478524670215,
PowerSchool,1,False,2025-12-12,2025-12-12,0,,,,,,,,,Education,EdTech & Learning,Acquired,Acquired / Subsidiary,United States,North America,31.0,3.4657359027997265,
Practically,1,False,2022-11-06,2022-11-06,0,,,,,,,,,Education,EdTech & Learning,Unknown,Unspecified / Private,India,Asia-Pacific,14.0,2.70805020110221,
Practo,1,False,2023-04-08,2023-04-08,0,,,41.0,41.0,41.0,,,,Healthcare,Healthcare & BioTech,Series D,Late Stage (Series C-D),India,Asia-Pacific,222.0,5.407171771460119,3.7376696182833684
Prefect,1,False,2025-03-25,2025-03-25,0,,,20.0,20.0,20.0,,,,Data,Enterprise & Infrastructure,Series B,Expansion Stage (Series B),United States,North America,47.0,3.871201010907891,3.044522437723423
PrepLadder,1,False,2024-05-08,2024-05-08,0,,,145.0,145.0,145.0,0.25,0.25,0.25,Education,EdTech & Learning,Acquired,Acquired / Subsidiary,India,Asia-Pacific,,,4.983606621708336
Preply,1,False,2022-06-09,2022-06-09,0,,,26.0,26.0,26.0,0.05,0.05,0.05,Education,EdTech & Learning,Series C,Late Stage (Series C-D),United States,North America,100.0,4.61512051684126,3.295836866004329
Presto,1,False,2023-11-20,2023-11-20,0,,,,,,0.17,0.17,0.17,Food,Consumer & Retail,Post-IPO,Public (Post-IPO),United States,North America,167.0,5.123963979403259,
Priceline,1,False,2024-06-28,2024-06-28,0,,,103.0,103.0,103.0,0.07,0.07,0.07,Travel,Travel & Transportation,Acquired,Acquired / Subsidiary,United States,North America,77.0,4.356708826689592,4.6443908991413725
Prime Trust,1,False,2023-01-30,2023-01-30,0,,,,,,0.33,0.33,0.33,Crypto,Fintech & Financial Services,Series B,Expansion Stage (Series B),United States,North America,176.0,5.176149732573829,
Primer,1,False,2022-12-09,2022-12-09,0,,,85.0,85.0,85.0,0.33,0.33,0.33,Finance,Fintech & Financial Services,Series B,Expansion Stage (Series B),United Kingdom,Europe,73.0,4.30406509320417,4.454347296253507
Prisma,1,False,2023-01-19,2023-01-19,0,,,,,,0.28,0.28,0.28,Data,Enterprise & Infrastructure,Series B,Expansion Stage (Series B),United States,North America,56.0,4.04305126783455,
Pristyn Care,2,True,2023-03-07,2024-03-01,360,360.0,360.0,420.0,210.0,300.0,0.11,0.11,0.15,Healthcare,Healthcare & BioTech,Series E,Growth Stage (Series E+),India,Asia-Pacific,177.0,5.181783550292085,6.042632833682381
Privitar,1,False,2021-01-27,2021-01-27,0,,,20.0,20.0,20.0,,,,Data,Enterprise & Infrastructure,Series C,Late Stage (Series C-D),United Kingdom,Europe,150.0,5.017279836814924,3.044522437723423
Procore,2,True,2020-07-28,2024-01-30,1281,1281.0,1281.0,180.0,180.0,180.0,0.065,0.065,0.09,Construction,Other / Diversified,Post-IPO,Public (Post-IPO),United States,North America,654.0,6.484635235635252,5.198497031265826
Product Hunt,1,False,2023-10-09,2023-10-09,0,,,,,,0.6,0.6,0.6,Consumer,Consumer & Retail,Acquired,Acquired / Subsidiary,United States,North America,,,
Productboard,4,True,2022-11-15,2026-04-15,1247,415.6666666666667,148.0,100.0,100.0,100.0,0.20000000000000004,0.2,0.3,Product,Other / Diversified,Series D,Late Stage (Series C-D),United States,North America,,,4.61512051684126
Progrexion,1,False,2022-05-05,2022-05-05,0,,,100.0,100.0,100.0,,,,Finance,Fintech & Financial Services,Acquired,Acquired / Subsidiary,United States,North America,202.0,5.313205979041787,4.61512051684126
Project Ronin,1,False,2024-03-01,2024-03-01,0,,,150.0,150.0,150.0,1.0,1.0,1.0,Healthcare,Healthcare & BioTech,Unknown,Unspecified / Private,United States,North America,,,5.017279836814924
Project44,3,True,2022-07-15,2023-09-14,426,213.0,111.0,309.0,103.0,130.0,0.07500000000000001,0.07500000000000001,0.1,Logistics,Travel & Transportation,Unknown,Unspecified / Private,United States,North America,817.0,6.706862336602747,5.736572297479192
Proof of Play,1,False,2026-08-05,2026-08-05,0,,,,,,1.0,1.0,1.0,Consumer,Consumer & Retail,Seed,Early Stage (Seed),United States,North America,33.0,3.5263605246161616,
Proofpoint,1,False,2024-01-31,2024-01-31,0,,,280.0,280.0,280.0,0.06,0.06,0.06,Security,Enterprise & Infrastructure,Acquired,Acquired / Subsidiary,United States,North America,885.0,6.786716950605081,5.638354669333745
Properly,1,False,2022-11-15,2022-11-15,0,,,71.0,71.0,71.0,,,,Real Estate,Real Estate & PropTech,Series B,Expansion Stage (Series B),Canada,North America,154.0,5.043425116919247,4.276666119016055
PropertyGuru,1,False,2024-02-27,2024-02-27,0,,,79.0,79.0,79.0,,,,Real Estate,Real Estate & PropTech,Post-IPO,Public (Post-IPO),Singapore,Asia-Pacific,676.0,6.517671272912275,4.382026634673881
Propzy,2,True,2022-06-07,2022-09-13,98,98.0,98.0,,,,0.75,0.75,1.0,Real Estate,Real Estate & PropTech,Series A,Early Venture (Series A),Vietnam,Asia-Pacific,33.0,3.5263605246161616,
Prosus,1,False,2023-01-25,2023-01-25,0,,,,,,0.3,0.3,0.3,Other,Other / Diversified,Unknown,Unspecified / Private,Netherlands,Europe,,,
Protego Trust Bank,1,False,2023-03-01,2023-03-01,0,,,,,,0.5,0.5,0.5,Crypto,Fintech & Financial Services,Series A,Early Venture (Series A),United States,North America,70.0,4.2626798770413155,
Proterra,1,False,2023-01-19,2023-01-19,0,,,300.0,300.0,300.0,,,,Transportation,Travel & Transportation,Post-IPO,Public (Post-IPO),United States,North America,1200.0,7.0909098220799835,5.707110264748875
Protocol,1,False,2022-11-15,2022-11-15,0,,,60.0,60.0,60.0,1.0,1.0,1.0,Media,Marketing & Media,Acquired,Acquired / Subsidiary,United States,North America,,,4.110873864173311
Protocol Labs,1,False,2023-02-03,2023-02-03,0,,,89.0,89.0,89.0,0.2,0.2,0.2,Crypto,Fintech & Financial Services,Unknown,Unspecified / Private,United States,North America,10.0,2.3978952727983707,4.499809670330265
Proton.ai,1,False,2022-11-29,2022-11-29,0,,,,,,,,,Sales,Professional Services,Series A,Early Venture (Series A),United States,North America,20.0,3.044522437723423,
Protonn,1,False,2022-01-20,2022-01-20,0,,,,,,1.0,1.0,1.0,Other,Other / Diversified,Seed,Early Stage (Seed),India,Asia-Pacific,9.0,2.302585092994046,
Provi,1,False,2022-11-03,2022-11-03,0,,,,,,,,,Food,Consumer & Retail,Series C,Late Stage (Series C-D),United States,North America,150.0,5.017279836814924,
Providoor,1,False,2023-04-28,2023-04-28,0,,,,,,1.0,1.0,1.0,Food,Consumer & Retail,Unknown,Unspecified / Private,Australia,Asia-Pacific,,,
PubMatic,1,False,2024-10-07,2024-10-07,0,,,12.0,12.0,12.0,0.01,0.01,0.01,Marketing,Marketing & Media,Post-IPO,Public (Post-IPO),United States,North America,63.0,4.1588830833596715,2.5649493574615367
PuduTech,1,False,2022-07-08,2022-07-08,0,,,1500.0,1500.0,1500.0,,,,Other,Other / Diversified,Series C,Late Stage (Series C-D),China,Asia-Pacific,184.0,5.220355825078324,7.313886831633462
Pulse Secure,1,False,2020-12-23,2020-12-23,0,,,78.0,78.0,78.0,,,,Security,Enterprise & Infrastructure,Acquired,Acquired / Subsidiary,United States,North America,,,4.3694478524670215
Pump.fun,1,False,2026-08-01,2026-08-01,0,,,40.0,40.0,40.0,,,,Crypto,Fintech & Financial Services,Unknown,Unspecified / Private,United States,North America,,,3.713572066704308
Puppet,2,True,2020-03-26,2022-08-03,860,860.0,860.0,50.0,50.0,50.0,0.125,0.125,0.15,Infrastructure,Enterprise & Infrastructure,Acquired,Acquired / Subsidiary,United States,North America,189.0,5.247024072160486,3.9318256327243257
Pure Storage,1,False,2024-02-08,2024-02-08,0,,,275.0,275.0,275.0,,,,Data,Enterprise & Infrastructure,Post-IPO,Public (Post-IPO),United States,North America,529.0,6.272877006546167,5.62040086571715
Purse,1,False,2020-04-16,2020-04-16,0,,,,,,1.0,1.0,1.0,Crypto,Fintech & Financial Services,Seed,Early Stage (Seed),United States,North America,1.0,0.6931471805599453,
Q4,1,False,2022-08-23,2022-08-23,0,,,50.0,50.0,50.0,0.08,0.08,0.08,Other,Other / Diversified,Series C,Late Stage (Series C-D),Canada,North America,91.0,4.5217885770490405,3.9318256327243257
Qin1,1,False,2022-10-14,2022-10-14,0,,,,,,1.0,1.0,1.0,Education,EdTech & Learning,Seed,Early Stage (Seed),India,Asia-Pacific,,,
Qoala,1,False,2023-07-31,2023-07-31,0,,,80.0,80.0,80.0,,,,Finance,Fintech & Financial Services,Series B,Expansion Stage (Series B),Indonesia,Asia-Pacific,89.0,4.499809670330265,4.394449154672439
Qomplx,1,False,2023-08-04,2023-08-04,0,,,60.0,60.0,60.0,,,,AI,Other / Diversified,Series A,Early Venture (Series A),United States,North America,107.0,4.68213122712422,4.110873864173311
Qt Company,1,False,2026-04-20,2026-04-20,0,,,200.0,200.0,200.0,,,,Product,Other / Diversified,Series B,Expansion Stage (Series B),Norway,Europe,7.0,2.0794415416798357,5.303304908059076
Quadream,1,False,2023-04-16,2023-04-16,0,,,,,,1.0,1.0,1.0,Security,Enterprise & Infrastructure,Unknown,Unspecified / Private,Israel,Middle East,,,
Qualcomm,5,True,2022-12-22,2026-04-09,1204,301.0,24.0,1629.0,325.8,1258.0,0.02,0.02,0.02,Hardware,Hardware & Manufacturing,Post-IPO,Public (Post-IPO),United States,North America,,,7.396335293800808
Qualtrics,3,True,2023-01-11,2026-08-19,1316,658.0,266.0,1167.0,389.0,780.0,0.095,0.095,0.14,Other,Other / Diversified,Acquired,Acquired / Subsidiary,United States,North America,400.0,5.993961427306569,7.0630481633881725
Quandoo,2,True,2021-02-03,2026-03-26,1877,1877.0,1877.0,87.0,87.0,87.0,0.6,0.6,1.0,Food,Consumer & Retail,Acquired,Acquired / Subsidiary,Germany,Europe,39.0,3.6888794541139363,4.477336814478207
Quanergy Systems,1,False,2022-12-14,2022-12-14,0,,,72.0,72.0,72.0,,,,Transportation,Travel & Transportation,Post-IPO,Public (Post-IPO),United States,North America,175.0,5.170483995038151,4.290459441148391
Quantcast,2,True,2020-04-08,2022-07-29,842,842.0,842.0,70.0,35.0,40.0,0.055,0.055,0.06,Marketing,Marketing & Media,Series C,Late Stage (Series C-D),United States,North America,65.0,4.189654742026425,4.2626798770413155
Quanterix,1,False,2022-08-09,2022-08-09,0,,,130.0,130.0,130.0,0.25,0.25,0.25,Healthcare,Healthcare & BioTech,Post-IPO,Public (Post-IPO),United States,North America,533.0,6.280395838960195,4.875197323201151
Quanto,2,True,2022-07-22,2023-05-16,298,298.0,298.0,28.0,28.0,28.0,0.535,0.535,0.85,Finance,Fintech & Financial Services,Series A,Early Venture (Series A),Brazil,Latin America,20.0,3.044522437723423,3.367295829986474
Quantum SI,1,False,2023-01-30,2023-01-30,0,,,,,,0.12,0.12,0.12,Healthcare,Healthcare & BioTech,Post-IPO,Public (Post-IPO),United States,North America,425.0,6.054439346269371,
Quartz,1,False,2020-05-14,2020-05-14,0,,,80.0,80.0,80.0,0.4,0.4,0.4,Media,Marketing & Media,Acquired,Acquired / Subsidiary,United States,North America,,,4.394449154672439
Quibi,1,False,2020-10-21,2020-10-21,0,,,,,,1.0,1.0,1.0,Media,Marketing & Media,Private Equity,Private Equity Owned,United States,North America,1800.0,7.496097345175956,
Quicko,1,False,2022-09-12,2022-09-12,0,,,60.0,60.0,60.0,,,,Transportation,Travel & Transportation,Acquired,Acquired / Subsidiary,Brazil,Latin America,28.0,3.367295829986474,4.110873864173311
Quidax,1,False,2022-11-24,2022-11-24,0,,,20.0,20.0,20.0,0.2,0.2,0.2,Crypto,Fintech & Financial Services,Unknown,Unspecified / Private,Nigeria,Africa,3.0,1.3862943611198906,3.044522437723423
Quillt,1,False,2023-02-09,2023-02-09,0,,,,,,,,,Media,Marketing & Media,Unknown,Unspecified / Private,United States,North America,,,
QuintoAndar,2,True,2020-04-17,2022-04-19,732,732.0,732.0,248.0,124.0,160.0,0.06,0.06,0.08,Real Estate,Real Estate & PropTech,Series E,Growth Stage (Series E+),Brazil,Latin America,755.0,6.628041376179533,5.517452896464707
Quizac,1,False,2024-08-13,2024-08-13,0,,,,,,1.0,1.0,1.0,Education,EdTech & Learning,Acquired,Acquired / Subsidiary,Nigeria,Africa,,,
Quizlet,1,False,2026-06-05,2026-06-05,0,,,79.0,79.0,79.0,,,,Education,EdTech & Learning,Series C,Late Stage (Series C-D),United States,North America,62.0,4.143134726391533,4.382026634673881
Quizy,1,False,2023-08-09,2023-08-09,0,,,,,,1.0,1.0,1.0,Consumer,Consumer & Retail,Seed,Early Stage (Seed),India,Asia-Pacific,,,
Qumulo,1,False,2022-06-29,2022-06-29,0,,,80.0,80.0,80.0,0.19,0.19,0.19,Data,Enterprise & Infrastructure,Series E,Growth Stage (Series E+),United States,North America,347.0,5.8522024797744745,4.394449154672439
Quora,2,True,2023-01-26,2026-04-16,1176,1176.0,1176.0,,,,,,,Consumer,Consumer & Retail,Series D,Late Stage (Series C-D),United States,North America,226.0,5.424950017481403,
Qwick,1,False,2020-04-27,2020-04-27,0,,,,,,0.7000000000000001,0.7000000000000001,0.7000000000000001,Recruiting,Professional Services,Seed,Early Stage (Seed),United States,North America,4.0,1.6094379124341003,
Qyuki,1,False,2023-06-29,2023-06-29,0,,,,,,0.3,0.3,0.3,Other,Other / Diversified,Seed,Early Stage (Seed),India,Asia-Pacific,19.0,2.995732273553991,
R3,1,False,2023-09-14,2023-09-14,0,,,,,,0.2,0.2,0.2,Crypto,Fintech & Financial Services,Series A,Early Venture (Series A),United States,North America,112.0,4.727387818712341,
RDX Works,1,False,2023-03-07,2023-03-07,0,,,,,,0.25,0.25,0.25,Crypto,Fintech & Financial Services,Unknown,Unspecified / Private,United Kingdom,Europe,6.0,1.9459101490553132,
REE Automotive,2,True,2023-02-09,2023-02-09,0,0.0,0.0,131.0,65.5,100.0,0.305,0.305,0.5,Transportation,Travel & Transportation,Post-IPO,Public (Post-IPO),Israel,Middle East,317.0,5.762051382780177,4.882801922586371
Rackspace,2,True,2023-03-27,2026-06-16,1177,1177.0,1177.0,275.0,275.0,275.0,0.15,0.15,0.15,Data,Enterprise & Infrastructure,Acquired,Acquired / Subsidiary,United States,North America,17.0,2.8903717578961645,5.62040086571715
Rad Power Bikes,5,True,2022-04-12,2024-08-01,842,210.5,74.0,203.0,67.66666666666667,100.0,0.12000000000000001,0.12000000000000001,0.14,Transportation,Travel & Transportation,Series D,Late Stage (Series C-D),United States,North America,329.0,5.799092654460526,5.318119993844216
Rain,1,False,2022-06-02,2022-06-02,0,,,,,,,,,Finance,Fintech & Financial Services,Series B,Expansion Stage (Series B),Bahrain,Other / International,202.0,5.313205979041787,
RainFocus,1,False,2020-04-07,2020-04-07,0,,,,,,,,,Marketing,Marketing & Media,Private Equity,Private Equity Owned,United States,North America,41.0,3.7376696182833684,
Raken,1,False,2020-03-27,2020-03-27,0,,,60.0,60.0,60.0,,,,Construction,Other / Diversified,Series A,Early Venture (Series A),United States,North America,12.0,2.5649493574615367,4.110873864173311
Ranger Insurance,1,False,2024-04-01,2024-04-01,0,,,,,,1.0,1.0,1.0,Finance,Fintech & Financial Services,Seed,Early Stage (Seed),United States,North America,5.0,1.791759469228055,
Rangle,1,False,2020-03-25,2020-03-25,0,,,78.0,78.0,78.0,0.3,0.3,0.3,Product,Other / Diversified,Unknown,Unspecified / Private,Canada,North America,,,4.3694478524670215
Rapid,2,True,2023-04-25,2023-04-25,0,0.0,0.0,185.0,92.5,115.0,0.4,0.4,0.5,Finance,Fintech & Financial Services,Series D,Late Stage (Series C-D),United States,North America,272.0,5.60947179518496,5.225746673713202
Rapid7,3,True,2023-08-08,2026-08-10,1098,549.0,27.0,804.0,268.0,470.0,0.10333333333333333,0.12,0.18,Security,Enterprise & Infrastructure,Post-IPO,Public (Post-IPO),United States,North America,89.0,4.499809670330265,6.690842277418564
Rappi,1,False,2023-01-17,2023-01-17,0,,,,,,,,,Food,Consumer & Retail,Unknown,Unspecified / Private,Argentina,Latin America,2300.0,7.741099090035366,
Rapyd,3,True,2022-11-22,2026-05-28,1283,641.5,574.0,30.0,30.0,30.0,,,,Finance,Fintech & Financial Services,Unknown,Unspecified / Private,Israel,Middle East,770.0,6.647688373563329,3.4339872044851463
Rasa,1,False,2022-03-30,2022-03-30,0,,,59.0,59.0,59.0,0.4,0.4,0.4,Data,Enterprise & Infrastructure,Series B,Expansion Stage (Series B),Germany,Europe,40.0,3.713572066704308,4.0943445622221
RateGenius,1,False,2023-01-17,2023-01-17,0,,,,,,,,,Finance,Fintech & Financial Services,Acquired,Acquired / Subsidiary,United States,North America,2.0,1.0986122886681098,
Reach,1,False,2022-12-16,2022-12-16,0,,,,,,0.12,0.12,0.12,Retail,Consumer & Retail,Series A,Early Venture (Series A),Canada,North America,30.0,3.4339872044851463,
Ready Robotics,1,False,2024-08-09,2024-08-09,0,,,,,,,,,Manufacturing,Hardware & Manufacturing,Unknown,Unspecified / Private,United States,North America,41.0,3.7376696182833684,
RealPage,1,False,2024-06-27,2024-06-27,0,,,260.0,260.0,260.0,0.04,0.04,0.04,Real Estate,Real Estate & PropTech,Acquired,Acquired / Subsidiary,United States,North America,105.0,4.663439094112067,5.564520407322694
RealSelf,3,True,2020-04-21,2024-12-19,1703,851.5,821.0,51.0,25.5,40.0,0.09,0.09,0.13,Healthcare,Healthcare & BioTech,Series B,Expansion Stage (Series B),United States,North America,42.0,3.7612001156935624,3.9512437185814275
Reali,1,False,2022-08-24,2022-08-24,0,,,140.0,140.0,140.0,1.0,1.0,1.0,Real Estate,Real Estate & PropTech,Series B,Expansion Stage (Series B),United States,North America,117.0,4.770684624465665,4.948759890378168
Realtor.com,1,False,2022-09-08,2022-09-08,0,,,,,,,,,Real Estate,Real Estate & PropTech,Acquired,Acquired / Subsidiary,United States,North America,,,
Rebel Foods,1,False,2023-01-16,2023-01-16,0,,,,,,0.02,0.02,0.02,Food,Consumer & Retail,Unknown,Unspecified / Private,India,Asia-Pacific,548.0,6.3080984415095305,
Rebellion Defense,1,False,2023-04-27,2023-04-27,0,,,90.0,90.0,90.0,,,,Data,Enterprise & Infrastructure,Series B,Expansion Stage (Series B),United States,North America,150.0,5.017279836814924,4.51085950651685
Rec Room,3,True,2025-03-03,2026-03-31,393,196.5,177.0,141.0,141.0,141.0,0.58,0.58,1.0,Consumer,Consumer & Retail,Series F,Growth Stage (Series E+),United States,North America,294.0,5.68697535633982,4.955827057601261
Recast,1,False,2023-09-22,2023-09-22,0,,,,,,1.0,1.0,1.0,Media,Marketing & Media,Series A,Early Venture (Series A),United Kingdom,Europe,14.0,2.70805020110221,
Received,1,False,2024-08-23,2024-08-23,0,,,,,,1.0,1.0,1.0,Finance,Fintech & Financial Services,Unknown,Unspecified / Private,United States,North America,,,
Recharge,1,False,2022-10-27,2022-10-27,0,,,84.0,84.0,84.0,0.17,0.17,0.17,Finance,Fintech & Financial Services,Series B,Expansion Stage (Series B),United States,North America,277.0,5.627621113690637,4.442651256490317
Recur,1,False,2023-08-21,2023-08-21,0,,,,,,,,,Crypto,Fintech & Financial Services,Series A,Early Venture (Series A),United States,North America,55.0,4.02535169073515,
Recur Forever,1,False,2022-12-07,2022-12-07,0,,,235.0,235.0,235.0,,,,Crypto,Fintech & Financial Services,Series A,Early Venture (Series A),United States,North America,55.0,4.02535169073515,5.4638318050256105
Red Hat,1,False,2023-04-24,2023-04-24,0,,,760.0,760.0,760.0,0.04,0.04,0.04,Other,Other / Diversified,Acquired,Acquired / Subsidiary,United States,North America,,,6.634633357861686
RedDoorz,2,True,2020-04-08,2020-04-14,6,6.0,6.0,,,,0.1,0.1,0.1,Travel,Travel & Transportation,Series C,Late Stage (Series C-D),Singapore,Asia-Pacific,134.0,4.90527477843843,
Redbox,1,False,2024-07-10,2024-07-10,0,,,1000.0,1000.0,1000.0,1.0,1.0,1.0,Media,Marketing & Media,Acquired,Acquired / Subsidiary,United States,North America,51.0,3.9512437185814275,6.90875477931522
Redbubble,2,True,2023-01-18,2023-05-10,112,112.0,112.0,70.0,70.0,70.0,0.185,0.185,0.23,Retail,Consumer & Retail,Post-IPO,Public (Post-IPO),Australia,Asia-Pacific,55.0,4.02535169073515,4.2626798770413155
Reddit,1,False,2023-06-06,2023-06-06,0,,,90.0,90.0,90.0,0.05,0.05,0.05,Consumer,Consumer & Retail,Series F,Growth Stage (Series E+),United States,North America,1300.0,7.170888478512505,4.51085950651685
Redesign Health,3,True,2022-10-10,2024-02-23,501,250.5,10.0,221.0,73.66666666666667,77.0,0.2,0.2,0.2,Healthcare,Healthcare & BioTech,Series C,Late Stage (Series C-D),United States,North America,315.0,5.755742213586912,5.402677381872279
Redfin,7,True,2020-04-07,2025-02-12,1772,295.3333333333333,34.0,2347.0,335.2857142857143,862.0,0.068,0.07,0.13,Real Estate,Real Estate & PropTech,Post-IPO,Public (Post-IPO),United States,North America,320.0,5.771441123130016,7.761319180947987
Redis,1,False,2026-07-13,2026-07-13,0,,,200.0,200.0,200.0,,,,Data,Enterprise & Infrastructure,Series G,Growth Stage (Series E+),United States,North America,357.0,5.8805329864007,5.303304908059076
Redox,1,False,2020-06-16,2020-06-16,0,,,44.0,44.0,44.0,0.25,0.25,0.25,Healthcare,Healthcare & BioTech,Series C,Late Stage (Series C-D),United States,North America,50.0,3.9318256327243257,3.8066624897703196
Reef,1,False,2022-05-06,2022-05-06,0,,,750.0,750.0,750.0,0.05,0.05,0.05,Transportation,Travel & Transportation,Unknown,Unspecified / Private,United States,North America,1500.0,7.313886831633462,6.621405651764134
Refinery29,1,False,2024-12-17,2024-12-17,0,,,,,,,,,Media,Marketing & Media,Acquired,Acquired / Subsidiary,United States,North America,134.0,4.90527477843843,
Reforge,2,True,2022-11-10,2023-04-11,152,152.0,152.0,,,,,,,Education,EdTech & Learning,Series B,Expansion Stage (Series B),United States,North America,81.0,4.406719247264253,
Reforged Labs,1,False,2026-07-31,2026-07-31,0,,,,,,1.0,1.0,1.0,Marketing,Marketing & Media,Seed,Early Stage (Seed),Singapore,Asia-Pacific,4.0,1.6094379124341003,
Refurbed,1,False,2025-02-06,2025-02-06,0,,,,,,0.2,0.2,0.2,Retail,Consumer & Retail,Series C,Late Stage (Series C-D),Austria,Europe,191.0,5.2574953720277815,
Regrow Ag,1,False,2024-08-16,2024-08-16,0,,,,,,0.19,0.19,0.19,Food,Consumer & Retail,Series B,Expansion Stage (Series B),United States,North America,64.0,4.174387269895637,
Relativity,1,False,2022-12-07,2022-12-07,0,,,150.0,150.0,150.0,0.1,0.1,0.1,Legal,Professional Services,Private Equity,Private Equity Owned,United States,North America,125.0,4.836281906951478,5.017279836814924
Relay,1,False,2026-08-17,2026-08-17,0,,,,,,1.0,1.0,1.0,Other,Other / Diversified,Seed,Early Stage (Seed),United States,North America,8.0,2.1972245773362196,
Relevel,1,False,2023-01-10,2023-01-10,0,,,40.0,40.0,40.0,0.2,0.2,0.2,HR,Other / Diversified,Unknown,Unspecified / Private,India,Asia-Pacific,,,3.713572066704308
Reliance JioMart,1,False,2023-05-23,2023-05-23,0,,,1000.0,1000.0,1000.0,,,,Food,Consumer & Retail,Subsidiary,Unspecified / Private,India,Asia-Pacific,,,6.90875477931522
Religion of Sports,1,False,2023-02-15,2023-02-15,0,,,,,,,,,Media,Marketing & Media,Series B,Expansion Stage (Series B),United States,North America,63.0,4.1588830833596715,
Remarkable,1,False,2026-04-22,2026-04-22,0,,,200.0,200.0,200.0,,,,Hardware,Hardware & Manufacturing,Unknown,Unspecified / Private,Norway,Europe,104.0,4.653960350157523,5.303304908059076
Remedy,1,False,2020-10-29,2020-10-29,0,,,82.0,82.0,82.0,,,,Healthcare,Healthcare & BioTech,Series A,Early Venture (Series A),United States,North America,12.5,2.6026896854443837,4.418840607796598
Remesh,1,False,2022-07-01,2022-07-01,0,,,,,,,,,Support,Enterprise & Infrastructure,Series A,Early Venture (Series A),United States,North America,38.0,3.6635616461296463,
Remote,1,False,2022-07-06,2022-07-06,0,,,100.0,100.0,100.0,0.09,0.09,0.09,HR,Other / Diversified,Series C,Late Stage (Series C-D),United States,North America,496.0,6.208590026096629,4.61512051684126
Remote Year,1,False,2020-03-19,2020-03-19,0,,,50.0,50.0,50.0,0.5,0.5,0.5,Travel,Travel & Transportation,Series B,Expansion Stage (Series B),United States,North America,17.0,2.8903717578961645,3.9318256327243257
Renmoney,1,False,2020-04-28,2020-04-28,0,,,391.0,391.0,391.0,0.5,0.5,0.5,Finance,Fintech & Financial Services,Unknown,Unspecified / Private,Nigeria,Africa,,,5.971261839790462
RenoRun,3,True,2022-08-04,2023-04-26,265,132.5,84.0,280.0,140.0,210.0,0.5166666666666667,0.43,1.0,Construction,Other / Diversified,Series B,Expansion Stage (Series B),Canada,North America,163.0,5.099866427824199,5.638354669333745
Rent the Runway,3,True,2020-03-28,2024-01-09,1382,691.0,484.0,37.0,37.0,37.0,0.16999999999999998,0.16999999999999998,0.24,Retail,Consumer & Retail,Post-IPO,Public (Post-IPO),United States,North America,541.0,6.295266001439646,3.6375861597263857
Repertoire Immune Medicines,1,False,2022-11-08,2022-11-08,0,,,65.0,65.0,65.0,0.5,0.5,0.5,Healthcare,Healthcare & BioTech,Series B,Expansion Stage (Series B),United States,North America,257.0,5.552959584921617,4.189654742026425
Replicated,1,False,2022-05-31,2022-05-31,0,,,50.0,50.0,50.0,,,,Infrastructure,Enterprise & Infrastructure,Series C,Late Stage (Series C-D),United States,North America,85.0,4.454347296253507,3.9318256327243257
Replit,1,False,2024-05-16,2024-05-16,0,,,30.0,30.0,30.0,0.2,0.2,0.2,Product,Other / Diversified,Unknown,Unspecified / Private,United States,North America,222.0,5.407171771460119,3.4339872044851463
ResearchGate,1,False,2022-11-28,2022-11-28,0,,,25.0,25.0,25.0,0.1,0.1,0.1,Other,Other / Diversified,Series D,Late Stage (Series C-D),Germany,Europe,87.0,4.477336814478207,3.258096538021482
Reserve,1,False,2023-02-17,2023-02-17,0,,,,,,,,,Crypto,Fintech & Financial Services,Unknown,Unspecified / Private,United States,North America,,,
ReshaMandi,2,True,2024-06-20,2024-08-20,61,61.0,61.0,,,,0.9,0.9,1.0,Food,Consumer & Retail,Unknown,Unspecified / Private,India,Asia-Pacific,54.0,4.007333185232471,
Restaurant365,2,True,2020-03-27,2025-08-14,1966,1966.0,1966.0,275.0,137.5,175.0,0.09,0.09,0.09,Food,Consumer & Retail,Series C,Late Stage (Series C-D),United States,North America,127.0,4.852030263919617,5.62040086571715
Retention.com,1,False,2024-08-16,2024-08-16,0,,,15.0,15.0,15.0,,,,Marketing,Marketing & Media,Unknown,Unspecified / Private,United States,North America,,,2.772588722239781
Retool,1,False,2023-06-22,2023-06-22,0,,,,,,0.09,0.09,0.09,Other,Other / Diversified,Series C,Late Stage (Series C-D),United States,North America,141.0,4.955827057601261,
Retrain.ai,1,False,2025-07-02,2025-07-02,0,,,20.0,20.0,20.0,1.0,1.0,1.0,HR,Other / Diversified,Unknown,Unspecified / Private,Israel,Middle East,34.0,3.5553480614894135,3.044522437723423
Rev.com,1,False,2022-10-07,2022-10-07,0,,,85.0,85.0,85.0,,,,Data,Enterprise & Infrastructure,Series D,Late Stage (Series C-D),United States,North America,30.0,3.4339872044851463,4.454347296253507
Revel,1,False,2024-06-06,2024-06-06,0,,,1000.0,1000.0,1000.0,,,,Transportation,Travel & Transportation,Unknown,Unspecified / Private,United States,North America,214.0,5.3706380281276624,6.90875477931522
Revelate,1,False,2022-12-16,2022-12-16,0,,,24.0,24.0,24.0,0.3,0.3,0.3,Data,Enterprise & Infrastructure,Series A,Early Venture (Series A),Canada,North America,26.0,3.295836866004329,3.2188758248682006
Reverb,1,False,2024-09-20,2024-09-20,0,,,40.0,40.0,40.0,,,,Retail,Consumer & Retail,Acquired,Acquired / Subsidiary,United States,North America,47.0,3.871201010907891,3.713572066704308
Revolut,1,False,2020-05-11,2020-05-11,0,,,60.0,60.0,60.0,0.03,0.03,0.03,Finance,Fintech & Financial Services,Series D,Late Stage (Series C-D),United Kingdom,Europe,837.0,6.731018100482083,4.110873864173311
Rewind,1,False,2023-03-22,2023-03-22,0,,,,,,,,,Data,Enterprise & Infrastructure,Series B,Expansion Stage (Series B),Canada,North America,80.0,4.394449154672439,
Rewire,1,False,2026-02-04,2026-02-04,0,,,110.0,110.0,110.0,,,,Finance,Fintech & Financial Services,Acquired,Acquired / Subsidiary,Israel,Middle East,57.0,4.060443010546419,4.709530201312334
Reynen Court,1,False,2022-11-22,2022-11-22,0,,,,,,,,,Legal,Professional Services,Unknown,Unspecified / Private,Netherlands,Europe,23.0,3.1780538303479458,
Rezi,1,False,2024-04-01,2024-04-01,0,,,,,,1.0,1.0,1.0,Real Estate,Real Estate & PropTech,Series B,Expansion Stage (Series B),United States,North America,230.0,5.442417710521793,
Rhino,1,False,2022-02-03,2022-02-03,0,,,57.0,57.0,57.0,0.2,0.2,0.2,Real Estate,Real Estate & PropTech,Unknown,Unspecified / Private,United States,North America,133.0,4.897839799950911,4.060443010546419
Rhumbix,1,False,2020-04-10,2020-04-10,0,,,16.0,16.0,16.0,0.27,0.27,0.27,Construction,Other / Diversified,Series B,Expansion Stage (Series B),United States,North America,35.0,3.58351893845611,2.833213344056216
Ribbon,2,True,2022-07-28,2022-11-14,109,109.0,109.0,306.0,153.0,170.0,0.85,0.85,0.85,Real Estate,Real Estate & PropTech,Series C,Late Stage (Series C-D),United States,North America,405.0,6.0063531596017325,5.726847747587197
Ridecell,1,False,2020-05-14,2020-05-14,0,,,35.0,35.0,35.0,0.15,0.15,0.15,Transportation,Travel & Transportation,Series B,Expansion Stage (Series B),United States,North America,73.0,4.30406509320417,3.58351893845611
RigUp,1,False,2020-03-30,2020-03-30,0,,,120.0,120.0,120.0,0.25,0.25,0.25,Energy,Other / Diversified,Series D,Late Stage (Series C-D),United States,North America,423.0,6.049733455231958,4.795790545596741
Rigetti Computing,1,False,2023-02-10,2023-02-10,0,,,,,,0.28,0.28,0.28,Hardware,Hardware & Manufacturing,Post-IPO,Public (Post-IPO),United States,North America,298.0,5.700443573390687,
RingCentral,3,True,2022-08-04,2023-01-17,166,83.0,69.0,80.0,40.0,50.0,0.1,0.1,0.1,Other,Other / Diversified,Post-IPO,Public (Post-IPO),United States,North America,44.0,3.8066624897703196,4.394449154672439
Riot Games,3,True,2023-01-19,2026-02-09,1117,558.5,368.0,656.0,218.66666666666666,530.0,0.11,0.11,0.11,Consumer,Consumer & Retail,Acquired,Acquired / Subsidiary,United States,North America,21.0,3.091042453358316,6.48768401848461
Ripl,1,False,2023-07-26,2023-07-26,0,,,,,,,,,Marketing,Marketing & Media,Unknown,Unspecified / Private,United States,North America,9.0,2.302585092994046,
RiseUp,1,False,2024-04-30,2024-04-30,0,,,50.0,50.0,50.0,0.5,0.5,0.5,Finance,Fintech & Financial Services,Series B,Expansion Stage (Series B),Israel,Middle East,30.0,3.4339872044851463,3.9318256327243257
Riskified,2,True,2024-02-13,2025-02-19,372,372.0,372.0,40.0,40.0,40.0,0.06,0.06,0.06,Retail,Consumer & Retail,Post-IPO,Public (Post-IPO),United States,North America,229.0,5.438079308923196,3.713572066704308
Ritual,3,True,2020-04-02,2023-06-21,1175,587.5,364.0,257.0,85.66666666666667,196.0,0.3666666666666667,0.4,0.54,Food,Consumer & Retail,Series C,Late Stage (Series C-D),Canada,North America,134.0,4.90527477843843,5.552959584921617
Rivian,12,True,2020-06-02,2026-06-16,2205,200.45454545454547,7.0,2110.0,263.75,840.0,0.033999999999999996,0.02,0.1,Transportation,Travel & Transportation,Post-IPO,Public (Post-IPO),United States,North America,10700.0,9.278092474027002,7.65491704784832
Rivos,1,False,2023-08-23,2023-08-23,0,,,24.0,24.0,24.0,0.06,0.06,0.06,Hardware,Hardware & Manufacturing,Unknown,Unspecified / Private,United States,North America,,,3.2188758248682006
Ro,1,False,2022-06-23,2022-06-23,0,,,,,,0.18,0.18,0.18,Healthcare,Healthcare & BioTech,Unknown,Unspecified / Private,United States,North America,1000.0,6.90875477931522,
Robin AI,1,False,2025-10-24,2025-10-24,0,,,,,,0.33,0.33,0.33,Legal,Professional Services,Series B,Expansion Stage (Series B),United Kingdom,Europe,68.0,4.23410650459726,
Robinhood,5,True,2022-04-26,2026-06-16,1512,378.0,87.0,1493.0,373.25,713.0,0.1225,0.095,0.23,Finance,Fintech & Financial Services,Post-IPO,Public (Post-IPO),United States,North America,6200.0,8.732465848349879,7.309212365692763
Roblox,1,False,2023-09-22,2023-09-22,0,,,30.0,30.0,30.0,,,,Consumer,Consumer & Retail,Post-IPO,Public (Post-IPO),United States,North America,857.0,6.754604099487962,3.4339872044851463
Roblox China,1,False,2023-10-23,2023-10-23,0,,,15.0,15.0,15.0,,,,Consumer,Consumer & Retail,Subsidiary,Unspecified / Private,China,Asia-Pacific,,,2.772588722239781
Rock Content,2,True,2020-04-06,2023-01-12,1011,1011.0,1011.0,100.0,100.0,100.0,0.175,0.175,0.2,Marketing,Marketing & Media,Series B,Expansion Stage (Series B),United States,North America,34.0,3.5553480614894135,4.61512051684126
Rocket Companies,1,False,2025-07-18,2025-07-18,0,,,,,,0.02,0.02,0.02,Real Estate,Real Estate & PropTech,Post-IPO,Public (Post-IPO),United States,North America,5200.0,8.556606193773073,
Roku,3,True,2022-11-17,2023-09-06,293,146.5,133.0,760.0,253.33333333333334,360.0,0.07666666666666667,0.07,0.1,Media,Marketing & Media,Post-IPO,Public (Post-IPO),United States,North America,208.0,5.342334251964811,6.634633357861686
Roof Stacks,1,False,2026-01-24,2026-01-24,0,,,220.0,220.0,220.0,,,,Consumer,Consumer & Retail,Seed,Early Stage (Seed),Turkey,Other / International,1.0,0.6931471805599453,5.3981627015177525
Roofstock,2,True,2022-10-20,2023-03-22,153,153.0,153.0,,,,0.23500000000000001,0.23500000000000001,0.27,Real Estate,Real Estate & PropTech,Series E,Growth Stage (Series E+),United States,North America,365.0,5.902633333401366,
Root Insurance,2,True,2022-01-20,2022-11-09,293,293.0,293.0,467.0,233.5,330.0,0.2,0.2,0.2,Finance,Fintech & Financial Services,Post-IPO,Public (Post-IPO),United States,North America,527.0,6.269096283706261,6.148468295917647
Route,1,False,2022-12-05,2022-12-05,0,,,,,,,,,Retail,Consumer & Retail,Unknown,Unspecified / Private,United States,North America,481.0,6.1779441140506,
Rover,1,False,2020-03-31,2020-03-31,0,,,194.0,194.0,194.0,0.41,0.41,0.41,Consumer,Consumer & Retail,Series G,Growth Stage (Series E+),United States,North America,310.0,5.739792912179234,5.272999558563747
Rows,1,False,2022-06-29,2022-06-29,0,,,18.0,18.0,18.0,0.3,0.3,0.3,Other,Other / Diversified,Series B,Expansion Stage (Series B),Germany,Europe,25.0,3.258096538021482,2.9444389791664403
Ruangguru,1,False,2022-11-18,2022-11-18,0,,,,,,,,,Education,EdTech & Learning,Unknown,Unspecified / Private,Indonesia,Asia-Pacific,205.0,5.327876168789581,
Rubica,1,False,2020-11-05,2020-11-05,0,,,,,,1.0,1.0,1.0,Security,Enterprise & Infrastructure,Series A,Early Venture (Series A),United States,North America,14.0,2.70805020110221,
Rubicon Project,1,False,2020-05-06,2020-05-06,0,,,50.0,50.0,50.0,0.08,0.08,0.08,Marketing,Marketing & Media,Post-IPO,Public (Post-IPO),United States,North America,60.0,4.110873864173311,3.9318256327243257
Rubicon Technologies,1,False,2022-11-15,2022-11-15,0,,,,,,0.11,0.11,0.11,Other,Other / Diversified,Post-IPO,Public (Post-IPO),United States,North America,382.0,5.948034989180646,
Rubius,2,True,2022-09-13,2022-11-03,51,51.0,51.0,160.0,160.0,160.0,0.785,0.785,0.8200000000000001,Healthcare,Healthcare & BioTech,Post-IPO,Public (Post-IPO),United States,North America,445.0,6.100318952020064,5.081404364984463
Rubrik,1,False,2020-05-18,2020-05-18,0,,,57.0,57.0,57.0,,,,Infrastructure,Enterprise & Infrastructure,Series E,Growth Stage (Series E+),United States,North America,553.0,6.317164686747284,4.060443010546419
Ruggable,1,False,2023-01-27,2023-01-27,0,,,100.0,100.0,100.0,,,,Retail,Consumer & Retail,Seed,Early Stage (Seed),United States,North America,,,4.61512051684126
Running Tide,1,False,2024-06-15,2024-06-15,0,,,,,,1.0,1.0,1.0,Energy,Other / Diversified,Series B,Expansion Stage (Series B),United States,North America,54.0,4.007333185232471,
Runtastic,2,True,2023-03-16,2024-09-16,550,550.0,550.0,240.0,120.0,170.0,0.28,0.28,0.28,Fitness,Other / Diversified,Acquired,Acquired / Subsidiary,Austria,Europe,,,5.484796933490655
Rupeek,2,True,2022-06-07,2022-09-07,92,92.0,92.0,230.0,115.0,180.0,0.15,0.15,0.15,Finance,Fintech & Financial Services,Unknown,Unspecified / Private,India,Asia-Pacific,172.0,5.153291594497779,5.442417710521793
SADA,1,False,2022-11-08,2022-11-08,0,,,,,,0.11,0.11,0.11,Other,Other / Diversified,Acquired,Acquired / Subsidiary,United States,North America,,,
SAP,2,True,2023-01-26,2024-01-23,362,362.0,362.0,11000.0,5500.0,8000.0,0.05,0.05,0.07,Other,Other / Diversified,Post-IPO,Public (Post-IPO),Germany,Europe,1300.0,7.170888478512505,9.305741456739435
SAP Labs,1,False,2023-02-24,2023-02-24,0,,,300.0,300.0,300.0,,,,Other,Other / Diversified,Subsidiary,Unspecified / Private,India,Asia-Pacific,1300.0,7.170888478512505,5.707110264748875
SAS,3,True,2023-05-01,2026-06-26,1152,576.0,73.0,550.0,275.0,300.0,,,,Data,Enterprise & Infrastructure,Unknown,Unspecified / Private,United States,North America,,,6.311734809152915
SCiFi Foods,1,False,2024-06-12,2024-06-12,0,,,,,,1.0,1.0,1.0,Food,Consumer & Retail,Series A,Early Venture (Series A),United States,North America,39.0,3.6888794541139363,
SEND,1,False,2022-05-04,2022-05-04,0,,,300.0,300.0,300.0,1.0,1.0,1.0,Food,Consumer & Retail,Seed,Early Stage (Seed),Australia,Asia-Pacific,3.0,1.3862943611198906,5.707110264748875
SHINE Technologies,1,False,2023-08-10,2023-08-10,0,,,59.0,59.0,59.0,,,,Other,Other / Diversified,Series C,Late Stage (Series C-D),United States,North America,672.0,6.511745329644728,4.0943445622221
SIRCLO,1,False,2022-11-22,2022-11-22,0,,,160.0,160.0,160.0,0.08,0.08,0.08,Retail,Consumer & Retail,Series B,Expansion Stage (Series B),Indonesia,Asia-Pacific,92.0,4.532599493153256,5.081404364984463
SQZ Biotech,1,False,2022-12-01,2022-12-01,0,,,,,,0.6,0.6,0.6,Healthcare,Healthcare & BioTech,Post-IPO,Public (Post-IPO),United States,North America,229.0,5.438079308923196,
SQream,1,False,2022-07-06,2022-07-06,0,,,30.0,30.0,30.0,0.18,0.18,0.18,Data,Enterprise & Infrastructure,Series B,Expansion Stage (Series B),United States,North America,77.0,4.356708826689592,3.4339872044851463
SRTX,1,False,2025-02-05,2025-02-05,0,,,140.0,140.0,140.0,,,,Manufacturing,Hardware & Manufacturing,Unknown,Unspecified / Private,Canada,North America,151.0,5.0238805208462765,4.948759890378168
SSense,2,True,2023-01-27,2026-03-05,1133,1133.0,1133.0,353.0,176.5,215.0,0.07,0.07,0.07,Retail,Consumer & Retail,Series A,Early Venture (Series A),Canada,North America,,,5.869296913133774
SWVL,2,True,2022-05-30,2022-11-23,177,177.0,177.0,400.0,400.0,400.0,0.41000000000000003,0.41000000000000003,0.5,Transportation,Travel & Transportation,Post-IPO,Public (Post-IPO),Egypt,Africa,264.0,5.579729825986222,5.993961427306569
Saarthi.ai,1,False,2023-07-20,2023-07-20,0,,,,,,,,,Support,Enterprise & Infrastructure,Unknown,Unspecified / Private,India,Asia-Pacific,,,
Sabi,1,False,2025-06-19,2025-06-19,0,,,50.0,50.0,50.0,0.2,0.2,0.2,Retail,Consumer & Retail,Series B,Expansion Stage (Series B),Nigeria,Africa,66.0,4.204692619390966,3.9318256327243257
Sabre,1,False,2023-05-04,2023-05-04,0,,,1100.0,1100.0,1100.0,0.15,0.15,0.15,Travel,Travel & Transportation,Post-IPO,Public (Post-IPO),United States,North America,1700.0,7.438971592395862,7.00397413672268
SadaPay,1,False,2024-07-12,2024-07-12,0,,,,,,0.3,0.3,0.3,Finance,Fintech & Financial Services,Acquired,Acquired / Subsidiary,Pakistan,Other / International,20.0,3.044522437723423,
SafeGraph,1,False,2022-06-27,2022-06-27,0,,,27.0,27.0,27.0,0.25,0.25,0.25,Data,Enterprise & Infrastructure,Series B,Expansion Stage (Series B),United States,North America,61.0,4.127134385045092,3.332204510175204
Sage Therapeutics,1,False,2020-04-07,2020-04-07,0,,,340.0,340.0,340.0,0.53,0.53,0.53,Healthcare,Healthcare & BioTech,Post-IPO,Public (Post-IPO),United States,North America,438.0,6.0844994130751715,5.831882477283517
Sage Therapeutics copy,1,False,2023-09-15,2023-09-15,0,,,290.0,290.0,290.0,,,,Healthcare,Healthcare & BioTech,Post-IPO,Public (Post-IPO),United States,North America,438.0,6.0844994130751715,5.673323267171493
Saks.com,1,False,2023-01-19,2023-01-19,0,,,100.0,100.0,100.0,0.05,0.05,0.05,Retail,Consumer & Retail,Unknown,Unspecified / Private,United States,North America,965.0,6.873163834212518,4.61512051684126
Sales Boomerang,1,False,2022-10-20,2022-10-20,0,,,20.0,20.0,20.0,,,,Sales,Professional Services,Private Equity,Private Equity Owned,United States,North America,5.0,1.791759469228055,3.044522437723423
SalesLoft,1,False,2020-05-07,2020-05-07,0,,,55.0,55.0,55.0,,,,Sales,Professional Services,Series D,Late Stage (Series C-D),United States,North America,145.0,4.983606621708336,4.02535169073515
Salesforce,15,True,2020-08-26,2026-08-07,2172,155.14285714285714,0.0,16744.0,1196.0,8000.0,0.029700000000000004,0.01,0.1,Sales,Professional Services,Post-IPO,Public (Post-IPO),United States,North America,65.4,4.1956970564823886,9.725854985228304
Salesloft,1,False,2023-02-07,2023-02-07,0,,,100.0,100.0,100.0,0.1,0.1,0.1,Sales,Professional Services,Acquired,Acquired / Subsidiary,United States,North America,245.0,5.5053315359323625,4.61512051684126
Salsify,3,True,2020-04-03,2023-10-25,1300,650.0,343.0,260.0,86.66666666666667,110.0,0.12,0.12,0.13,Retail,Consumer & Retail,Unknown,Unspecified / Private,United States,North America,453.0,6.118097198041348,5.564520407322694
Salto,1,False,2025-06-10,2025-06-10,0,,,30.0,30.0,30.0,0.5,0.5,0.5,Other,Other / Diversified,Series B,Expansion Stage (Series B),Israel,Middle East,69.0,4.248495242049359,3.4339872044851463
Sama,2,True,2022-09-12,2026-04-16,1312,1312.0,1312.0,1108.0,1108.0,1108.0,,,,AI,Other / Diversified,Series B,Expansion Stage (Series B),Kenya,Africa,85.0,4.454347296253507,7.011213987350367
SambaNova,1,False,2025-04-25,2025-04-25,0,,,77.0,77.0,77.0,0.15,0.15,0.15,AI,Other / Diversified,Series D,Late Stage (Series C-D),United States,North America,1100.0,7.00397413672268,4.356708826689592
Sami,1,False,2022-06-14,2022-06-14,0,,,75.0,75.0,75.0,0.15,0.15,0.15,Healthcare,Healthcare & BioTech,Unknown,Unspecified / Private,Brazil,Latin America,36.0,3.6109179126442243,4.330733340286331
Sampler,1,False,2024-08-15,2024-08-15,0,,,,,,1.0,1.0,1.0,Retail,Consumer & Retail,Series B,Expansion Stage (Series B),Canada,North America,10.0,2.3978952727983707,
Samsara,1,False,2020-05-20,2020-05-20,0,,,300.0,300.0,300.0,0.18,0.18,0.18,Logistics,Travel & Transportation,Series F,Growth Stage (Series E+),United States,North America,530.0,6.274762021241939,5.707110264748875
Samsung,3,True,2023-03-14,2026-07-19,1223,611.5,0.0,869.0,289.6666666666667,739.0,,,,Hardware,Hardware & Manufacturing,Post-IPO,Public (Post-IPO),United States,North America,,,6.76849321164863
SanDisk,1,False,2026-08-24,2026-08-24,0,,,,,,,,,Hardware,Hardware & Manufacturing,Post-IPO,Public (Post-IPO),Israel,Middle East,713.0,6.570882962339584,
Sana,1,False,2022-11-30,2022-11-30,0,,,,,,0.15,0.15,0.15,Healthcare,Healthcare & BioTech,Series A,Early Venture (Series A),United States,North America,700.0,6.55250788703459,
Sana Benefits,2,True,2023-02-07,2023-11-01,267,267.0,267.0,73.0,73.0,73.0,0.345,0.345,0.5,HR,Other / Diversified,Series B,Expansion Stage (Series B),United States,North America,106.0,4.672828834461906,4.30406509320417
Sanar,1,False,2022-06-10,2022-06-10,0,,,60.0,60.0,60.0,0.2,0.2,0.2,Healthcare,Healthcare & BioTech,Unknown,Unspecified / Private,Brazil,Latin America,11.0,2.4849066497880004,4.110873864173311
Sandbox VR,1,False,2020-05-01,2020-05-01,0,,,80.0,80.0,80.0,0.8,0.8,0.8,Consumer,Consumer & Retail,Series A,Early Venture (Series A),United States,North America,82.0,4.418840607796598,4.394449154672439
Sandvine,1,False,2024-08-23,2024-08-23,0,,,,,,,,,Infrastructure,Enterprise & Infrastructure,Acquired,Acquired / Subsidiary,Canada,North America,63.0,4.1588830833596715,
Sapiens,1,False,2025-12-28,2025-12-28,0,,,700.0,700.0,700.0,0.15,0.15,0.15,Finance,Fintech & Financial Services,Acquired,Acquired / Subsidiary,Israel,Middle East,88.0,4.48863636973214,6.55250788703459
Sarcos,2,True,2023-07-17,2023-11-14,120,120.0,120.0,225.0,112.5,150.0,0.25,0.25,0.25,Aerospace,Hardware & Manufacturing,Post-IPO,Public (Post-IPO),United States,North America,316.0,5.75890177387728,5.420534999272286
Satellogic,2,True,2024-05-24,2024-06-14,21,21.0,21.0,104.0,52.0,70.0,0.215,0.215,0.3,Aerospace,Hardware & Manufacturing,Post-IPO,Public (Post-IPO),Uruguay,Other / International,424.0,6.052089168924417,4.653960350157523
Satvacart,1,False,2026-08-31,2026-08-31,0,,,,,,1.0,1.0,1.0,Food,Consumer & Retail,Seed,Early Stage (Seed),India,Asia-Pacific,2.0,1.0986122886681098,
Sauce Labs,1,False,2020-04-02,2020-04-02,0,,,30.0,30.0,30.0,0.15,0.15,0.15,Infrastructure,Enterprise & Infrastructure,Unknown,Unspecified / Private,United States,North America,151.0,5.0238805208462765,3.4339872044851463
Sayurbox,2,True,2022-12-07,2023-04-14,128,128.0,128.0,,,,0.05,0.05,0.05,Food,Consumer & Retail,Series C,Late Stage (Series C-D),Indonesia,Asia-Pacific,139.0,4.941642422609304,
Scale AI,2,True,2023-01-09,2025-07-16,919,919.0,919.0,200.0,200.0,200.0,0.17,0.17,0.2,Data,Enterprise & Infrastructure,Series E,Growth Stage (Series E+),United States,North America,602.0,6.401917196727186,5.303304908059076
ScaleFactor,1,False,2020-06-23,2020-06-23,0,,,90.0,90.0,90.0,0.9,0.9,0.9,Finance,Fintech & Financial Services,Series C,Late Stage (Series C-D),United States,North America,103.0,4.6443908991413725,4.51085950651685
ScaleFocus,1,False,2020-06-11,2020-06-11,0,,,120.0,120.0,120.0,0.1,0.1,0.1,Infrastructure,Enterprise & Infrastructure,Unknown,Unspecified / Private,Bulgaria,Other / International,,,4.795790545596741
Scaler,1,False,2024-04-10,2024-04-10,0,,,150.0,150.0,150.0,,,,Education,EdTech & Learning,Series B,Expansion Stage (Series B),India,Asia-Pacific,55.0,4.02535169073515,5.017279836814924
SchoolMint,1,False,2023-10-05,2023-10-05,0,,,29.0,29.0,29.0,0.14,0.14,0.14,Education,EdTech & Learning,Acquired,Acquired / Subsidiary,United States,North America,8.0,2.1972245773362196,3.4011973816621555
Science 37,2,True,2022-11-14,2023-04-12,149,149.0,149.0,230.0,115.0,140.0,,,,Healthcare,Healthcare & BioTech,Post-IPO,Public (Post-IPO),United States,North America,347.0,5.8522024797744745,5.442417710521793
Scoop,2,True,2020-04-08,2020-11-17,223,223.0,223.0,92.0,92.0,92.0,0.33,0.33,0.33,Transportation,Travel & Transportation,Series C,Late Stage (Series C-D),United States,North America,95.0,4.564348191467836,4.532599493153256
Scope3,1,False,2025-09-05,2025-09-05,0,,,,,,,,,Energy,Other / Diversified,Series B,Expansion Stage (Series B),United States,North America,45.0,3.828641396489095,
Scoro,1,False,2023-01-24,2023-01-24,0,,,,,,0.09,0.09,0.09,HR,Other / Diversified,Series B,Expansion Stage (Series B),United Kingdom,Europe,23.0,3.1780538303479458,
Scribe Media,1,False,2023-05-04,2023-05-04,0,,,90.0,90.0,90.0,1.0,1.0,1.0,Marketing,Marketing & Media,Unknown,Unspecified / Private,United States,North America,,,4.51085950651685
Sea,2,True,2022-03-30,2022-09-02,156,156.0,156.0,350.0,350.0,350.0,,,,Consumer,Consumer & Retail,Post-IPO,Public (Post-IPO),Singapore,Asia-Pacific,8600.0,9.059633754551479,5.860786223465865
Seagate,2,True,2022-10-26,2023-03-29,154,154.0,154.0,3480.0,1740.0,3000.0,0.08,0.08,0.08,Hardware,Hardware & Manufacturing,Post-IPO,Public (Post-IPO),United States,North America,,,8.15507488781144
SeatGeek,1,False,2025-02-20,2025-02-20,0,,,150.0,150.0,150.0,0.15,0.15,0.15,Consumer,Consumer & Retail,Series E,Growth Stage (Series E+),United States,North America,400.0,5.993961427306569,5.017279836814924
Secfi,1,False,2022-06-30,2022-06-30,0,,,,,,,,,Finance,Fintech & Financial Services,Series A,Early Venture (Series A),United States,North America,7.0,2.0794415416798357,
Section4,1,False,2022-05-12,2022-05-12,0,,,32.0,32.0,32.0,,,,Education,EdTech & Learning,Series A,Early Venture (Series A),United States,North America,37.0,3.6375861597263857,3.4965075614664802
SecureWorks,2,True,2023-02-07,2023-08-14,188,188.0,188.0,512.0,256.0,300.0,0.12,0.12,0.15,Security,Enterprise & Infrastructure,Post-IPO,Public (Post-IPO),United States,North America,83.0,4.430816798843313,6.240275845170769
Seedr,1,False,2024-01-23,2024-01-23,0,,,15.0,15.0,15.0,,,,Finance,Fintech & Financial Services,Acquired,Acquired / Subsidiary,United Kingdom,Europe,28.0,3.367295829986474,2.772588722239781
Seegrid,1,False,2022-08-02,2022-08-02,0,,,90.0,90.0,90.0,,,,Logistics,Travel & Transportation,Unknown,Unspecified / Private,United States,North America,107.0,4.68213122712422,4.51085950651685
SeekOut,2,True,2023-10-05,2024-05-16,224,224.0,224.0,16.0,16.0,16.0,0.185,0.185,0.3,Recruiting,Professional Services,Series C,Late Stage (Series C-D),United States,North America,,,2.833213344056216
Segment,1,False,2020-05-06,2020-05-06,0,,,50.0,50.0,50.0,0.1,0.1,0.1,Data,Enterprise & Infrastructure,Series D,Late Stage (Series C-D),United States,North America,283.0,5.648974238161206,3.9318256327243257
Selina,1,False,2023-06-27,2023-06-27,0,,,350.0,350.0,350.0,,,,Travel,Travel & Transportation,Post-IPO,Public (Post-IPO),United Kingdom,Europe,612.0,6.418364935936212,5.860786223465865
SellerX,1,False,2022-07-19,2022-07-19,0,,,28.0,28.0,28.0,,,,Retail,Consumer & Retail,Unknown,Unspecified / Private,Germany,Europe,766.0,6.642486801367256,3.367295829986474
Sema4,2,True,2022-08-15,2022-11-14,91,91.0,91.0,750.0,375.0,500.0,0.13,0.13,0.13,Healthcare,Healthcare & BioTech,Post-IPO,Public (Post-IPO),United States,North America,791.0,6.674561391814426,6.621405651764134
SendCloud,1,False,2022-11-10,2022-11-10,0,,,,,,0.1,0.1,0.1,Logistics,Travel & Transportation,Series C,Late Stage (Series C-D),Netherlands,Europe,200.0,5.303304908059076,
Sendle,1,False,2022-07-04,2022-07-04,0,,,27.0,27.0,27.0,0.12,0.12,0.12,Logistics,Travel & Transportation,Series C,Late Stage (Series C-D),Australia,Asia-Pacific,69.0,4.248495242049359,3.332204510175204
Sendoso,2,True,2022-06-06,2023-10-03,484,484.0,484.0,,,,0.14,0.14,0.14,Marketing,Marketing & Media,Series C,Late Stage (Series C-D),United States,North America,152.0,5.030437921392435,
Sendy,3,True,2022-08-02,2023-08-08,371,185.5,0.0,84.0,42.0,54.0,0.43333333333333335,0.2,1.0,Logistics,Travel & Transportation,Series B,Expansion Stage (Series B),Kenya,Africa,26.0,3.295836866004329,4.442651256490317
SenseTime,1,False,2023-08-28,2023-08-28,0,,,,,,,,,AI,Other / Diversified,Post-IPO,Public (Post-IPO),Hong Kong,Asia-Pacific,2600.0,7.8636512654486515,
Sensibill,1,False,2020-04-01,2020-04-01,0,,,17.0,17.0,17.0,0.2,0.2,0.2,Finance,Fintech & Financial Services,Series B,Expansion Stage (Series B),Canada,North America,50.0,3.9318256327243257,2.8903717578961645
Sensor Tower,1,False,2023-09-08,2023-09-08,0,,,,,,,,,Marketing,Marketing & Media,Private Equity,Private Equity Owned,United States,North America,46.0,3.8501476017100584,
SentinelOne,2,True,2023-06-01,2026-05-29,1093,1093.0,1093.0,230.0,230.0,230.0,0.065,0.065,0.08,Security,Enterprise & Infrastructure,Post-IPO,Public (Post-IPO),United States,North America,696.0,6.546785410760524,5.442417710521793
Service,2,True,2020-03-16,2020-03-20,4,4.0,4.0,,,,1.0,1.0,1.0,Travel,Travel & Transportation,Seed,Early Stage (Seed),United States,North America,5.1,1.8082887711792655,
ServiceNow,2,True,2026-06-11,2026-07-28,47,47.0,47.0,54.0,54.0,54.0,,,,Support,Enterprise & Infrastructure,Post-IPO,Public (Post-IPO),United States,North America,84.0,4.442651256490317,4.007333185232471
ServiceTitan,1,False,2023-02-15,2023-02-15,0,,,221.0,221.0,221.0,0.08,0.08,0.08,Sales,Professional Services,Series G,Growth Stage (Series E+),United States,North America,1100.0,7.00397413672268,5.402677381872279
Sezzle,1,False,2022-03-10,2022-03-10,0,,,,,,0.2,0.2,0.2,Finance,Fintech & Financial Services,Post-IPO,Public (Post-IPO),United States,North America,301.0,5.71042701737487,
Shakepay,1,False,2023-01-27,2023-01-27,0,,,21.0,21.0,21.0,0.25,0.25,0.25,Crypto,Fintech & Financial Services,Series A,Early Venture (Series A),Canada,North America,45.0,3.828641396489095,3.091042453358316
Share Now,1,False,2022-12-09,2022-12-09,0,,,150.0,150.0,150.0,0.36,0.36,0.36,Transportation,Travel & Transportation,Acquired,Acquired / Subsidiary,Germany,Europe,,,5.017279836814924
ShareChat,6,True,2020-05-20,2025-01-15,1701,340.2,45.0,958.0,159.66666666666666,500.0,0.14,0.15,0.25,Marketing,Marketing & Media,Series D,Late Stage (Series C-D),India,Asia-Pacific,1700.0,7.438971592395862,6.8658910748834385
ShareFile,1,False,2024-11-07,2024-11-07,0,,,199.0,199.0,199.0,,,,Other,Other / Diversified,Acquired,Acquired / Subsidiary,United States,North America,,,5.298317366548036
Sharesies,1,False,2023-02-02,2023-02-02,0,,,,,,,,,Finance,Fintech & Financial Services,Series C,Late Stage (Series C-D),New Zealand,Asia-Pacific,60.0,4.110873864173311,
Sharethrough,1,False,2020-07-01,2020-07-01,0,,,18.0,18.0,18.0,,,,Marketing,Marketing & Media,Series D,Late Stage (Series C-D),United States,North America,38.0,3.6635616461296463,2.9444389791664403
Shef,1,False,2022-06-02,2022-06-02,0,,,29.0,29.0,29.0,,,,Food,Consumer & Retail,Series A,Early Venture (Series A),United States,North America,28.0,3.367295829986474,3.4011973816621555
Shein,1,False,2024-09-30,2024-09-30,0,,,17.0,17.0,17.0,,,,Retail,Consumer & Retail,Private Equity,Private Equity Owned,Singapore,Asia-Pacific,4100.0,8.31898612539206,2.8903717578961645
Shelf Engine,1,False,2022-07-29,2022-07-29,0,,,43.0,43.0,43.0,,,,Food,Consumer & Retail,Series B,Expansion Stage (Series B),United States,North America,58.0,4.07753744390572,3.784189633918261
Sherpa,1,False,2022-07-29,2022-07-29,0,,,22.0,22.0,22.0,,,,Travel,Travel & Transportation,Unknown,Unspecified / Private,Canada,North America,11.0,2.4849066497880004,3.1354942159291497
Shift,4,True,2022-08-09,2023-10-06,423,141.0,87.0,,,,0.5466666666666667,0.34,1.0,Transportation,Travel & Transportation,Post-IPO,Public (Post-IPO),United States,North America,504.0,6.22455842927536,
ShipBob,1,False,2022-08-25,2022-08-25,0,,,,,,0.07,0.07,0.07,Logistics,Travel & Transportation,Series E,Growth Stage (Series E+),United States,North America,330.0,5.802118375377063,
Shippo,1,False,2022-11-03,2022-11-03,0,,,60.0,60.0,60.0,0.2,0.2,0.2,Logistics,Travel & Transportation,Series E,Growth Stage (Series E+),United States,North America,154.0,5.043425116919247,4.110873864173311
Shipsi,1,False,2020-04-28,2020-04-28,0,,,20.0,20.0,20.0,0.5,0.5,0.5,Retail,Consumer & Retail,Seed,Early Stage (Seed),United States,North America,2.0,1.0986122886681098,3.044522437723423
Shipt,1,False,2023-10-24,2023-10-24,0,,,,,,0.03,0.03,0.03,Retail,Consumer & Retail,Acquired,Acquired / Subsidiary,United States,North America,65.0,4.189654742026425,
Shogun,1,False,2022-08-09,2022-08-09,0,,,48.0,48.0,48.0,0.3,0.3,0.3,Retail,Consumer & Retail,Series C,Late Stage (Series C-D),United States,North America,114.0,4.74493212836325,3.8918202981106265
Shop101,1,False,2020-04-15,2020-04-15,0,,,200.0,200.0,200.0,0.4,0.4,0.4,Retail,Consumer & Retail,Series C,Late Stage (Series C-D),India,Asia-Pacific,19.0,2.995732273553991,5.303304908059076
ShopBack,1,False,2024-03-19,2024-03-19,0,,,195.0,195.0,195.0,0.24,0.24,0.24,Retail,Consumer & Retail,Series F,Growth Stage (Series E+),Singapore,Asia-Pacific,355.0,5.87493073085203,5.278114659230517
ShopX,1,False,2022-08-22,2022-08-22,0,,,,,,1.0,1.0,1.0,Retail,Consumer & Retail,Unknown,Unspecified / Private,India,Asia-Pacific,56.0,4.04305126783455,
Shopee,5,True,2022-06-14,2026-06-10,1457,364.25,57.0,200.0,200.0,200.0,0.08,0.08,0.08,Food,Consumer & Retail,Unknown,Unspecified / Private,Singapore,Asia-Pacific,,,5.303304908059076
Shopify,8,True,2020-08-14,2026-05-04,2089,298.42857142857144,20.0,3480.0,580.0,2300.0,0.15000000000000002,0.15000000000000002,0.2,Retail,Consumer & Retail,Post-IPO,Public (Post-IPO),Canada,North America,122.3,4.814620410170298,8.15507488781144
Showpad,2,True,2020-04-01,2024-04-18,1478,1478.0,1478.0,102.0,51.0,52.0,0.11,0.11,0.12,Marketing,Marketing & Media,Series D,Late Stage (Series C-D),Belgium,Europe,159.0,5.075173815233827,4.634728988229636
Shutterfly,4,True,2021-01-25,2026-04-16,1907,635.6666666666666,197.0,1486.0,371.5,800.0,,,,Manufacturing,Hardware & Manufacturing,Post-IPO,Public (Post-IPO),United States,North America,50.0,3.9318256327243257,7.304515946460155
Shuttl,1,False,2020-04-02,2020-04-02,0,,,40.0,40.0,40.0,,,,Transportation,Travel & Transportation,Series C,Late Stage (Series C-D),India,Asia-Pacific,122.0,4.812184355372417,3.713572066704308
SiFive,1,False,2023-10-24,2023-10-24,0,,,130.0,130.0,130.0,0.2,0.2,0.2,Hardware,Hardware & Manufacturing,Series F,Growth Stage (Series E+),United States,North America,365.0,5.902633333401366,4.875197323201151
Side,2,True,2022-06-01,2022-10-19,140,140.0,140.0,,,,0.1,0.1,0.1,Real Estate,Real Estate & PropTech,Unknown,Unspecified / Private,United States,North America,313.0,5.749392985908253,
Sidecar Health,1,False,2022-06-28,2022-06-28,0,,,110.0,110.0,110.0,0.4,0.4,0.4,Healthcare,Healthcare & BioTech,Series C,Late Stage (Series C-D),United States,North America,163.0,5.099866427824199,4.709530201312334
Sierra Space,1,False,2023-11-16,2023-11-16,0,,,115.0,115.0,115.0,,,,Aerospace,Hardware & Manufacturing,Series B,Expansion Stage (Series B),United States,North America,1700.0,7.438971592395862,4.7535901911063645
Sift,1,False,2020-05-14,2020-05-14,0,,,,,,,,,Security,Enterprise & Infrastructure,Series D,Late Stage (Series C-D),United States,North America,106.0,4.672828834461906,
Sigfox,1,False,2022-04-25,2022-04-25,0,,,64.0,64.0,64.0,,,,Other,Other / Diversified,Acquired,Acquired / Subsidiary,France,Europe,277.0,5.627621113690637,4.174387269895637
Sight Diagnostics,1,False,2024-05-09,2024-05-09,0,,,40.0,40.0,40.0,0.3,0.3,0.3,Healthcare,Healthcare & BioTech,Series D,Late Stage (Series C-D),Israel,Middle East,124.0,4.8283137373023015,3.713572066704308
Sightful,1,False,2024-07-01,2024-07-01,0,,,20.0,20.0,20.0,0.33,0.33,0.33,Hardware,Hardware & Manufacturing,Unknown,Unspecified / Private,Israel,Middle East,61.0,4.127134385045092,3.044522437723423
Signicat,1,False,2022-11-02,2022-11-02,0,,,,,,,,,Security,Enterprise & Infrastructure,Acquired,Acquired / Subsidiary,Norway,Europe,8.0,2.1972245773362196,
Silo,1,False,2024-05-22,2024-05-22,0,,,,,,0.3,0.3,0.3,Food,Consumer & Retail,Series C,Late Stage (Series C-D),United States,North America,272.0,5.60947179518496,
Silofit,1,False,2023-08-02,2023-08-02,0,,,,,,1.0,1.0,1.0,Fitness,Other / Diversified,Series A,Early Venture (Series A),Canada,North America,19.0,2.995732273553991,
Similarweb,2,True,2022-11-16,2023-05-10,175,175.0,175.0,180.0,90.0,120.0,0.08,0.08,0.1,Other,Other / Diversified,Post-IPO,Public (Post-IPO),United States,North America,235.0,5.4638318050256105,5.198497031265826
Simon Data,1,False,2020-04-23,2020-04-23,0,,,6.0,6.0,6.0,,,,Marketing,Marketing & Media,Series C,Late Stage (Series C-D),United States,North America,68.0,4.23410650459726,1.9459101490553132
Simpl,4,True,2023-04-09,2025-10-01,906,302.0,29.0,360.0,90.0,150.0,0.2,0.2,0.25,Finance,Fintech & Financial Services,Series B,Expansion Stage (Series B),India,Asia-Pacific,72.0,4.290459441148391,5.8888779583328805
Simple,1,False,2021-01-07,2021-01-07,0,,,,,,1.0,1.0,1.0,Finance,Fintech & Financial Services,Acquired,Acquired / Subsidiary,United States,North America,15.0,2.772588722239781,
Simple Feast,1,False,2022-09-07,2022-09-07,0,,,150.0,150.0,150.0,1.0,1.0,1.0,Food,Consumer & Retail,Unknown,Unspecified / Private,Denmark,Europe,173.0,5.159055299214529,5.017279836814924
Simplilearn,1,False,2023-12-07,2023-12-07,0,,,200.0,200.0,200.0,,,,Education,EdTech & Learning,Acquired,Acquired / Subsidiary,India,Asia-Pacific,76.0,4.343805421853684,5.303304908059076
Sinch,1,False,2022-10-12,2022-10-12,0,,,150.0,150.0,150.0,,,,Other,Other / Diversified,Post-IPO,Public (Post-IPO),Sweden,Europe,1500.0,7.313886831633462,5.017279836814924
Singular,1,False,2020-04-23,2020-04-23,0,,,,,,,,,Marketing,Marketing & Media,Series B,Expansion Stage (Series B),United States,North America,50.0,3.9318256327243257,
Singular Genomics,2,True,2023-11-15,2024-03-19,125,125.0,125.0,,,,0.15000000000000002,0.15000000000000002,0.2,Healthcare,Healthcare & BioTech,Post-IPO,Public (Post-IPO),United States,North America,176.0,5.176149732573829,
Singularity 6,2,True,2024-04-08,2024-05-15,37,37.0,37.0,85.0,42.5,49.0,0.35,0.35,0.35,Other,Other / Diversified,Series B,Expansion Stage (Series B),United States,North America,49.0,3.912023005428146,4.454347296253507
SirionLabs,1,False,2023-01-25,2023-01-25,0,,,130.0,130.0,130.0,0.15,0.15,0.15,Legal,Professional Services,Series D,Late Stage (Series C-D),United States,North America,171.0,5.147494476813453,4.875197323201151
SiriusXM,2,True,2023-03-06,2024-02-12,343,343.0,343.0,635.0,317.5,475.0,0.055,0.055,0.08,Media,Marketing & Media,Post-IPO,Public (Post-IPO),United States,North America,525.0,6.26530121273771,6.455198563340122
Sirplus,1,False,2024-01-17,2024-01-17,0,,,60.0,60.0,60.0,,,,Food,Consumer & Retail,Seed,Early Stage (Seed),Germany,Europe,,,4.110873864173311
Sisense,3,True,2020-04-23,2024-01-11,1358,679.0,184.0,240.0,80.0,100.0,0.12333333333333334,0.13,0.15,Data,Enterprise & Infrastructure,Series F,Growth Stage (Series E+),United States,North America,274.0,5.616771097666572,5.484796933490655
Siteimprove,1,False,2020-03-31,2020-03-31,0,,,40.0,40.0,40.0,,,,Marketing,Marketing & Media,Unknown,Unspecified / Private,United States,North America,55.0,4.02535169073515,3.713572066704308
Skai,3,True,2022-07-27,2026-06-03,1407,703.5,547.0,210.0,70.0,100.0,0.12666666666666668,0.14,0.2,Marketing,Marketing & Media,Series E,Growth Stage (Series E+),Israel,Middle East,60.0,4.110873864173311,5.351858133476067
Skedulo,1,False,2022-08-23,2022-08-23,0,,,31.0,31.0,31.0,0.08,0.08,0.08,HR,Other / Diversified,Series C,Late Stage (Series C-D),United States,North America,114.0,4.74493212836325,3.4657359027997265
Sketch,1,False,2022-10-11,2022-10-11,0,,,80.0,80.0,80.0,,,,Other,Other / Diversified,Series A,Early Venture (Series A),Netherlands,Europe,20.0,3.044522437723423,4.394449154672439
Skill Lync,2,True,2023-04-25,2023-07-13,79,79.0,79.0,600.0,300.0,400.0,,,,Education,EdTech & Learning,Series A,Early Venture (Series A),India,Asia-Pacific,17.0,2.8903717578961645,6.398594934535208
Skillshare,2,True,2022-06-01,2022-08-23,83,83.0,83.0,31.0,31.0,31.0,,,,Education,EdTech & Learning,Unknown,Unspecified / Private,United States,North America,136.0,4.919980925828125,3.4657359027997265
Skillz,3,True,2020-04-14,2022-08-29,867,433.5,101.0,91.0,45.5,70.0,0.1,0.1,0.1,Consumer,Consumer & Retail,Post-IPO,Public (Post-IPO),United States,North America,287.0,5.662960480135946,4.5217885770490405
Skip the Dishes,1,False,2024-08-20,2024-08-20,0,,,800.0,800.0,800.0,,,,Food,Consumer & Retail,Acquired,Acquired / Subsidiary,Canada,North America,8.0,2.1972245773362196,6.68586094706836
SkipTheDishes,1,False,2022-09-09,2022-09-09,0,,,350.0,350.0,350.0,,,,Food,Consumer & Retail,Acquired,Acquired / Subsidiary,Canada,North America,6.0,1.9459101490553132,5.860786223465865
Skit.ai,1,False,2023-01-12,2023-01-12,0,,,115.0,115.0,115.0,,,,Support,Enterprise & Infrastructure,Series B,Expansion Stage (Series B),India,Asia-Pacific,28.0,3.367295829986474,4.7535901911063645
SkyKick,1,False,2023-08-30,2023-08-30,0,,,140.0,140.0,140.0,,,,Other,Other / Diversified,Unknown,Unspecified / Private,United States,North America,198.0,5.293304824724492,4.948759890378168
SkySlope,1,False,2020-03-31,2020-03-31,0,,,50.0,50.0,50.0,0.25,0.25,0.25,Real Estate,Real Estate & PropTech,Acquired,Acquired / Subsidiary,United States,North America,,,3.9318256327243257
Skybox Security,1,False,2025-02-24,2025-02-24,0,,,300.0,300.0,300.0,1.0,1.0,1.0,Security,Enterprise & Infrastructure,Private Equity,Private Equity Owned,United States,North America,335.0,5.817111159963204,5.707110264748875
Skyscanner,1,False,2020-07-14,2020-07-14,0,,,300.0,300.0,300.0,0.2,0.2,0.2,Travel,Travel & Transportation,Acquired,Acquired / Subsidiary,United Kingdom,Europe,197.2,5.289276621895888,5.707110264748875
Slice Labs,1,False,2020-04-08,2020-04-08,0,,,,,,,,,Finance,Fintech & Financial Services,Series A,Early Venture (Series A),United States,North America,35.0,3.58351893845611,
Slickdeals,1,False,2023-05-12,2023-05-12,0,,,79.0,79.0,79.0,0.33,0.33,0.33,Retail,Consumer & Retail,Unknown,Unspecified / Private,United States,North America,,,4.382026634673881
Slite,1,False,2023-03-23,2023-03-23,0,,,10.0,10.0,10.0,0.25,0.25,0.25,Other,Other / Diversified,Series A,Early Venture (Series A),France,Europe,15.0,2.772588722239781,2.3978952727983707
Slync,2,True,2022-08-05,2023-10-25,446,446.0,446.0,,,,1.0,1.0,1.0,Logistics,Travel & Transportation,Series B,Expansion Stage (Series B),United States,North America,76.0,4.343805421853684,
Small Robot Company,1,False,2024-02-02,2024-02-02,0,,,,,,1.0,1.0,1.0,Food,Consumer & Retail,Unknown,Unspecified / Private,United Kingdom,Europe,10.0,2.3978952727983707,
Smallcase,1,False,2023-03-21,2023-03-21,0,,,15.0,15.0,15.0,0.04,0.04,0.04,Finance,Fintech & Financial Services,Series C,Late Stage (Series C-D),India,Asia-Pacific,62.0,4.143134726391533,2.772588722239781
Smarsh,1,False,2022-07-21,2022-07-21,0,,,,,,,,,Other,Other / Diversified,Private Equity,Private Equity Owned,United States,North America,,,
SmartAsset,1,False,2023-06-01,2023-06-01,0,,,,,,0.19,0.19,0.19,Finance,Fintech & Financial Services,Series D,Late Stage (Series C-D),United States,North America,161.0,5.087596335232384,
SmartNews,1,False,2023-01-12,2023-01-12,0,,,120.0,120.0,120.0,0.4,0.4,0.4,Media,Marketing & Media,Series F,Growth Stage (Series E+),Japan,Asia-Pacific,410.0,6.018593214496234,4.795790545596741
Smartsheet,3,True,2023-02-16,2026-02-04,1084,542.0,125.0,205.0,102.5,120.0,0.03,0.03,0.03,Other,Other / Diversified,Post-IPO,Public (Post-IPO),United States,North America,152.0,5.030437921392435,5.327876168789581
Smashing,1,False,2025-04-16,2025-04-16,0,,,7.0,7.0,7.0,1.0,1.0,1.0,Consumer,Consumer & Retail,Seed,Early Stage (Seed),United States,North America,3.0,1.3862943611198906,2.0794415416798357
Smava,2,True,2022-08-31,2022-11-02,63,63.0,63.0,200.0,100.0,100.0,0.125,0.125,0.15,Finance,Fintech & Financial Services,Unknown,Unspecified / Private,Germany,Europe,188.0,5.241747015059643,5.303304908059076
SmileDirectClub,1,False,2023-12-09,2023-12-09,0,,,,,,1.0,1.0,1.0,Healthcare,Healthcare & BioTech,Post-IPO,Public (Post-IPO),United States,North America,694.0,6.543911845564792,
Snagajob,1,False,2022-08-31,2022-08-31,0,,,,,,,,,HR,Other / Diversified,Unknown,Unspecified / Private,United States,North America,221.0,5.402677381872279,
Snap,5,True,2022-08-31,2026-04-15,1323,330.75,42.0,2970.0,594.0,1280.0,0.15333333333333335,0.16,0.2,Consumer,Consumer & Retail,Post-IPO,Public (Post-IPO),United States,North America,4900.0,8.497194544909547,7.9966538754626075
Snap Finance,1,False,2020-03-31,2020-03-31,0,,,,,,,,,Finance,Fintech & Financial Services,Unknown,Unspecified / Private,United States,North America,,,
Snapdocs,2,True,2022-08-16,2022-11-03,79,79.0,79.0,,,,0.125,0.125,0.15,Real Estate,Real Estate & PropTech,Series D,Late Stage (Series C-D),United States,North America,253.0,5.537334267018537,
Snappy,1,False,2023-01-15,2023-01-15,0,,,100.0,100.0,100.0,0.3,0.3,0.3,Marketing,Marketing & Media,Series C,Late Stage (Series C-D),United States,North America,104.0,4.653960350157523,4.61512051684126
Snaptravel,1,False,2020-07-16,2020-07-16,0,,,,,,,,,Travel,Travel & Transportation,Series A,Early Venture (Series A),Canada,North America,22.4,3.152736022363656,
Snowflake,1,False,2026-03-19,2026-03-19,0,,,70.0,70.0,70.0,,,,Data,Enterprise & Infrastructure,Post-IPO,Public (Post-IPO),United States,North America,2900.0,7.972810784121404,4.2626798770413155
Snowplow,1,False,2023-02-02,2023-02-02,0,,,40.0,40.0,40.0,,,,Data,Enterprise & Infrastructure,Series B,Expansion Stage (Series B),United Kingdom,Europe,55.0,4.02535169073515,3.713572066704308
Snyk,4,True,2022-06-30,2026-06-24,1455,485.0,116.0,356.0,118.66666666666667,198.0,0.14,0.14,0.14,Security,Enterprise & Infrastructure,Series F,Growth Stage (Series E+),United States,North America,849.0,6.745236349484363,5.877735781779639
SoFi,3,True,2020-05-20,2024-01-10,1330,665.0,345.0,112.0,112.0,112.0,0.05500000000000001,0.05500000000000001,0.07,Finance,Fintech & Financial Services,Post-IPO,Public (Post-IPO),United States,North America,3000.0,8.006700845440367,4.727387818712341
Socure,2,True,2022-06-17,2023-01-05,202,202.0,202.0,173.0,86.5,104.0,0.16,0.16,0.19,Finance,Fintech & Financial Services,Series E,Growth Stage (Series E+),United States,North America,646.0,6.472346294500901,5.159055299214529
Software AG,1,False,2023-01-31,2023-01-31,0,,,200.0,200.0,200.0,0.04,0.04,0.04,Data,Enterprise & Infrastructure,Post-IPO,Public (Post-IPO),Germany,Europe,344.0,5.84354441703136,5.303304908059076
Sojern,2,True,2020-04-03,2023-12-13,1349,1349.0,1349.0,300.0,300.0,300.0,0.35,0.35,0.5,Marketing,Marketing & Media,Unknown,Unspecified / Private,United States,North America,172.0,5.153291594497779,5.707110264748875
SolarEdge,4,True,2024-01-21,2025-01-06,351,117.0,40.0,2200.0,550.0,900.0,0.14,0.14,0.16,Energy,Other / Diversified,Post-IPO,Public (Post-IPO),Israel,Middle East,155.0,5.049856007249537,7.696667081526462
Solarisbank,2,True,2022-09-29,2023-12-14,441,441.0,441.0,20.0,20.0,20.0,0.1,0.1,0.1,Finance,Fintech & Financial Services,Unknown,Unspecified / Private,Germany,Europe,385.0,5.955837369464831,3.044522437723423
Solidigm,1,False,2023-07-06,2023-07-06,0,,,98.0,98.0,98.0,,,,Hardware,Hardware & Manufacturing,Unknown,Unspecified / Private,United States,North America,,,4.59511985013459
Soluto,1,False,2022-07-24,2022-07-24,0,,,120.0,120.0,120.0,1.0,1.0,1.0,Support,Enterprise & Infrastructure,Acquired,Acquired / Subsidiary,Israel,Middle East,18.0,2.9444389791664403,4.795790545596741
Sonatype,1,False,2023-05-09,2023-05-09,0,,,100.0,100.0,100.0,0.14,0.14,0.14,Security,Enterprise & Infrastructure,Acquired,Acquired / Subsidiary,United States,North America,154.0,5.043425116919247,4.61512051684126
Sonder,6,True,2020-03-24,2025-11-10,2057,411.4,210.0,856.0,214.0,400.0,0.37,0.21,1.0,Travel,Travel & Transportation,Post-IPO,Public (Post-IPO),United States,North America,839.0,6.733401891837359,6.75343791859778
SonderMind,2,True,2022-12-16,2024-01-16,396,396.0,396.0,49.0,49.0,49.0,0.16,0.16,0.17,Healthcare,Healthcare & BioTech,Series C,Late Stage (Series C-D),United States,North America,183.0,5.214935757608986,3.912023005428146
Sono Motors,2,True,2023-02-27,2023-10-02,217,217.0,217.0,300.0,300.0,300.0,,,,Transportation,Travel & Transportation,Post-IPO,Public (Post-IPO),Germany,Europe,127.0,4.852030263919617,5.707110264748875
Sonos,7,True,2020-06-24,2026-06-25,2192,365.3333333333333,85.0,604.0,151.0,200.0,0.08,0.07,0.12,Consumer,Consumer & Retail,Post-IPO,Public (Post-IPO),United States,North America,455.2,6.122931309850288,6.405228458030842
Sony Interactive,1,False,2024-02-27,2024-02-27,0,,,900.0,900.0,900.0,0.08,0.08,0.08,Consumer,Consumer & Retail,Subsidiary,Unspecified / Private,United States,North America,,,6.803505257608338
Sophos,2,True,2023-01-18,2025-02-13,757,757.0,757.0,450.0,450.0,450.0,0.08,0.08,0.1,Security,Enterprise & Infrastructure,Acquired,Acquired / Subsidiary,United Kingdom,Europe,125.0,4.836281906951478,6.111467339502679
Sorabel,1,False,2020-07-23,2020-07-23,0,,,,,,1.0,1.0,1.0,Retail,Consumer & Retail,Series B,Expansion Stage (Series B),Indonesia,Asia-Pacific,27.0,3.332204510175204,
Sorare,1,False,2024-03-06,2024-03-06,0,,,22.0,22.0,22.0,0.13,0.13,0.13,Crypto,Fintech & Financial Services,Series B,Expansion Stage (Series B),United States,North America,739.0,6.606650186198215,3.1354942159291497
Sorbet,1,False,2025-09-14,2025-09-14,0,,,,,,,,,Finance,Fintech & Financial Services,Series A,Early Venture (Series A),Israel,Middle East,58.0,4.07753744390572,
SoundCloud,2,True,2022-08-03,2023-05-23,293,293.0,293.0,,,,0.14,0.14,0.2,Consumer,Consumer & Retail,Unknown,Unspecified / Private,Germany,Europe,542.0,6.297109319933935,
SoundHound,2,True,2022-11-10,2023-01-05,56,56.0,56.0,245.0,122.5,200.0,0.3,0.3,0.5,Other,Other / Diversified,Post-IPO,Public (Post-IPO),United States,North America,326.0,5.7899601708972535,5.5053315359323625
SoundThinking,2,True,2024-06-30,2026-03-31,639,639.0,639.0,15.0,15.0,15.0,0.03,0.03,0.03,Security,Enterprise & Infrastructure,Unknown,Unspecified / Private,United States,North America,68.0,4.23410650459726,2.772588722239781
Soundwide,1,False,2023-01-27,2023-01-27,0,,,,,,0.08,0.08,0.08,Other,Other / Diversified,Unknown,Unspecified / Private,Germany,Europe,,,
Sourcegraph,1,False,2022-06-21,2022-06-21,0,,,24.0,24.0,24.0,0.08,0.08,0.08,Product,Other / Diversified,Series D,Late Stage (Series C-D),United States,North America,248.0,5.517452896464707,3.2188758248682006
Spaces,1,False,2020-08-24,2020-08-24,0,,,,,,,,,Media,Marketing & Media,Acquired,Acquired / Subsidiary,United States,North America,9.5,2.3513752571634776,
Spaceship,1,False,2023-01-19,2023-01-19,0,,,,,,,,,Finance,Fintech & Financial Services,Series A,Early Venture (Series A),Australia,Asia-Pacific,41.0,3.7376696182833684,
Spartan Poker,1,False,2023-08-19,2023-08-19,0,,,125.0,125.0,125.0,0.4,0.4,0.4,Consumer,Consumer & Retail,Unknown,Unspecified / Private,India,Asia-Pacific,,,4.836281906951478
Spectrm,1,False,2024-12-10,2024-12-10,0,,,,,,,,,Marketing,Marketing & Media,Series B,Expansion Stage (Series B),Germany,Europe,11.0,2.4849066497880004,
Spendesk,1,False,2024-09-18,2024-09-18,0,,,151.0,151.0,151.0,,,,Finance,Fintech & Financial Services,Series C,Late Stage (Series C-D),France,Europe,,,5.0238805208462765
Spin,2,True,2022-01-08,2022-09-30,265,265.0,265.0,78.0,78.0,78.0,0.175,0.175,0.25,Transportation,Travel & Transportation,Acquired,Acquired / Subsidiary,United States,North America,8.0,2.1972245773362196,4.3694478524670215
Spinny,1,False,2023-08-02,2023-08-02,0,,,300.0,300.0,300.0,0.05,0.05,0.05,Transportation,Travel & Transportation,Series E,Growth Stage (Series E+),India,Asia-Pacific,513.0,6.2422232654551655,5.707110264748875
Splice,1,False,2022-07-20,2022-07-20,0,,,23.0,23.0,23.0,,,,Media,Marketing & Media,Series D,Late Stage (Series C-D),United States,North America,159.0,5.075173815233827,3.1780538303479458
Splunk,3,True,2020-06-16,2023-11-01,1233,616.5,273.0,895.0,298.3333333333333,500.0,0.04,0.04,0.07,Data,Enterprise & Infrastructure,Post-IPO,Public (Post-IPO),United States,North America,2400.0,7.783640596221253,6.79794041297493
Splyt,1,False,2022-11-18,2022-11-18,0,,,57.0,57.0,57.0,,,,Transportation,Travel & Transportation,Series B,Expansion Stage (Series B),United Kingdom,Europe,34.0,3.5553480614894135,4.060443010546419
Spora Health,1,False,2022-11-28,2022-11-28,0,,,,,,1.0,1.0,1.0,Healthcare,Healthcare & BioTech,Seed,Early Stage (Seed),United States,North America,4.0,1.6094379124341003,
Sportradar,1,False,2023-11-02,2023-11-02,0,,,,,,0.1,0.1,0.1,Data,Enterprise & Infrastructure,Post-IPO,Public (Post-IPO),Switzerland,Europe,84.0,4.442651256490317,
SpotHero,2,True,2020-03-24,2020-06-03,71,71.0,71.0,40.0,40.0,40.0,0.21,0.21,0.21,Transportation,Travel & Transportation,Series D,Late Stage (Series C-D),United States,North America,117.0,4.770684624465665,3.713572066704308
Spotify,8,True,2022-10-06,2026-03-23,1264,180.57142857142858,34.0,2370.0,395.0,1500.0,0.08333333333333333,0.06,0.17,Media,Marketing & Media,Post-IPO,Public (Post-IPO),Sweden,Europe,2100.0,7.650168700845001,7.771067086065406
Spotter,2,True,2024-12-11,2025-04-28,138,138.0,138.0,,,,,,,Other,Other / Diversified,Unknown,Unspecified / Private,United States,North America,238.0,5.476463551931511,
Spreetail,1,False,2022-10-27,2022-10-27,0,,,,,,,,,Retail,Consumer & Retail,Unknown,Unspecified / Private,United States,North America,,,
Spring,1,False,2022-07-12,2022-07-12,0,,,,,,,,,Retail,Consumer & Retail,Unknown,Unspecified / Private,United States,North America,61.0,4.127134385045092,
Springbig,1,False,2022-12-01,2022-12-01,0,,,37.0,37.0,37.0,0.23,0.23,0.23,Sales,Professional Services,Post-IPO,Public (Post-IPO),United States,North America,32.0,3.4965075614664802,3.6375861597263857
Springlane,1,False,2022-10-28,2022-10-28,0,,,,,,0.35,0.35,0.35,Food,Consumer & Retail,Series C,Late Stage (Series C-D),Germany,Europe,11.0,2.4849066497880004,
Sprinklr,5,True,2020-06-25,2025-02-06,1687,421.75,238.0,766.0,191.5,500.0,0.07333333333333333,0.04,0.15,Support,Enterprise & Infrastructure,Post-IPO,Public (Post-IPO),United States,North America,429.0,6.063785208687608,6.642486801367256
Sprout Social,2,True,2024-11-25,2026-07-15,597,597.0,597.0,260.0,260.0,260.0,0.2,0.2,0.2,Marketing,Marketing & Media,Post-IPO,Public (Post-IPO),United States,North America,111.0,4.718498871295094,5.564520407322694
Sproutt,1,False,2024-05-01,2024-05-01,0,,,,,,1.0,1.0,1.0,Finance,Fintech & Financial Services,Series B,Expansion Stage (Series B),United States,North America,38.0,3.6635616461296463,
Spyce,1,False,2020-04-08,2020-04-08,0,,,4.0,4.0,4.0,0.12,0.12,0.12,Food,Consumer & Retail,Series A,Early Venture (Series A),United States,North America,26.0,3.295836866004329,1.6094379124341003
SquadVoice,1,False,2020-04-16,2020-04-16,0,,,,,,,,,Real Estate,Real Estate & PropTech,Series A,Early Venture (Series A),United States,North America,2.0,1.0986122886681098,
Square Roots,1,False,2023-07-18,2023-07-18,0,,,,,,,,,Food,Consumer & Retail,Unknown,Unspecified / Private,United States,North America,91.0,4.5217885770490405,
Stability AI,1,False,2024-04-18,2024-04-18,0,,,20.0,20.0,20.0,,,,AI,Other / Diversified,Unknown,Unspecified / Private,United Kingdom,Europe,174.0,5.1647859739235145,3.044522437723423
Stack Overflow,3,True,2020-05-05,2023-10-16,1259,629.5,159.0,98.0,49.0,58.0,0.17666666666666667,0.15,0.28,Recruiting,Professional Services,Acquired,Acquired / Subsidiary,United States,North America,153.0,5.0369526024136295,4.59511985013459
Stackpath,1,False,2024-06-17,2024-06-17,0,,,,,,1.0,1.0,1.0,Infrastructure,Enterprise & Infrastructure,Series B,Expansion Stage (Series B),United States,North America,396.0,5.983936280687191,
Staffbase,2,True,2023-06-02,2026-05-08,1071,1071.0,1071.0,266.0,133.0,176.0,0.22,0.22,0.22,Other,Other / Diversified,Series E,Growth Stage (Series E+),Germany,Europe,307.0,5.730099782973574,5.58724865840025
Starburst,1,False,2023-06-28,2023-06-28,0,,,,,,0.15,0.15,0.15,Data,Enterprise & Infrastructure,Series D,Late Stage (Series C-D),United States,North America,414.0,6.028278520230698,
StarkWare,1,False,2026-04-13,2026-04-13,0,,,,,,,,,Crypto,Fintech & Financial Services,Series D,Late Stage (Series C-D),Israel,Middle East,273.0,5.6131281063880705,
Starry,2,True,2022-10-20,2023-01-18,90,90.0,90.0,100.0,100.0,100.0,0.37,0.37,0.5,Other,Other / Diversified,Post-IPO,Public (Post-IPO),United States,North America,260.0,5.564520407322694,4.61512051684126
Starship,1,False,2022-06-09,2022-06-09,0,,,,,,0.11,0.11,0.11,Transportation,Travel & Transportation,Series B,Expansion Stage (Series B),United States,North America,197.0,5.288267030694535,
Starship Technologies,1,False,2020-03-30,2020-03-30,0,,,30.0,30.0,30.0,,,,Transportation,Travel & Transportation,Series A,Early Venture (Series A),Estonia,Europe,82.0,4.418840607796598,3.4339872044851463
Stash,4,True,2022-12-06,2024-12-04,729,243.0,162.0,240.0,60.0,88.0,0.20750000000000002,0.175,0.4,Finance,Fintech & Financial Services,Unknown,Unspecified / Private,United States,North America,480.0,6.175867270105761,5.484796933490655
Stash Financial,1,False,2022-06-30,2022-06-30,0,,,40.0,40.0,40.0,0.08,0.08,0.08,Finance,Fintech & Financial Services,Unknown,Unspecified / Private,United States,North America,480.0,6.175867270105761,3.713572066704308
Stashaway,1,False,2022-06-09,2022-06-09,0,,,31.0,31.0,31.0,0.14,0.14,0.14,Finance,Fintech & Financial Services,Series D,Late Stage (Series C-D),Singapore,Asia-Pacific,61.0,4.127134385045092,3.4657359027997265
Stax,1,False,2023-02-24,2023-02-24,0,,,24.0,24.0,24.0,,,,Finance,Fintech & Financial Services,Series D,Late Stage (Series C-D),United States,North America,263.0,5.575949103146316,3.2188758248682006
Stay Alfred,1,False,2020-05-20,2020-05-20,0,,,221.0,221.0,221.0,1.0,1.0,1.0,Travel,Travel & Transportation,Series B,Expansion Stage (Series B),United States,North America,62.0,4.143134726391533,5.402677381872279
Stedi,1,False,2022-08-02,2022-08-02,0,,,23.0,23.0,23.0,0.3,0.3,0.3,Product,Other / Diversified,Series B,Expansion Stage (Series B),United States,North America,75.0,4.330733340286331,3.1780538303479458
Stellar Pizza,1,False,2023-12-14,2023-12-14,0,,,,,,0.5,0.5,0.5,Food,Consumer & Retail,Series A,Early Venture (Series A),United States,North America,25.0,3.258096538021482,
StellarAlgo,1,False,2023-10-19,2023-10-19,0,,,21.0,21.0,21.0,0.28,0.28,0.28,Data,Enterprise & Infrastructure,Series A,Early Venture (Series A),Canada,North America,16.0,2.833213344056216,3.091042453358316
Stem,1,False,2025-04-29,2025-04-29,0,,,,,,0.27,0.27,0.27,Energy,Other / Diversified,Post-IPO,Public (Post-IPO),United States,North America,583.0,6.369900982828227,
StepStone,1,False,2023-10-30,2023-10-30,0,,,215.0,215.0,215.0,0.05,0.05,0.05,Recruiting,Professional Services,Acquired,Acquired / Subsidiary,Germany,Europe,,,5.375278407684165
Stint,1,False,2022-07-19,2022-07-19,0,,,28.0,28.0,28.0,0.2,0.2,0.2,HR,Other / Diversified,Unknown,Unspecified / Private,United Kingdom,Europe,,,3.367295829986474
Stitch Fix,6,True,2020-06-01,2024-01-18,1326,265.2,89.0,2688.0,672.0,1400.0,0.17666666666666667,0.18,0.2,Retail,Consumer & Retail,Post-IPO,Public (Post-IPO),United States,North America,79.0,4.382026634673881,7.896924656268864
Stoa,2,True,2023-07-20,2024-11-12,481,481.0,481.0,80.0,80.0,80.0,0.9,0.9,1.0,Education,EdTech & Learning,Seed,Early Stage (Seed),India,Asia-Pacific,,,4.394449154672439
StockX,3,True,2020-04-23,2022-06-28,796,398.0,0.0,300.0,100.0,120.0,0.1,0.1,0.12,Retail,Consumer & Retail,Series E,Growth Stage (Series E+),United States,North America,690.0,6.53813982376767,5.707110264748875
Stockwell AI,1,False,2020-06-15,2020-06-15,0,,,,,,1.0,1.0,1.0,Retail,Consumer & Retail,Series B,Expansion Stage (Series B),United States,North America,10.0,2.3978952727983707,
Stone,2,True,2020-05-12,2026-03-13,2131,2131.0,2131.0,1700.0,850.0,1300.0,0.115,0.115,0.2,Finance,Fintech & Financial Services,Post-IPO,Public (Post-IPO),Brazil,Latin America,521.0,6.257667587882639,7.438971592395862
Stoqo,1,False,2020-04-25,2020-04-25,0,,,250.0,250.0,250.0,1.0,1.0,1.0,Food,Consumer & Retail,Series A,Early Venture (Series A),Indonesia,Asia-Pacific,,,5.5254529391317835
Stord,1,False,2022-06-02,2022-06-02,0,,,59.0,59.0,59.0,0.08,0.08,0.08,Logistics,Travel & Transportation,Series D,Late Stage (Series C-D),United States,North America,325.0,5.786897381366708,4.0943445622221
StoreDot,1,False,2026-01-13,2026-01-13,0,,,,,,,,,Other,Other / Diversified,Series D,Late Stage (Series C-D),Israel,Middle East,184.0,5.220355825078324,
StoryBlocks,1,False,2022-11-18,2022-11-18,0,,,,,,0.25,0.25,0.25,Media,Marketing & Media,Acquired,Acquired / Subsidiary,United States,North America,18.0,2.9444389791664403,
Storytel,3,True,2022-03-17,2024-02-15,700,350.0,22.0,260.0,86.66666666666667,100.0,0.12,0.13,0.13,Consumer,Consumer & Retail,Post-IPO,Public (Post-IPO),Sweden,Europe,312.0,5.746203190540153,5.564520407322694
Strake,1,False,2023-12-28,2023-12-28,0,,,,,,1.0,1.0,1.0,Infrastructure,Enterprise & Infrastructure,Unknown,Unspecified / Private,United States,North America,,,
Strava,1,False,2022-12-01,2022-12-01,0,,,,,,0.14,0.14,0.14,Fitness,Other / Diversified,Series F,Growth Stage (Series E+),United States,North America,151.0,5.0238805208462765,
Stream,1,False,2022-06-30,2022-06-30,0,,,20.0,20.0,20.0,0.12,0.12,0.12,Product,Other / Diversified,Series B,Expansion Stage (Series B),United States,North America,58.0,4.07753744390572,3.044522437723423
StreamElements,3,True,2022-06-23,2023-08-17,420,210.0,201.0,100.0,50.0,60.0,0.25,0.2,0.35,Media,Marketing & Media,Series B,Expansion Stage (Series B),Israel,Middle East,111.0,4.718498871295094,4.61512051684126
StreamSets,1,False,2020-08-20,2020-08-20,0,,,,,,,,,Data,Enterprise & Infrastructure,Series C,Late Stage (Series C-D),United States,North America,76.2,4.3463994570307305,
StreetBees,1,False,2022-12-20,2022-12-20,0,,,,,,,,,Data,Enterprise & Infrastructure,Unknown,Unspecified / Private,United Kingdom,Europe,63.0,4.1588830833596715,
Stripe,4,True,2022-08-19,2025-01-21,886,295.3333333333333,76.0,1350.0,450.0,1000.0,0.085,0.085,0.14,Finance,Fintech & Financial Services,Series I,Growth Stage (Series E+),United States,North America,8700.0,9.071193240566025,7.208600337960199
StrongDM,1,False,2023-02-23,2023-02-23,0,,,40.0,40.0,40.0,,,,Infrastructure,Enterprise & Infrastructure,Series B,Expansion Stage (Series B),United States,North America,76.0,4.343805421853684,3.713572066704308
StubHub,2,True,2020-05-28,2022-08-04,798,798.0,798.0,200.0,200.0,200.0,,,,Consumer,Consumer & Retail,Acquired,Acquired / Subsidiary,United States,North America,59.0,4.0943445622221,5.303304908059076
Studio,2,True,2022-06-13,2022-11-03,143,143.0,143.0,33.0,33.0,33.0,0.4,0.4,0.4,Education,EdTech & Learning,Series B,Expansion Stage (Series B),United States,North America,50.0,3.9318256327243257,3.5263605246161616
StudySmarter,1,False,2022-11-30,2022-11-30,0,,,70.0,70.0,70.0,,,,Education,EdTech & Learning,Series A,Early Venture (Series A),Germany,Europe,64.0,4.174387269895637,4.2626798770413155
StyleSeat,2,True,2022-07-15,2023-08-09,390,390.0,390.0,,,,0.17,0.17,0.17,Consumer,Consumer & Retail,Series C,Late Stage (Series C-D),United States,North America,40.0,3.713572066704308,
Stytch,1,False,2023-02-27,2023-02-27,0,,,19.0,19.0,19.0,0.25,0.25,0.25,Security,Enterprise & Infrastructure,Series B,Expansion Stage (Series B),United States,North America,126.0,4.844187086458591,2.995732273553991
Submittable,2,True,2020-04-25,2024-08-08,1566,1566.0,1566.0,70.0,35.0,40.0,0.2,0.2,0.2,Other,Other / Diversified,Unknown,Unspecified / Private,United States,North America,115.0,4.7535901911063645,4.2626798770413155
Subspace,2,True,2021-03-03,2022-05-13,436,436.0,436.0,,,,1.0,1.0,1.0,Infrastructure,Enterprise & Infrastructure,Series B,Expansion Stage (Series B),United States,North America,,,
Substack,1,False,2022-06-29,2022-06-29,0,,,13.0,13.0,13.0,0.14,0.14,0.14,Media,Marketing & Media,Series B,Expansion Stage (Series B),United States,North America,82.0,4.418840607796598,2.6390573296152584
Subtl AI,1,False,2025-07-03,2025-07-03,0,,,,,,1.0,1.0,1.0,AI,Other / Diversified,Seed,Early Stage (Seed),India,Asia-Pacific,,,
SumUp,2,True,2021-05-05,2022-05-30,390,390.0,390.0,100.0,100.0,100.0,0.03,0.03,0.03,Finance,Fintech & Financial Services,Unknown,Unspecified / Private,Brazil,Latin America,53.0,3.9889840465642745,4.61512051684126
SummerBio,1,False,2022-06-20,2022-06-20,0,,,101.0,101.0,101.0,1.0,1.0,1.0,Healthcare,Healthcare & BioTech,Unknown,Unspecified / Private,United States,North America,7.0,2.0794415416798357,4.624972813284271
Sumo Logic,1,False,2023-06-07,2023-06-07,0,,,79.0,79.0,79.0,,,,Data,Enterprise & Infrastructure,Acquired,Acquired / Subsidiary,United States,North America,340.0,5.831882477283517,4.382026634673881
Sundae,1,False,2022-06-30,2022-06-30,0,,,,,,0.15,0.15,0.15,Real Estate,Real Estate & PropTech,Series C,Late Stage (Series C-D),United States,North America,135.0,4.912654885736052,
Sunday,1,False,2022-06-24,2022-06-24,0,,,90.0,90.0,90.0,0.23,0.23,0.23,Finance,Fintech & Financial Services,Series A,Early Venture (Series A),United States,North America,124.0,4.8283137373023015,4.51085950651685
SundaySky,1,False,2022-07-11,2022-07-11,0,,,24.0,24.0,24.0,0.13,0.13,0.13,Marketing,Marketing & Media,Series D,Late Stage (Series C-D),United States,North America,74.0,4.31748811353631,3.2188758248682006
Sunfolding,1,False,2023-12-09,2023-12-09,0,,,,,,1.0,1.0,1.0,Energy,Other / Diversified,Series B,Expansion Stage (Series B),United States,North America,32.0,3.4965075614664802,
SuperLearn,1,False,2022-06-21,2022-06-21,0,,,,,,1.0,1.0,1.0,Education,EdTech & Learning,Seed,Early Stage (Seed),India,Asia-Pacific,,,
SuperOps,1,False,2026-04-24,2026-04-24,0,,,60.0,60.0,60.0,0.3,0.3,0.3,Other,Other / Diversified,Series C,Late Stage (Series C-D),India,Asia-Pacific,54.0,4.007333185232471,4.110873864173311
SuperRare,1,False,2023-01-06,2023-01-06,0,,,,,,0.3,0.3,0.3,Crypto,Fintech & Financial Services,Series A,Early Venture (Series A),United States,North America,9.0,2.302585092994046,
Superhuman,1,False,2022-06-03,2022-06-03,0,,,23.0,23.0,23.0,0.22,0.22,0.22,Consumer,Consumer & Retail,Series C,Late Stage (Series C-D),United States,North America,108.0,4.6913478822291435,3.1780538303479458
Superloop,1,False,2020-08-24,2020-08-24,0,,,30.0,30.0,30.0,,,,Infrastructure,Enterprise & Infrastructure,Post-IPO,Public (Post-IPO),Australia,Asia-Pacific,36.0,3.6109179126442243,3.4339872044851463
Supernal,1,False,2026-03-04,2026-03-04,0,,,296.0,296.0,296.0,0.8,0.8,0.8,Transportation,Travel & Transportation,Unknown,Unspecified / Private,United States,North America,,,5.6937321388027
Superpedestrian,2,True,2022-06-22,2023-12-15,541,541.0,541.0,35.0,35.0,35.0,0.07,0.07,0.07,Transportation,Travel & Transportation,Series C,Late Stage (Series C-D),United States,North America,262.0,5.572154032177765,3.58351893845611
Sure,1,False,2025-02-03,2025-02-03,0,,,70.0,70.0,70.0,,,,Finance,Fintech & Financial Services,Series C,Late Stage (Series C-D),United States,North America,123.0,4.820281565605037,4.2626798770413155
SurveyMonkey,2,True,2022-10-10,2023-02-15,128,128.0,128.0,180.0,180.0,180.0,0.125,0.125,0.14,Marketing,Marketing & Media,Post-IPO,Public (Post-IPO),United States,North America,1100.0,7.00397413672268,5.198497031265826
Swappie,1,False,2022-06-15,2022-06-15,0,,,250.0,250.0,250.0,0.17,0.17,0.17,Retail,Consumer & Retail,Series C,Late Stage (Series C-D),Finland,Europe,169.0,5.135798437050262,5.5254529391317835
SweetEscape,1,False,2020-04-15,2020-04-15,0,,,,,,0.3,0.3,0.3,Consumer,Consumer & Retail,Series A,Early Venture (Series A),Indonesia,Asia-Pacific,7.0,2.0794415416798357,
Sweetgreen,2,True,2020-04-17,2022-08-09,844,844.0,844.0,35.0,35.0,35.0,0.1,0.1,0.1,Food,Consumer & Retail,Post-IPO,Public (Post-IPO),United States,North America,478.0,6.171700597410915,3.58351893845611
Swiggy,6,True,2020-04-21,2024-01-25,1374,274.8,27.0,3280.0,546.6666666666666,1100.0,0.07,0.06,0.14,Food,Consumer & Retail,Unknown,Unspecified / Private,India,Asia-Pacific,3600.0,8.188966863648876,8.0959035329611
Swing Education,1,False,2020-09-05,2020-09-05,0,,,,,,,,,Education,EdTech & Learning,Series B,Expansion Stage (Series B),United States,North America,22.8,3.169685580677429,
Sword Health,1,False,2024-11-11,2024-11-11,0,,,13.0,13.0,13.0,,,,Healthcare,Healthcare & BioTech,Unknown,Unspecified / Private,United States,North America,450.0,6.111467339502679,2.6390573296152584
Swyft,1,False,2022-06-15,2022-06-15,0,,,10.0,10.0,10.0,0.3,0.3,0.3,Logistics,Travel & Transportation,Series A,Early Venture (Series A),Canada,North America,20.0,3.044522437723423,2.3978952727983707
Swyftx,3,True,2022-08-17,2026-04-15,1337,668.5,110.0,201.0,67.0,90.0,0.25333333333333335,0.21,0.4,Crypto,Fintech & Financial Services,Unknown,Unspecified / Private,Australia,Asia-Pacific,,,5.308267697401205
Syft Technologies,1,False,2023-02-10,2023-02-10,0,,,30.0,30.0,30.0,0.2,0.2,0.2,Manufacturing,Hardware & Manufacturing,Private Equity,Private Equity Owned,New Zealand,Asia-Pacific,,,3.4339872044851463
Symend,3,True,2022-11-17,2024-05-10,540,270.0,120.0,50.0,50.0,50.0,0.19,0.19,0.25,Other,Other / Diversified,Series C,Late Stage (Series C-D),Canada,North America,148.0,5.003946305945459,3.9318256327243257
Synamedia,1,False,2023-02-22,2023-02-22,0,,,200.0,200.0,200.0,0.12,0.12,0.12,Media,Marketing & Media,Unknown,Unspecified / Private,United Kingdom,Europe,,,5.303304908059076
Synapse,2,True,2023-06-14,2023-10-02,110,110.0,110.0,86.0,86.0,86.0,0.29000000000000004,0.29000000000000004,0.4,Finance,Fintech & Financial Services,Series B,Expansion Stage (Series B),United States,North America,50.0,3.9318256327243257,4.465908118654584
SynapseFI,1,False,2020-06-12,2020-06-12,0,,,63.0,63.0,63.0,0.48,0.48,0.48,Finance,Fintech & Financial Services,Series B,Expansion Stage (Series B),United States,North America,50.0,3.9318256327243257,4.1588830833596715
Synapsica,1,False,2022-10-21,2022-10-21,0,,,30.0,30.0,30.0,0.3,0.3,0.3,Healthcare,Healthcare & BioTech,Series A,Early Venture (Series A),India,Asia-Pacific,4.0,1.6094379124341003,3.4339872044851463
Synctera,1,False,2024-03-26,2024-03-26,0,,,17.0,17.0,17.0,0.15,0.15,0.15,Finance,Fintech & Financial Services,Series A,Early Venture (Series A),United States,North America,79.0,4.382026634673881,2.8903717578961645
Synergysuite,1,False,2020-04-02,2020-04-02,0,,,5.0,5.0,5.0,0.07,0.07,0.07,Food,Consumer & Retail,Series A,Early Venture (Series A),United States,North America,6.0,1.9459101490553132,1.791759469228055
Synlogic,1,False,2022-12-01,2022-12-01,0,,,,,,0.25,0.25,0.25,Healthcare,Healthcare & BioTech,Post-IPO,Public (Post-IPO),United States,North America,321.0,5.7745515455444085,
Synopsys,3,True,2023-01-27,2026-09-01,1313,656.5,293.0,2228.0,742.6666666666666,2000.0,0.1,0.1,0.1,Other,Other / Diversified,Post-IPO,Public (Post-IPO),United States,North America,,,7.709308333385869
Synthego,1,False,2022-11-18,2022-11-18,0,,,105.0,105.0,105.0,0.2,0.2,0.2,Healthcare,Healthcare & BioTech,Series E,Growth Stage (Series E+),United States,North America,459.0,6.131226489483141,4.663439094112067
Syte,1,False,2022-07-05,2022-07-05,0,,,13.0,13.0,13.0,0.08,0.08,0.08,Retail,Consumer & Retail,Series C,Late Stage (Series C-D),Israel,Middle East,71.0,4.276666119016055,2.6390573296152584
TADA,1,False,2023-06-15,2023-06-15,0,,,45.0,45.0,45.0,0.6,0.6,0.6,Transportation,Travel & Transportation,Subsidiary,Unspecified / Private,South Korea,Asia-Pacific,,,3.828641396489095
TCR2,2,True,2022-08-31,2023-01-05,127,127.0,127.0,30.0,30.0,30.0,0.30000000000000004,0.30000000000000004,0.4,Healthcare,Healthcare & BioTech,Post-IPO,Public (Post-IPO),United States,North America,173.0,5.159055299214529,3.4339872044851463
TIFIN,1,False,2022-06-14,2022-06-14,0,,,24.0,24.0,24.0,0.1,0.1,0.1,Crypto,Fintech & Financial Services,Series D,Late Stage (Series C-D),United States,North America,204.0,5.3230099791384085,3.2188758248682006
TRM Labs,1,False,2023-04-18,2023-04-18,0,,,16.0,16.0,16.0,0.09,0.09,0.09,Crypto,Fintech & Financial Services,Series B,Expansion Stage (Series B),United States,North America,149.0,5.0106352940962555,2.833213344056216
Tabnine,1,False,2025-02-05,2025-02-05,0,,,15.0,15.0,15.0,0.18,0.18,0.18,AI,Other / Diversified,Series B,Expansion Stage (Series B),Israel,Middle East,57.0,4.060443010546419,2.772588722239781
Taboola,2,True,2022-09-13,2026-04-15,1310,1310.0,1310.0,200.0,100.0,100.0,0.055,0.055,0.06,Marketing,Marketing & Media,Post-IPO,Public (Post-IPO),United States,North America,445.0,6.100318952020064,5.303304908059076
Tackle,1,False,2023-02-15,2023-02-15,0,,,,,,0.15,0.15,0.15,Other,Other / Diversified,Series C,Late Stage (Series C-D),United States,North America,148.0,5.003946305945459,
Tackle.io,1,False,2023-06-21,2023-06-21,0,,,75.0,75.0,75.0,,,,Infrastructure,Enterprise & Infrastructure,Series C,Late Stage (Series C-D),United States,North America,148.0,5.003946305945459,4.330733340286331
Tails.com,1,False,2024-02-20,2024-02-20,0,,,55.0,55.0,55.0,0.25,0.25,0.25,Retail,Consumer & Retail,Series A,Early Venture (Series A),United Kingdom,Europe,5.0,1.791759469228055,4.02535169073515
Tailwind Labs,1,False,2026-01-08,2026-01-08,0,,,3.0,3.0,3.0,,,,Product,Other / Diversified,Unknown,Unspecified / Private,United States,North America,,,1.3862943611198906
Take-Two,1,False,2024-04-16,2024-04-16,0,,,579.0,579.0,579.0,0.05,0.05,0.05,Consumer,Consumer & Retail,Post-IPO,Public (Post-IPO),United States,North America,4100.0,8.31898612539206,6.363028103540465
Take-Two Interactive,1,False,2023-03-07,2023-03-07,0,,,,,,,,,Consumer,Consumer & Retail,Post-IPO,Public (Post-IPO),United States,North America,2700.0,7.901377353792616,
TakeOff,1,False,2023-03-23,2023-03-23,0,,,50.0,50.0,50.0,,,,Retail,Consumer & Retail,Unknown,Unspecified / Private,Ukraine,Other / International,146.0,4.990432586778736,3.9318256327243257
Takl,1,False,2020-03-24,2020-03-24,0,,,130.0,130.0,130.0,,,,Consumer,Consumer & Retail,Unknown,Unspecified / Private,United States,North America,,,4.875197323201151
Talent.com,2,True,2023-04-05,2023-09-05,153,153.0,153.0,86.0,86.0,86.0,0.18,0.18,0.18,Recruiting,Professional Services,Series B,Expansion Stage (Series B),Canada,North America,150.0,5.017279836814924,4.465908118654584
Talis Biomedical,1,False,2022-03-15,2022-03-15,0,,,,,,0.25,0.25,0.25,Healthcare,Healthcare & BioTech,Post-IPO,Public (Post-IPO),United States,North America,8.0,2.1972245773362196,
Talkdesk,3,True,2022-08-05,2023-09-26,417,208.5,181.0,,,,,,,Support,Enterprise & Infrastructure,Series D,Late Stage (Series C-D),United States,North America,497.0,6.210600077024653,
Talkwalker,1,False,2022-08-03,2022-08-03,0,,,,,,0.15,0.15,0.15,Marketing,Marketing & Media,Private Equity,Private Equity Owned,Luxembourg,Other / International,9.0,2.302585092994046,
Tally,2,True,2020-05-07,2024-08-12,1558,1558.0,1558.0,28.0,28.0,28.0,0.615,0.615,1.0,Finance,Fintech & Financial Services,Series C,Late Stage (Series C-D),United States,North America,172.0,5.153291594497779,3.367295829986474
Tamara Mellon,1,False,2020-03-12,2020-03-12,0,,,20.0,20.0,20.0,0.4,0.4,0.4,Retail,Consumer & Retail,Series C,Late Stage (Series C-D),United States,North America,90.0,4.51085950651685,3.044522437723423
Tanium,1,False,2021-08-30,2021-08-30,0,,,30.0,30.0,30.0,,,,Security,Enterprise & Infrastructure,Unknown,Unspecified / Private,United States,North America,1000.0,6.90875477931522,3.4339872044851463
Tapas Media,1,False,2022-07-28,2022-07-28,0,,,,,,,,,Media,Marketing & Media,Acquired,Acquired / Subsidiary,United States,North America,17.0,2.8903717578961645,
Tapps Games,1,False,2022-11-01,2022-11-01,0,,,10.0,10.0,10.0,,,,Consumer,Consumer & Retail,Unknown,Unspecified / Private,Brazil,Latin America,,,2.3978952727983707
TaskUs,2,True,2022-06-21,2023-02-22,246,246.0,246.0,238.0,119.0,186.0,0.0,0.0,0.0,Support,Enterprise & Infrastructure,Post-IPO,Public (Post-IPO),United States,North America,279.0,5.634789603169249,5.476463551931511
TaxBit,2,True,2022-12-13,2023-06-11,180,180.0,180.0,80.0,80.0,80.0,0.4,0.4,0.4,Crypto,Fintech & Financial Services,Unknown,Unspecified / Private,United States,North America,253.0,5.537334267018537,4.394449154672439
Taxfix,1,False,2023-05-30,2023-05-30,0,,,120.0,120.0,120.0,0.2,0.2,0.2,Finance,Fintech & Financial Services,Series D,Late Stage (Series C-D),Germany,Europe,330.0,5.802118375377063,4.795790545596741
Teachmint,2,True,2022-11-30,2023-05-05,156,156.0,156.0,115.0,57.5,70.0,0.05,0.05,0.05,Education,EdTech & Learning,Series B,Expansion Stage (Series B),India,Asia-Pacific,118.0,4.77912349311153,4.7535901911063645
Teads,1,False,2025-12-04,2025-12-04,0,,,180.0,180.0,180.0,0.1,0.1,0.1,Marketing,Marketing & Media,Unknown,Unspecified / Private,United States,North America,123.0,4.820281565605037,5.198497031265826
TealBook,1,False,2022-11-17,2022-11-17,0,,,34.0,34.0,34.0,0.19,0.19,0.19,Other,Other / Diversified,Series B,Expansion Stage (Series B),Canada,North America,73.0,4.30406509320417,3.5553480614894135
Teampay,1,False,2023-04-26,2023-04-26,0,,,30.0,30.0,30.0,0.33,0.33,0.33,Finance,Fintech & Financial Services,Series B,Expansion Stage (Series B),United States,North America,79.0,4.382026634673881,3.4339872044851463
Teamwork,1,False,2020-05-22,2020-05-22,0,,,21.0,21.0,21.0,,,,Other,Other / Diversified,Unknown,Unspecified / Private,Ireland,Europe,,,3.091042453358316
TechAdvance,1,False,2020-04-08,2020-04-08,0,,,,,,,,,Finance,Fintech & Financial Services,Unknown,Unspecified / Private,Nigeria,Africa,1.0,0.6931471805599453,
TechCrunch,2,True,2024-01-30,2025-01-14,350,350.0,350.0,7.0,7.0,7.0,,,,Media,Marketing & Media,Acquired,Acquired / Subsidiary,United States,North America,,,2.0794415416798357
TechTarget,1,False,2022-12-08,2022-12-08,0,,,60.0,60.0,60.0,0.05,0.05,0.05,Marketing,Marketing & Media,Post-IPO,Public (Post-IPO),United States,North America,115.0,4.7535901911063645,4.110873864173311
Tekion,1,False,2023-08-02,2023-08-02,0,,,300.0,300.0,300.0,0.1,0.1,0.1,Other,Other / Diversified,Series D,Late Stage (Series C-D),India,Asia-Pacific,435.0,6.077642243349034,5.707110264748875
Teladoc Health,1,False,2023-01-18,2023-01-18,0,,,300.0,300.0,300.0,0.06,0.06,0.06,Healthcare,Healthcare & BioTech,Post-IPO,Public (Post-IPO),United States,North America,172.0,5.153291594497779,5.707110264748875
Telenav,1,False,2023-05-12,2023-05-12,0,,,172.0,172.0,172.0,,,,Transportation,Travel & Transportation,Post-IPO,Public (Post-IPO),Romania,Other / International,30.0,3.4339872044851463,5.153291594497779
Teleport,1,False,2022-07-01,2022-07-01,0,,,15.0,15.0,15.0,0.06,0.06,0.06,Infrastructure,Enterprise & Infrastructure,Series C,Late Stage (Series C-D),United States,North America,169.0,5.135798437050262,2.772588722239781
Tempo,1,False,2022-10-03,2022-10-03,0,,,,,,,,,Fitness,Other / Diversified,Series C,Late Stage (Series C-D),United States,North America,298.0,5.700443573390687,
Tempo Automation,3,True,2022-08-17,2023-08-22,370,185.0,40.0,116.0,58.0,62.0,,,,Other,Other / Diversified,Post-IPO,Public (Post-IPO),United States,North America,154.0,5.043425116919247,4.762173934797756
Tempus Ex,1,False,2022-05-30,2022-05-30,0,,,,,,,,,Data,Enterprise & Infrastructure,Unknown,Unspecified / Private,United States,North America,36.0,3.6109179126442243,
Ten Square Games,1,False,2023-04-17,2023-04-17,0,,,120.0,120.0,120.0,0.25,0.25,0.25,Consumer,Consumer & Retail,Seed,Early Stage (Seed),Poland,Other / International,,,4.795790545596741
Tenable,1,False,2024-02-07,2024-02-07,0,,,,,,0.05,0.05,0.05,Security,Enterprise & Infrastructure,Post-IPO,Public (Post-IPO),United States,North America,565.0,6.338594078203183,
Tencent,2,True,2022-11-15,2023-02-17,94,94.0,94.0,300.0,300.0,300.0,,,,Consumer,Consumer & Retail,Post-IPO,Public (Post-IPO),China,Asia-Pacific,12600.0,9.441531454869693,5.707110264748875
Tenstorrent,1,False,2025-12-09,2025-12-09,0,,,80.0,80.0,80.0,0.07,0.07,0.07,Hardware,Hardware & Manufacturing,Series D,Late Stage (Series C-D),Canada,North America,1000.0,6.90875477931522,4.394449154672439
TenureX,1,False,2023-02-06,2023-02-06,0,,,,,,,,,Finance,Fintech & Financial Services,Seed,Early Stage (Seed),Israel,Middle East,6.0,1.9459101490553132,
Teradata,1,False,2024-08-06,2024-08-06,0,,,,,,0.13,0.13,0.13,Data,Enterprise & Infrastructure,Post-IPO,Public (Post-IPO),United States,North America,,,
Terminus,1,False,2022-05-27,2022-05-27,0,,,,,,,,,Marketing,Marketing & Media,Series C,Late Stage (Series C-D),United States,North America,120.0,4.795790545596741,
Tesla,3,True,2022-06-03,2024-04-30,697,348.5,15.0,14500.0,7250.0,14000.0,0.1,0.1,0.1,Transportation,Travel & Transportation,Post-IPO,Public (Post-IPO),United States,North America,20200.0,9.913487387114461,9.581972891547895
Tessera,1,False,2023-05-12,2023-05-12,0,,,,,,1.0,1.0,1.0,Crypto,Fintech & Financial Services,Series A,Early Venture (Series A),United States,North America,43.0,3.784189633918261,
TextNow,1,False,2022-07-28,2022-07-28,0,,,22.0,22.0,22.0,,,,Consumer,Consumer & Retail,Seed,Early Stage (Seed),Canada,North America,1.0,0.6931471805599453,3.1354942159291497
Textio,4,True,2020-03-27,2025-01-15,1755,585.0,307.0,74.0,18.5,30.0,0.16,0.16,0.2,Recruiting,Professional Services,Unknown,Unspecified / Private,United States,North America,42.0,3.7612001156935624,4.31748811353631
The Appraisal Lane,1,False,2020-08-07,2020-08-07,0,,,,,,,,,Transportation,Travel & Transportation,Seed,Early Stage (Seed),Uruguay,Other / International,1.8,1.0296194171811581,
The Athletic,1,False,2020-06-05,2020-06-05,0,,,46.0,46.0,46.0,0.08,0.08,0.08,Media,Marketing & Media,Series D,Late Stage (Series C-D),United States,North America,139.0,4.941642422609304,3.8501476017100584
The Gist,1,False,2025-09-03,2025-09-03,0,,,,,,1.0,1.0,1.0,Other,Other / Diversified,Seed,Early Stage (Seed),Israel,Middle East,7.0,2.0794415416798357,
The Good Glamm Group,1,False,2024-04-18,2024-04-18,0,,,150.0,150.0,150.0,0.15,0.15,0.15,Retail,Consumer & Retail,Unknown,Unspecified / Private,India,Asia-Pacific,180.0,5.198497031265826,5.017279836814924
The Grommet,1,False,2022-06-09,2022-06-09,0,,,40.0,40.0,40.0,1.0,1.0,1.0,Retail,Consumer & Retail,Acquired,Acquired / Subsidiary,United States,North America,5.0,1.791759469228055,3.713572066704308
The Guild,1,False,2020-03-23,2020-03-23,0,,,38.0,38.0,38.0,0.22,0.22,0.22,Travel,Travel & Transportation,Series B,Expansion Stage (Series B),United States,North America,36.0,3.6109179126442243,3.6635616461296463
The Iconic,1,False,2023-02-23,2023-02-23,0,,,69.0,69.0,69.0,0.06,0.06,0.06,Retail,Consumer & Retail,Unknown,Unspecified / Private,Australia,Asia-Pacific,,,4.248495242049359
The Meet Group,1,False,2023-03-24,2023-03-24,0,,,,,,,,,Consumer,Consumer & Retail,Acquired,Acquired / Subsidiary,United States,North America,,,
The Messenger,2,True,2024-01-02,2024-01-31,29,29.0,29.0,24.0,24.0,24.0,1.0,1.0,1.0,Media,Marketing & Media,Unknown,Unspecified / Private,United States,North America,,,3.2188758248682006
The Modist,1,False,2020-04-02,2020-04-02,0,,,,,,1.0,1.0,1.0,Retail,Consumer & Retail,Unknown,Unspecified / Private,United Arab Emirates,Middle East,,,
The Mom Project,1,False,2022-07-14,2022-07-14,0,,,54.0,54.0,54.0,0.15,0.15,0.15,HR,Other / Diversified,Series C,Late Stage (Series C-D),United States,North America,115.0,4.7535901911063645,4.007333185232471
The Muse,1,False,2020-04-03,2020-04-03,0,,,,,,,,,Recruiting,Professional Services,Series B,Expansion Stage (Series B),United States,North America,28.0,3.367295829986474,
The Org,1,False,2022-08-03,2022-08-03,0,,,13.0,13.0,13.0,,,,HR,Other / Diversified,Series B,Expansion Stage (Series B),United States,North America,39.0,3.6888794541139363,2.6390573296152584
The Predictive Index,2,True,2020-04-02,2022-08-02,852,852.0,852.0,99.0,49.5,59.0,0.25,0.25,0.25,HR,Other / Diversified,Acquired,Acquired / Subsidiary,United States,North America,71.0,4.276666119016055,4.605170185988092
The RealReal,2,True,2020-04-14,2023-02-16,1038,1038.0,1038.0,465.0,232.5,235.0,0.085,0.085,0.1,Retail,Consumer & Retail,Post-IPO,Public (Post-IPO),United States,North America,358.0,5.883322388488279,6.144185634125646
The Sill,1,False,2020-05-28,2020-05-28,0,,,20.0,20.0,20.0,0.25,0.25,0.25,Retail,Consumer & Retail,Series A,Early Venture (Series A),United States,North America,7.0,2.0794415416798357,3.044522437723423
The Trade Desk,2,True,2025-12-17,2026-09-03,260,260.0,260.0,585.0,585.0,585.0,0.15,0.15,0.15,Marketing,Marketing & Media,Post-IPO,Public (Post-IPO),United States,North America,257.0,5.552959584921617,6.373319789577012
The Wing,3,True,2020-04-03,2022-08-31,880,440.0,89.0,56.0,56.0,56.0,0.75,0.75,1.0,Real Estate,Real Estate & PropTech,Series C,Late Stage (Series C-D),United States,North America,117.0,4.770684624465665,4.04305126783455
The Zebra,2,True,2022-05-24,2022-11-15,175,175.0,175.0,90.0,45.0,50.0,,,,Finance,Fintech & Financial Services,Series D,Late Stage (Series C-D),United States,North America,256.0,5.54907608489522,4.51085950651685
TheSkimm,3,True,2020-05-01,2023-05-03,1097,548.5,91.0,65.0,21.666666666666668,26.0,0.14333333333333334,0.13,0.2,Media,Marketing & Media,Series C,Late Stage (Series C-D),United States,North America,28.0,3.367295829986474,4.189654742026425
TheWrap,1,False,2020-09-29,2020-09-29,0,,,,,,,,,Media,Marketing & Media,Series B,Expansion Stage (Series B),United States,North America,3.5,1.5040773967762742,
Thepeer,1,False,2024-04-02,2024-04-02,0,,,,,,1.0,1.0,1.0,Finance,Fintech & Financial Services,Seed,Early Stage (Seed),Nigeria,Africa,2.0,1.0986122886681098,
Thimble,1,False,2022-07-05,2022-07-05,0,,,20.0,20.0,20.0,0.33,0.33,0.33,Finance,Fintech & Financial Services,Series A,Early Venture (Series A),United States,North America,28.0,3.367295829986474,3.044522437723423
Thinkific,3,True,2022-03-29,2023-01-10,287,143.5,36.0,176.0,88.0,100.0,0.195,0.195,0.2,Education,EdTech & Learning,Post-IPO,Public (Post-IPO),Canada,North America,22.0,3.1354942159291497,5.176149732573829
Thinx,1,False,2024-01-31,2024-01-31,0,,,95.0,95.0,95.0,,,,Retail,Consumer & Retail,Acquired,Acquired / Subsidiary,United States,North America,26.0,3.295836866004329,4.564348191467836
ThirdLove,2,True,2020-03-27,2020-04-02,6,6.0,6.0,75.0,37.5,65.0,0.3,0.3,0.3,Retail,Consumer & Retail,Series B,Expansion Stage (Series B),United States,North America,68.0,4.23410650459726,4.330733340286331
Thirty Madison,2,True,2022-05-14,2022-08-18,96,96.0,96.0,24.0,24.0,24.0,0.1,0.1,0.1,Healthcare,Healthcare & BioTech,Series C,Late Stage (Series C-D),United States,North America,209.0,5.3471075307174685,3.2188758248682006
ThoughtSpot,1,False,2020-05-06,2020-05-06,0,,,,,,,,,Data,Enterprise & Infrastructure,Series E,Growth Stage (Series E+),United States,North America,743.0,6.612041034833092,
Thoughtworks,2,True,2023-03-01,2023-08-08,160,160.0,160.0,1079.0,539.5,579.0,0.045,0.045,0.05,Other,Other / Diversified,Post-IPO,Public (Post-IPO),United States,North America,748.0,6.618738983517219,6.984716320118266
Thrasio,1,False,2022-05-02,2022-05-02,0,,,,,,,,,Retail,Consumer & Retail,Unknown,Unspecified / Private,United States,North America,3400.0,8.131824785007195,
Thread,1,False,2022-11-30,2022-11-30,0,,,30.0,30.0,30.0,0.5,0.5,0.5,Retail,Consumer & Retail,Acquired,Acquired / Subsidiary,United Kingdom,Europe,40.0,3.713572066704308,3.4339872044851463
ThredUp,2,True,2021-02-09,2022-08-15,552,552.0,552.0,243.0,243.0,243.0,0.15,0.15,0.15,Retail,Consumer & Retail,Post-IPO,Public (Post-IPO),United States,North America,305.0,5.723585101952381,5.497168225293202
Thrive,1,False,2024-12-14,2024-12-14,0,,,,,,1.0,1.0,1.0,Food,Consumer & Retail,Series A,Early Venture (Series A),India,Asia-Pacific,,,
Thriver,1,False,2020-08-06,2020-08-06,0,,,75.0,75.0,75.0,0.5,0.5,0.5,Food,Consumer & Retail,Series B,Expansion Stage (Series B),Canada,North America,53.0,3.9889840465642745,4.330733340286331
Thumbtack,2,True,2020-03-30,2022-12-13,988,988.0,988.0,410.0,205.0,250.0,0.22,0.22,0.3,Consumer,Consumer & Retail,Series I,Growth Stage (Series E+),United States,North America,698.0,6.54965074223381,6.018593214496234
Thursday,1,False,2024-01-16,2024-01-16,0,,,,,,0.7,0.7,0.7,Consumer,Consumer & Retail,Seed,Early Stage (Seed),United Kingdom,Europe,3.0,1.3862943611198906,
Tia,1,False,2025-10-17,2025-10-17,0,,,,,,0.23,0.23,0.23,Healthcare,Healthcare & BioTech,Series B,Expansion Stage (Series B),United States,North America,133.0,4.897839799950911,
Tibber,1,False,2023-06-27,2023-06-27,0,,,50.0,50.0,50.0,,,,Energy,Other / Diversified,Series C,Late Stage (Series C-D),Norway,Europe,181.0,5.204006687076795,3.9318256327243257
Tickertape,1,False,2023-04-27,2023-04-27,0,,,29.0,29.0,29.0,0.29,0.29,0.29,Finance,Fintech & Financial Services,Seed,Early Stage (Seed),India,Asia-Pacific,5.0,1.791759469228055,3.4011973816621555
TicketSwap,1,False,2020-05-14,2020-05-14,0,,,,,,0.3,0.3,0.3,Consumer,Consumer & Retail,Unknown,Unspecified / Private,Netherlands,Europe,8.0,2.1972245773362196,
Ticketmaster,1,False,2026-05-07,2026-05-07,0,,,350.0,350.0,350.0,0.08,0.08,0.08,Consumer,Consumer & Retail,Acquired,Acquired / Subsidiary,United States,North America,,,5.860786223465865
Tidal,2,True,2023-12-06,2024-10-31,330,330.0,330.0,40.0,40.0,40.0,0.1,0.1,0.1,Consumer,Consumer & Retail,Acquired,Acquired / Subsidiary,United States,North America,,,3.713572066704308
Tidepool,1,False,2020-11-17,2020-11-17,0,,,18.0,18.0,18.0,0.4,0.4,0.4,Healthcare,Healthcare & BioTech,Unknown,Unspecified / Private,United States,North America,,,2.9444389791664403
Tiendanube,1,False,2022-10-17,2022-10-17,0,,,50.0,50.0,50.0,0.05,0.05,0.05,Marketing,Marketing & Media,Unknown,Unspecified / Private,Argentina,Latin America,,,3.9318256327243257
Tier Mobility,3,True,2022-08-23,2023-11-28,462,231.0,155.0,260.0,130.0,180.0,0.15,0.16,0.22,Transportation,Travel & Transportation,Series D,Late Stage (Series C-D),Germany,Europe,646.0,6.472346294500901,5.564520407322694
TikTok,10,True,2022-07-18,2026-08-06,1480,164.44444444444446,36.0,2160.0,360.0,1000.0,,,,Consumer,Consumer & Retail,Acquired,Acquired / Subsidiary,United States,North America,,,7.6783263565068856
TikTok India,1,False,2023-02-10,2023-02-10,0,,,40.0,40.0,40.0,,,,Consumer,Consumer & Retail,Acquired,Acquired / Subsidiary,India,Asia-Pacific,9400.0,9.148571345578551,3.713572066704308
Tiki,1,False,2023-06-11,2023-06-11,0,,,,,,1.0,1.0,1.0,Consumer,Consumer & Retail,Unknown,Unspecified / Private,Singapore,Asia-Pacific,,,
Tiktok,1,False,2026-08-19,2026-08-19,0,,,75.0,75.0,75.0,,,,Consumer,Consumer & Retail,Acquired,Acquired / Subsidiary,United States,North America,,,4.330733340286331
Tilia,1,False,2023-07-19,2023-07-19,0,,,28.0,28.0,28.0,0.32,0.32,0.32,Finance,Fintech & Financial Services,Unknown,Unspecified / Private,United States,North America,32.0,3.4965075614664802,3.367295829986474
Till Payments,1,False,2023-01-10,2023-01-10,0,,,120.0,120.0,120.0,,,,Finance,Fintech & Financial Services,Series C,Late Stage (Series C-D),Australia,Asia-Pacific,95.0,4.564348191467836,4.795790545596741
Tilting Point,1,False,2023-01-31,2023-01-31,0,,,60.0,60.0,60.0,0.14,0.14,0.14,Consumer,Consumer & Retail,Unknown,Unspecified / Private,United States,North America,235.0,5.4638318050256105,4.110873864173311
Times Internet,1,False,2023-08-18,2023-08-18,0,,,100.0,100.0,100.0,0.05,0.05,0.05,Media,Marketing & Media,Subsidiary,Unspecified / Private,India,Asia-Pacific,,,4.61512051684126
Tipalti,3,True,2023-01-11,2026-01-15,1100,550.0,175.0,223.0,111.5,123.0,0.11,0.11,0.11,Finance,Fintech & Financial Services,Series F,Growth Stage (Series E+),United States,North America,565.0,6.338594078203183,5.4116460518550396
Titan Medical,1,False,2023-02-10,2023-02-10,0,,,48.0,48.0,48.0,0.72,0.72,0.72,Healthcare,Healthcare & BioTech,Post-IPO,Public (Post-IPO),Canada,North America,278.0,5.631211781821365,3.8918202981106265
Toast,2,True,2020-04-07,2024-02-15,1409,1409.0,1409.0,1850.0,925.0,1300.0,0.3,0.3,0.5,Food,Consumer & Retail,Post-IPO,Public (Post-IPO),United States,North America,962.0,6.870053411798126,7.523481312573497
Tokopedia,1,False,2026-07-01,2026-07-01,0,,,,,,0.9,0.9,0.9,Retail,Consumer & Retail,Acquired,Acquired / Subsidiary,Indonesia,Asia-Pacific,2800.0,7.937731775260109,
TomTom,3,True,2022-06-01,2025-06-30,1125,562.5,559.0,845.0,281.6666666666667,500.0,0.1,0.1,0.1,Other,Other / Diversified,Post-IPO,Public (Post-IPO),Netherlands,Europe,430.0,6.066108090103747,6.740519359606223
Tome,2,True,2024-04-16,2024-10-02,169,169.0,169.0,24.0,12.0,12.0,0.28,0.28,0.31,Sales,Professional Services,Series B,Expansion Stage (Series B),United States,North America,75.0,4.330733340286331,3.2188758248682006
Tome Biosciences,1,False,2024-08-26,2024-08-26,0,,,131.0,131.0,131.0,1.0,1.0,1.0,Healthcare,Healthcare & BioTech,Series A,Early Venture (Series A),United States,North America,213.0,5.365976015021851,4.882801922586371
Tomo,1,False,2022-05-31,2022-05-31,0,,,44.0,44.0,44.0,0.33,0.33,0.33,Finance,Fintech & Financial Services,Series A,Early Venture (Series A),United States,North America,110.0,4.709530201312334,3.8066624897703196
Tomorrow,2,True,2022-12-16,2025-04-28,864,864.0,864.0,30.0,30.0,30.0,0.625,0.625,1.0,Hardware,Hardware & Manufacturing,Unknown,Unspecified / Private,United States,North America,29.0,3.4011973816621555,3.4339872044851463
Tonal,1,False,2022-07-13,2022-07-13,0,,,262.0,262.0,262.0,0.35,0.35,0.35,Fitness,Other / Diversified,Series E,Growth Stage (Series E+),United States,North America,450.0,6.111467339502679,5.572154032177765
Tonik,1,False,2024-03-01,2024-03-01,0,,,,,,,,,Finance,Fintech & Financial Services,Series B,Expansion Stage (Series B),Singapore,Asia-Pacific,175.0,5.170483995038151,
Tonkean,1,False,2022-06-15,2022-06-15,0,,,23.0,23.0,23.0,0.23,0.23,0.23,Other,Other / Diversified,Series B,Expansion Stage (Series B),United States,North America,83.0,4.430816798843313,3.1780538303479458
Tools for Humanity,1,False,2026-06-08,2026-06-08,0,,,,,,,,,AI,Other / Diversified,Series C,Late Stage (Series C-D),United States,North America,244.0,5.501258210544727,
Toothsi,1,False,2023-05-12,2023-05-12,0,,,20.0,20.0,20.0,,,,Healthcare,Healthcare & BioTech,Series C,Late Stage (Series C-D),India,Asia-Pacific,87.0,4.477336814478207,3.044522437723423
Top Hat,3,True,2020-05-12,2024-02-02,1361,680.5,182.0,93.0,31.0,42.0,0.05666666666666667,0.07,0.07,Education,EdTech & Learning,Series E,Growth Stage (Series E+),Canada,North America,234.0,5.459585514144159,4.543294782270004
Toplyne,1,False,2024-10-11,2024-10-11,0,,,,,,1.0,1.0,1.0,Sales,Professional Services,Series A,Early Venture (Series A),India,Asia-Pacific,17.0,2.8903717578961645,
Toppr,1,False,2022-06-29,2022-06-29,0,,,350.0,350.0,350.0,,,,Education,EdTech & Learning,Acquired,Acquired / Subsidiary,India,Asia-Pacific,112.0,4.727387818712341,5.860786223465865
Toptal,1,False,2024-10-10,2024-10-10,0,,,,,,,,,Recruiting,Professional Services,Unknown,Unspecified / Private,United States,North America,,,
Tor,1,False,2020-04-17,2020-04-17,0,,,13.0,13.0,13.0,0.37,0.37,0.37,Security,Enterprise & Infrastructure,Unknown,Unspecified / Private,United States,North America,1.0,0.6931471805599453,2.6390573296152584
Torii,1,False,2023-06-29,2023-06-29,0,,,28.0,28.0,28.0,0.3,0.3,0.3,Other,Other / Diversified,Series B,Expansion Stage (Series B),Israel,Middle East,65.0,4.189654742026425,3.367295829986474
Toshiba,1,False,2024-05-16,2024-05-16,0,,,4000.0,4000.0,4000.0,,,,Manufacturing,Hardware & Manufacturing,Unknown,Unspecified / Private,Japan,Asia-Pacific,,,8.294299608857235
Totango,1,False,2024-03-07,2024-03-07,0,,,,,,,,,Support,Enterprise & Infrastructure,Acquired,Acquired / Subsidiary,United States,North America,147.0,4.997212273764115,
Toucan,1,False,2023-03-09,2023-03-09,0,,,,,,1.0,1.0,1.0,Education,EdTech & Learning,Series A,Early Venture (Series A),United States,North America,,,
TouchBistro,1,False,2020-04-14,2020-04-14,0,,,131.0,131.0,131.0,0.23,0.23,0.23,Food,Consumer & Retail,Series E,Growth Stage (Series E+),Canada,North America,224.0,5.41610040220442,4.882801922586371
Tract,1,False,2025-04-03,2025-04-03,0,,,,,,,,,Real Estate,Real Estate & PropTech,Unknown,Unspecified / Private,United Kingdom,Europe,,,
Tractable,1,False,2023-05-23,2023-05-23,0,,,,,,,,,Finance,Fintech & Financial Services,Series D,Late Stage (Series C-D),United Kingdom,Europe,119.0,4.787491742782046,
Tractive,1,False,2026-06-22,2026-06-22,0,,,,,,,,,Hardware,Hardware & Manufacturing,Acquired,Acquired / Subsidiary,Austria,Europe,38.0,3.6635616461296463,
Trade Republic,2,True,2022-06-09,2024-06-23,745,745.0,745.0,,,,,,,Finance,Fintech & Financial Services,Unknown,Unspecified / Private,Germany,Europe,1300.0,7.170888478512505,
TradeWindow,1,False,2023-03-15,2023-03-15,0,,,25.0,25.0,25.0,0.3,0.3,0.3,Finance,Fintech & Financial Services,Series B,Expansion Stage (Series B),New Zealand,Asia-Pacific,24.0,3.2188758248682006,3.258096538021482
Transfix,1,False,2020-04-29,2020-04-29,0,,,24.0,24.0,24.0,0.1,0.1,0.1,Logistics,Travel & Transportation,Series D,Late Stage (Series C-D),United States,North America,128.0,4.859812404361672,3.2188758248682006
Transmit Security,1,False,2022-07-05,2022-07-05,0,,,27.0,27.0,27.0,0.07,0.07,0.07,Security,Enterprise & Infrastructure,Series A,Early Venture (Series A),United States,North America,583.0,6.369900982828227,3.332204510175204
TravelBank,1,False,2020-03-24,2020-03-24,0,,,20.0,20.0,20.0,,,,Travel,Travel & Transportation,Series B,Expansion Stage (Series B),United States,North America,35.0,3.58351893845611,3.044522437723423
TravelTriangle,1,False,2020-03-28,2020-03-28,0,,,250.0,250.0,250.0,0.5,0.5,0.5,Travel,Travel & Transportation,Series D,Late Stage (Series C-D),India,Asia-Pacific,47.0,3.871201010907891,5.5254529391317835
Traveloka,1,False,2020-04-03,2020-04-03,0,,,100.0,100.0,100.0,0.1,0.1,0.1,Travel,Travel & Transportation,Unknown,Unspecified / Private,Indonesia,Asia-Pacific,,,4.61512051684126
Trax,3,True,2020-05-03,2022-11-22,933,466.5,155.0,300.0,100.0,120.0,0.09999999999999999,0.1,0.12,Retail,Consumer & Retail,Series E,Growth Stage (Series E+),Singapore,Asia-Pacific,1000.0,6.90875477931522,5.707110264748875
Tray.io,1,False,2022-06-21,2022-06-21,0,,,,,,0.1,0.1,0.1,Data,Enterprise & Infrastructure,Series C,Late Stage (Series C-D),United States,North America,109.0,4.700480365792417,
Treasure Financial,1,False,2024-01-09,2024-01-09,0,,,14.0,14.0,14.0,0.6,0.6,0.6,Finance,Fintech & Financial Services,Series A,Early Venture (Series A),United States,North America,14.0,2.70805020110221,2.70805020110221
Treasury Prime,1,False,2024-02-28,2024-02-28,0,,,40.0,40.0,40.0,0.4,0.4,0.4,Finance,Fintech & Financial Services,Series C,Late Stage (Series C-D),United States,North America,71.0,4.276666119016055,3.713572066704308
Treehouse,1,False,2021-09-14,2021-09-14,0,,,41.0,41.0,41.0,0.9,0.9,0.9,Education,EdTech & Learning,Series B,Expansion Stage (Series B),United States,North America,12.0,2.5649493574615367,3.7376696182833684
Trell,1,False,2022-03-15,2022-03-15,0,,,300.0,300.0,300.0,0.5,0.5,0.5,Retail,Consumer & Retail,Series B,Expansion Stage (Series B),India,Asia-Pacific,62.0,4.143134726391533,5.707110264748875
Trellix,1,False,2023-07-07,2023-07-07,0,,,,,,,,,Security,Enterprise & Infrastructure,Unknown,Unspecified / Private,United States,North America,35.0,3.58351893845611,
Trend Micro,2,True,2024-01-09,2026-05-12,854,854.0,854.0,45.0,45.0,45.0,0.02,0.02,0.02,Security,Enterprise & Infrastructure,Post-IPO,Public (Post-IPO),Australia,Asia-Pacific,,,3.828641396489095
Trendsales,1,False,2024-04-08,2024-04-08,0,,,79.0,79.0,79.0,1.0,1.0,1.0,Retail,Consumer & Retail,Acquired,Acquired / Subsidiary,Denmark,Europe,,,4.382026634673881
Tricida,1,False,2022-11-14,2022-11-14,0,,,,,,0.5700000000000001,0.5700000000000001,0.5700000000000001,Healthcare,Healthcare & BioTech,Post-IPO,Public (Post-IPO),United States,North America,624.0,6.437751649736401,
Trigo,1,False,2024-01-04,2024-01-04,0,,,30.0,30.0,30.0,0.15,0.15,0.15,Retail,Consumer & Retail,Series C,Late Stage (Series C-D),Israel,Middle East,199.0,5.298317366548036,3.4339872044851463
TripActions,1,False,2020-03-25,2020-03-25,0,,,300.0,300.0,300.0,0.25,0.25,0.25,Travel,Travel & Transportation,Series D,Late Stage (Series C-D),United States,North America,981.0,6.889591308354466,5.707110264748875
TripAdvisor,5,True,2020-04-28,2025-11-05,2017,504.25,102.0,1100.0,366.6666666666667,900.0,0.16333333333333333,0.2,0.25,Travel,Travel & Transportation,Post-IPO,Public (Post-IPO),United States,North America,3.0,1.3862943611198906,7.00397413672268
Tripbam,1,False,2020-04-03,2020-04-03,0,,,10.0,10.0,10.0,0.25,0.25,0.25,Travel,Travel & Transportation,Unknown,Unspecified / Private,United States,North America,,,2.3978952727983707
TripleLift,3,True,2020-04-02,2025-07-11,1926,963.0,882.0,123.0,61.5,100.0,0.135,0.135,0.2,Marketing,Marketing & Media,Acquired,Acquired / Subsidiary,United States,North America,16.0,2.833213344056216,4.820281565605037
Triplebyte,1,False,2020-03-23,2020-03-23,0,,,15.0,15.0,15.0,0.17,0.17,0.17,Recruiting,Professional Services,Series B,Expansion Stage (Series B),United States,North America,48.0,3.8918202981106265,2.772588722239781
Tripwire,1,False,2022-05-12,2022-05-12,0,,,,,,,,,Security,Enterprise & Infrastructure,Acquired,Acquired / Subsidiary,United States,North America,29.0,3.4011973816621555,
Trivago,1,False,2020-05-04,2020-05-04,0,,,,,,,,,Travel,Travel & Transportation,Acquired,Acquired / Subsidiary,Germany,Europe,55.0,4.02535169073515,
Tropic,2,True,2023-10-20,2024-05-31,224,224.0,224.0,66.0,33.0,40.0,,,,Finance,Fintech & Financial Services,Series B,Expansion Stage (Series B),United States,North America,67.0,4.219507705176107,4.204692619390966
Trove Recommerce,2,True,2020-04-15,2024-01-31,1386,1386.0,1386.0,143.0,71.5,130.0,,,,Retail,Consumer & Retail,Series E,Growth Stage (Series E+),United States,North America,152.0,5.030437921392435,4.969813299576001
Truck It In,1,False,2022-06-01,2022-06-01,0,,,,,,0.3,0.3,0.3,Logistics,Travel & Transportation,Seed,Early Stage (Seed),Pakistan,Other / International,17.0,2.8903717578961645,
Truckstop.com,1,False,2023-03-02,2023-03-02,0,,,,,,,,,Logistics,Travel & Transportation,Acquired,Acquired / Subsidiary,United States,North America,,,
True Anomaly,1,False,2024-04-25,2024-04-25,0,,,30.0,30.0,30.0,0.25,0.25,0.25,Aerospace,Hardware & Manufacturing,Series B,Expansion Stage (Series B),United States,North America,158.0,5.0689042022202315,3.4339872044851463
TrueCar,3,True,2020-05-28,2026-02-24,2098,1049.0,986.0,421.0,140.33333333333334,219.0,0.28,0.3,0.3,Transportation,Travel & Transportation,Post-IPO,Public (Post-IPO),United States,North America,340.0,5.831882477283517,6.045005314036012
TrueLayer,2,True,2022-09-16,2024-11-15,791,791.0,791.0,111.0,55.5,71.0,0.175,0.175,0.25,Finance,Fintech & Financial Services,Series E,Growth Stage (Series E+),United Kingdom,Europe,321.0,5.7745515455444085,4.718498871295094
Truecaller,1,False,2026-05-07,2026-05-07,0,,,70.0,70.0,70.0,,,,Consumer,Consumer & Retail,Post-IPO,Public (Post-IPO),Sweden,Europe,101.0,4.624972813284271,4.2626798770413155
Truepill,4,True,2022-04-14,2022-09-30,169,56.333333333333336,50.0,325.0,162.5,175.0,0.24,0.24,0.33,Healthcare,Healthcare & BioTech,Series D,Late Stage (Series C-D),United States,North America,255.0,5.545177444479562,5.786897381366708
Truiloo,1,False,2022-09-23,2022-09-23,0,,,24.0,24.0,24.0,0.05,0.05,0.05,Security,Enterprise & Infrastructure,Series D,Late Stage (Series C-D),Canada,North America,474.0,6.163314804034641,3.2188758248682006
Truss Works,1,False,2023-09-20,2023-09-20,0,,,,,,,,,Real Estate,Real Estate & PropTech,Unknown,Unspecified / Private,United States,North America,,,
Trustly,1,False,2022-02-17,2022-02-17,0,,,120.0,120.0,120.0,,,,Finance,Fintech & Financial Services,Acquired,Acquired / Subsidiary,Sweden,Europe,28.0,3.367295829986474,4.795790545596741
Trybe,2,True,2022-08-10,2023-06-09,303,303.0,303.0,175.0,87.5,128.0,0.22499999999999998,0.22499999999999998,0.35,Education,EdTech & Learning,Series B,Expansion Stage (Series B),Brazil,Latin America,40.0,3.713572066704308,5.170483995038151
TuSimple,3,True,2022-12-21,2023-12-04,348,174.0,148.0,500.0,250.0,350.0,0.275,0.275,0.3,Transportation,Travel & Transportation,Post-IPO,Public (Post-IPO),United States,North America,648.0,6.47543271670409,6.2166061010848646
Tufin,1,False,2022-08-21,2022-08-21,0,,,55.0,55.0,55.0,0.1,0.1,0.1,Security,Enterprise & Infrastructure,Acquired,Acquired / Subsidiary,United States,North America,21.0,3.091042453358316,4.02535169073515
Tuft & Needle,1,False,2020-03-19,2020-03-19,0,,,,,,,,,Retail,Consumer & Retail,Acquired,Acquired / Subsidiary,United States,North America,,,
Tul,1,False,2023-01-17,2023-01-17,0,,,100.0,100.0,100.0,,,,Construction,Other / Diversified,Series B,Expansion Stage (Series B),Colombia,Latin America,218.0,5.389071729816501,4.61512051684126
Tulip Retail,2,True,2020-04-15,2023-11-21,1315,1315.0,1315.0,39.0,19.5,25.0,,,,Retail,Consumer & Retail,Series C,Late Stage (Series C-D),Canada,North America,79.0,4.382026634673881,3.6888794541139363
Turnitin,2,True,2022-10-06,2024-03-07,518,518.0,518.0,66.0,33.0,51.0,0.035,0.035,0.05,Education,EdTech & Learning,Acquired,Acquired / Subsidiary,United States,North America,,,4.204692619390966
Turntide,1,False,2022-07-28,2022-07-28,0,,,,,,0.2,0.2,0.2,Energy,Other / Diversified,Unknown,Unspecified / Private,United States,North America,491.0,6.198478716492308,
Turo,2,True,2020-03-31,2025-04-16,1842,1842.0,1842.0,258.0,129.0,150.0,0.235,0.235,0.3,Transportation,Travel & Transportation,Series E,Growth Stage (Series E+),United States,North America,467.0,6.148468295917647,5.556828061699537
Turso,1,False,2025-01-21,2025-01-21,0,,,,,,,,,Product,Other / Diversified,Seed,Early Stage (Seed),United Kingdom,Europe,7.0,2.0794415416798357,
TutorMundi,1,False,2020-04-24,2020-04-24,0,,,4.0,4.0,4.0,1.0,1.0,1.0,Education,EdTech & Learning,Series A,Early Venture (Series A),Brazil,Latin America,2.0,1.0986122886681098,1.6094379124341003
Twelve,1,False,2024-10-25,2024-10-25,0,,,,,,,,,Energy,Other / Diversified,Unknown,Unspecified / Private,United States,North America,844.0,6.739336627357174,
Twig,1,False,2024-02-02,2024-02-02,0,,,,,,1.0,1.0,1.0,Finance,Fintech & Financial Services,Unknown,Unspecified / Private,United Kingdom,Europe,41.0,3.7376696182833684,
Twiga,2,True,2022-11-16,2023-08-20,277,277.0,277.0,494.0,247.0,283.0,0.27,0.27,0.33,Food,Consumer & Retail,Series C,Late Stage (Series C-D),Kenya,Africa,157.0,5.062595033026967,6.20455776256869
Twilio,3,True,2022-09-14,2023-12-04,446,223.0,152.0,2300.0,1150.0,1500.0,0.11,0.11,0.17,Other,Other / Diversified,Post-IPO,Public (Post-IPO),United States,North America,614.0,6.421622267806518,7.741099090035366
TwinStrand,1,False,2022-10-05,2022-10-05,0,,,,,,0.5,0.5,0.5,Healthcare,Healthcare & BioTech,Series B,Expansion Stage (Series B),United States,North America,73.0,4.30406509320417,
Twine Solutions,1,False,2023-01-05,2023-01-05,0,,,30.0,30.0,30.0,0.33,0.33,0.33,Hardware,Hardware & Manufacturing,Unknown,Unspecified / Private,Israel,Middle East,50.0,3.9318256327243257,3.4339872044851463
Twist Bioscience,1,False,2023-05-05,2023-05-05,0,,,270.0,270.0,270.0,0.25,0.25,0.25,Healthcare,Healthcare & BioTech,Post-IPO,Public (Post-IPO),United States,North America,503.0,6.222576268071369,5.602118820879701
Twitch,2,True,2023-10-03,2024-01-09,98,98.0,98.0,500.0,500.0,500.0,0.35,0.35,0.35,Consumer,Consumer & Retail,Acquired,Acquired / Subsidiary,United States,North America,35.0,3.58351893845611,6.2166061010848646
Twitter,4,True,2022-07-07,2023-02-25,233,77.66666666666667,51.0,3940.0,1313.3333333333333,3700.0,0.3,0.3,0.5,Consumer,Consumer & Retail,Post-IPO,Public (Post-IPO),United States,North America,12900.0,9.465060106725137,8.279189777195004
Typeform,1,False,2022-11-15,2022-11-15,0,,,,,,,,,Marketing,Marketing & Media,Series C,Late Stage (Series C-D),Spain,Europe,187.0,5.236441962829949,
TytoCare,2,True,2023-07-06,2025-07-17,742,742.0,742.0,55.0,27.5,35.0,0.16,0.16,0.22,Healthcare,Healthcare & BioTech,Series E,Growth Stage (Series E+),United States,North America,206.0,5.332718793265369,4.02535169073515
UIPath,1,False,2024-07-09,2024-07-09,0,,,420.0,420.0,420.0,0.1,0.1,0.1,Other,Other / Diversified,Post-IPO,Public (Post-IPO),United States,North America,2000.0,7.601402334583733,6.042632833682381
UKG,4,True,2023-03-06,2026-04-15,1136,378.6666666666667,148.0,3715.0,928.75,2200.0,0.14,0.14,0.14,HR,Other / Diversified,Unknown,Unspecified / Private,United States,North America,,,8.22040309993373
UPshow,1,False,2020-04-24,2020-04-24,0,,,19.0,19.0,19.0,0.3,0.3,0.3,Marketing,Marketing & Media,Series A,Early Venture (Series A),United States,North America,7.0,2.0794415416798357,2.995732273553991
Ualá,1,False,2022-11-30,2022-11-30,0,,,53.0,53.0,53.0,0.03,0.03,0.03,Finance,Fintech & Financial Services,Series D,Late Stage (Series C-D),Argentina,Latin America,544.0,6.300785794663244,3.9889840465642745
Uber,9,True,2020-05-06,2026-09-02,2310,288.75,8.0,11085.0,1583.5714285714287,3700.0,0.14333333333333334,0.135,0.25,Transportation,Travel & Transportation,Post-IPO,Public (Post-IPO),United States,North America,25200.0,10.134638955251866,9.31343832997975
Uber Freight,3,True,2023-01-23,2024-01-09,351,175.5,171.0,230.0,76.66666666666667,150.0,0.03,0.03,0.03,Logistics,Travel & Transportation,Subsidiary,Unspecified / Private,United States,North America,2700.0,7.901377353792616,5.442417710521793
Uberflip,1,False,2022-08-05,2022-08-05,0,,,31.0,31.0,31.0,0.17,0.17,0.17,Marketing,Marketing & Media,Series A,Early Venture (Series A),Canada,North America,42.0,3.7612001156935624,3.4657359027997265
Udaan,3,True,2022-06-27,2023-12-18,539,269.5,130.0,630.0,210.0,350.0,0.07,0.07,0.1,Retail,Consumer & Retail,Unknown,Unspecified / Private,India,Asia-Pacific,1500.0,7.313886831633462,6.447305862541213
Udacity,1,False,2022-10-11,2022-10-11,0,,,55.0,55.0,55.0,0.13,0.13,0.13,Education,EdTech & Learning,Unknown,Unspecified / Private,United States,North America,235.0,5.4638318050256105,4.02535169073515
Udayy,1,False,2022-06-01,2022-06-01,0,,,100.0,100.0,100.0,1.0,1.0,1.0,Education,EdTech & Learning,Seed,Early Stage (Seed),India,Asia-Pacific,2.0,1.0986122886681098,4.61512051684126
Udemy,2,True,2023-02-14,2024-09-11,575,575.0,575.0,280.0,280.0,280.0,0.1,0.1,0.1,Education,EdTech & Learning,Post-IPO,Public (Post-IPO),United States,North America,311.0,5.7430031878094825,5.638354669333745
UiPath,2,True,2022-06-27,2022-11-15,141,141.0,141.0,451.0,225.5,241.0,0.055,0.055,0.06,Data,Enterprise & Infrastructure,Post-IPO,Public (Post-IPO),United States,North America,2000.0,7.601402334583733,6.113682179832232
Ula,1,False,2022-11-30,2022-11-30,0,,,134.0,134.0,134.0,0.23,0.23,0.23,Retail,Consumer & Retail,Series B,Expansion Stage (Series B),Indonesia,Asia-Pacific,140.0,4.948759890378168,4.90527477843843
Uleet,1,False,2023-11-15,2023-11-15,0,,,,,,1.0,1.0,1.0,Healthcare,Healthcare & BioTech,Unknown,Unspecified / Private,United States,North America,,,
Una Brands,1,False,2022-06-28,2022-06-28,0,,,,,,0.1,0.1,0.1,Retail,Consumer & Retail,Series A,Early Venture (Series A),Singapore,Asia-Pacific,55.0,4.02535169073515,
Unacademy,5,True,2022-04-07,2024-07-02,817,204.25,72.0,1750.0,437.5,1000.0,0.10500000000000001,0.11,0.17,Education,EdTech & Learning,Series H,Growth Stage (Series E+),India,Asia-Pacific,838.0,6.732210706467206,7.467942332285852
Unbabel,2,True,2020-04-08,2025-01-20,1748,1748.0,1748.0,146.0,73.0,80.0,0.3,0.3,0.35,Support,Enterprise & Infrastructure,Series C,Late Stage (Series C-D),Portugal,Europe,91.0,4.5217885770490405,4.990432586778736
Unbounce,2,True,2022-08-03,2024-07-16,713,713.0,713.0,47.0,47.0,47.0,0.2,0.2,0.2,Marketing,Marketing & Media,Acquired,Acquired / Subsidiary,Canada,North America,39.0,3.6888794541139363,3.871201010907891
Uncapped,1,False,2022-05-27,2022-05-27,0,,,29.0,29.0,29.0,0.26,0.26,0.26,Finance,Fintech & Financial Services,Unknown,Unspecified / Private,United Kingdom,Europe,118.0,4.77912349311153,3.4011973816621555
Unchained Capital,1,False,2022-11-18,2022-11-18,0,,,,,,0.15,0.15,0.15,Crypto,Fintech & Financial Services,Series A,Early Venture (Series A),United States,North America,33.0,3.5263605246161616,
Unico,2,True,2022-10-24,2023-01-17,85,85.0,85.0,160.0,80.0,110.0,0.07,0.07,0.1,Other,Other / Diversified,Series D,Late Stage (Series C-D),Brazil,Latin America,336.0,5.820082930352362,5.081404364984463
Uniphore,1,False,2023-01-03,2023-01-03,0,,,76.0,76.0,76.0,0.1,0.1,0.1,Support,Enterprise & Infrastructure,Series E,Growth Stage (Series E+),United States,North America,620.0,6.431331081933479,4.343805421853684
Unison,1,False,2020-04-08,2020-04-08,0,,,89.0,89.0,89.0,0.45,0.45,0.45,Finance,Fintech & Financial Services,Series B,Expansion Stage (Series B),United States,North America,40.0,3.713572066704308,4.499809670330265
Unit,1,False,2024-06-17,2024-06-17,0,,,,,,0.15,0.15,0.15,Finance,Fintech & Financial Services,Series C,Late Stage (Series C-D),United States,North America,170.0,5.14166355650266,
Unite Us,1,False,2023-08-21,2023-08-21,0,,,,,,,,,Healthcare,Healthcare & BioTech,Series C,Late Stage (Series C-D),United States,North America,196.0,5.2832037287379885,
Unity,8,True,2022-06-29,2025-02-11,958,136.85714285714286,34.0,3499.0,499.85714285714283,1800.0,0.09000000000000001,0.06,0.25,Other,Other / Diversified,Post-IPO,Public (Post-IPO),United States,North America,1300.0,7.170888478512505,8.160518247477505
Universal Standard,1,False,2020-03-25,2020-03-25,0,,,,,,,,,Retail,Consumer & Retail,Series A,Early Venture (Series A),United States,North America,8.0,2.1972245773362196,
Uno Health,1,False,2023-10-13,2023-10-13,0,,,,,,,,,Healthcare,Healthcare & BioTech,Unknown,Unspecified / Private,United States,North America,,,
Unstoppable Domains,1,False,2022-07-14,2022-07-14,0,,,42.0,42.0,42.0,0.25,0.25,0.25,Crypto,Fintech & Financial Services,Series B,Expansion Stage (Series B),United States,North America,7.0,2.0794415416798357,3.7612001156935624
UpGrad,1,False,2023-03-06,2023-03-06,0,,,120.0,120.0,120.0,,,,Education,EdTech & Learning,Unknown,Unspecified / Private,India,Asia-Pacific,631.0,6.448889394146858,4.795790545596741
UpScalio,1,False,2023-01-05,2023-01-05,0,,,25.0,25.0,25.0,0.15,0.15,0.15,Retail,Consumer & Retail,Series B,Expansion Stage (Series B),India,Asia-Pacific,62.0,4.143134726391533,3.258096538021482
Updater,1,False,2022-08-16,2022-08-16,0,,,,,,,,,Other,Other / Diversified,Unknown,Unspecified / Private,United States,North America,467.0,6.148468295917647,
Upside Foods,1,False,2024-07-01,2024-07-01,0,,,26.0,26.0,26.0,,,,Food,Consumer & Retail,Unknown,Unspecified / Private,United States,North America,598.0,6.395261598115449,3.295836866004329
Upstart,2,True,2022-11-01,2023-01-31,91,91.0,91.0,505.0,252.5,365.0,0.135,0.135,0.2,Finance,Fintech & Financial Services,Post-IPO,Public (Post-IPO),United States,North America,144.0,4.976733742420574,6.226536669287466
Upwork,3,True,2023-05-03,2026-05-07,1100,550.0,539.0,288.0,144.0,151.0,0.19999999999999998,0.21,0.24,Other,Other / Diversified,Post-IPO,Public (Post-IPO),United States,North America,168.0,5.1298987149230735,5.666426688112432
Urban Sports Club,1,False,2022-09-01,2022-09-01,0,,,55.0,55.0,55.0,0.15,0.15,0.15,Fitness,Other / Diversified,Unknown,Unspecified / Private,Germany,Europe,95.0,4.564348191467836,4.02535169073515
Ursa Major,1,False,2023-06-07,2023-06-07,0,,,,,,,,,Aerospace,Hardware & Manufacturing,Series D,Late Stage (Series C-D),United States,North America,233.0,5.455321115357702,
UserTesting,1,False,2023-03-03,2023-03-03,0,,,63.0,63.0,63.0,,,,Marketing,Marketing & Media,Acquired,Acquired / Subsidiary,United States,North America,152.0,5.030437921392435,4.1588830833596715
Usermind,1,False,2020-04-01,2020-04-01,0,,,15.0,15.0,15.0,0.25,0.25,0.25,Marketing,Marketing & Media,Series C,Late Stage (Series C-D),United States,North America,46.0,3.8501476017100584,2.772588722239781
Utopia Music,2,True,2022-11-24,2023-04-17,144,144.0,144.0,,,,0.15,0.15,0.15,Other,Other / Diversified,Series B,Expansion Stage (Series B),Switzerland,Europe,,,
VMware,1,False,2023-11-27,2023-11-27,0,,,2837.0,2837.0,2837.0,,,,Infrastructure,Enterprise & Infrastructure,Acquired,Acquired / Subsidiary,United States,North America,393.0,5.976350909297934,7.950854857719988
VRChat,1,False,2024-06-12,2024-06-12,0,,,,,,0.3,0.3,0.3,Consumer,Consumer & Retail,Series D,Late Stage (Series C-D),United States,North America,95.0,4.564348191467836,
VSCO,2,True,2020-04-14,2025-12-09,2065,2065.0,2065.0,69.0,34.5,45.0,0.35,0.35,0.35,Consumer,Consumer & Retail,Series B,Expansion Stage (Series B),United States,North America,90.0,4.51085950651685,4.248495242049359
VTEX,1,False,2022-05-26,2022-05-26,0,,,200.0,200.0,200.0,0.13,0.13,0.13,Retail,Consumer & Retail,Post-IPO,Public (Post-IPO),Brazil,Latin America,365.0,5.902633333401366,5.303304908059076
VTrips,1,False,2023-10-07,2023-10-07,0,,,75.0,75.0,75.0,0.09,0.09,0.09,Travel,Travel & Transportation,Private Equity,Private Equity Owned,United States,North America,,,4.330733340286331
Vacasa,4,True,2020-03-20,2024-05-09,1511,503.6666666666667,71.0,2420.0,806.6666666666666,1300.0,0.11666666666666668,0.13,0.17,Travel,Travel & Transportation,Post-IPO,Public (Post-IPO),United States,North America,834.0,6.727431724850855,7.791935956938058
Vah Vah!,1,False,2023-04-30,2023-04-30,0,,,150.0,150.0,150.0,,,,Education,EdTech & Learning,Seed,Early Stage (Seed),India,Asia-Pacific,2.0,1.0986122886681098,5.017279836814924
Validient,1,False,2026-08-10,2026-08-10,0,,,,,,1.0,1.0,1.0,Other,Other / Diversified,Unknown,Unspecified / Private,Australia,Asia-Pacific,,,
Validity,1,False,2020-05-06,2020-05-06,0,,,130.0,130.0,130.0,0.33,0.33,0.33,Data,Enterprise & Infrastructure,Private Equity,Private Equity Owned,United States,North America,,,4.875197323201151
Vallai,1,False,2023-05-02,2023-05-02,0,,,,,,1.0,1.0,1.0,Data,Enterprise & Infrastructure,Seed,Early Stage (Seed),France,Europe,,,
VanHack,1,False,2022-10-11,2022-10-11,0,,,,,,,,,HR,Other / Diversified,Seed,Early Stage (Seed),Canada,North America,,,
Vanta,1,False,2022-12-08,2022-12-08,0,,,,,,0.14,0.14,0.14,Security,Enterprise & Infrastructure,Series B,Expansion Stage (Series B),United States,North America,203.0,5.318119993844216,
Varo,2,True,2022-07-20,2023-05-11,295,295.0,295.0,172.0,86.0,97.0,,,,Finance,Fintech & Financial Services,Series E,Growth Stage (Series E+),United States,North America,992.0,6.900730664045173,5.153291594497779
Varonis,1,False,2022-11-06,2022-11-06,0,,,110.0,110.0,110.0,0.05,0.05,0.05,Security,Enterprise & Infrastructure,Post-IPO,Public (Post-IPO),United States,North America,30.0,3.4339872044851463,4.709530201312334
Vast,1,False,2026-08-19,2026-08-19,0,,,46.0,46.0,46.0,0.04,0.04,0.04,Aerospace,Hardware & Manufacturing,Series A,Early Venture (Series A),United States,North America,650.0,6.478509642208569,3.8501476017100584
Vedanta Biosciences,1,False,2022-08-10,2022-08-10,0,,,,,,0.2,0.2,0.2,Healthcare,Healthcare & BioTech,Series D,Late Stage (Series C-D),United States,North America,301.0,5.71042701737487,
Vedantu,4,True,2022-05-05,2022-12-07,216,72.0,13.0,1109.0,277.25,424.0,0.05,0.05,0.07,Education,EdTech & Learning,Series E,Growth Stage (Series E+),India,Asia-Pacific,292.0,5.680172609017068,7.01211529430638
Vee,2,True,2022-07-31,2022-10-25,86,86.0,86.0,33.0,16.5,17.0,0.41000000000000003,0.41000000000000003,0.5,HR,Other / Diversified,Seed,Early Stage (Seed),Israel,Middle East,15.0,2.772588722239781,3.5263605246161616
Veeam,2,True,2023-03-23,2024-01-12,295,295.0,295.0,500.0,250.0,300.0,,,,Data,Enterprise & Infrastructure,Acquired,Acquired / Subsidiary,United States,North America,500.0,6.2166061010848646,6.2166061010848646
Veem,1,False,2020-05-14,2020-05-14,0,,,30.0,30.0,30.0,,,,Finance,Fintech & Financial Services,Unknown,Unspecified / Private,United States,North America,69.0,4.248495242049359,3.4339872044851463
Veev,2,True,2022-11-11,2023-11-26,380,380.0,380.0,100.0,100.0,100.0,0.65,0.65,1.0,Construction,Other / Diversified,Series D,Late Stage (Series C-D),United States,North America,597.0,6.393590753950631,4.61512051684126
Veho,1,False,2024-01-25,2024-01-25,0,,,65.0,65.0,65.0,0.19,0.19,0.19,Logistics,Travel & Transportation,Series B,Expansion Stage (Series B),United States,North America,299.0,5.703782474656201,4.189654742026425
Velo3D,1,False,2024-08-26,2024-08-26,0,,,42.0,42.0,42.0,,,,Manufacturing,Hardware & Manufacturing,Post-IPO,Public (Post-IPO),United States,North America,305.0,5.723585101952381,3.7612001156935624
Velocity,1,False,2023-09-15,2023-09-15,0,,,,,,0.14,0.14,0.14,Finance,Fintech & Financial Services,Series A,Early Venture (Series A),India,Asia-Pacific,30.0,3.4339872044851463,
Velodyne Lidar,2,True,2020-04-03,2023-02-24,1057,1057.0,1057.0,360.0,180.0,220.0,,,,Transportation,Travel & Transportation,Acquired,Acquired / Subsidiary,United States,North America,575.0,6.3561076606958915,5.8888779583328805
Venafi,1,False,2022-11-30,2022-11-30,0,,,,,,,,,Security,Enterprise & Infrastructure,Acquired,Acquired / Subsidiary,United States,North America,167.0,5.123963979403259,
Vendasta,2,True,2022-08-18,2023-09-29,407,407.0,407.0,,,,0.05,0.05,0.05,Marketing,Marketing & Media,Series D,Late Stage (Series C-D),Canada,North America,178.0,5.187385805840755,
Vendease,3,True,2022-11-25,2025-02-19,817,408.5,142.0,215.0,71.66666666666667,120.0,0.24333333333333332,0.2,0.44,Food,Consumer & Retail,Series A,Early Venture (Series A),Nigeria,Africa,43.0,3.784189633918261,5.375278407684165
Vendr,2,True,2023-05-31,2024-01-12,226,226.0,226.0,100.0,100.0,100.0,0.25,0.25,0.25,Other,Other / Diversified,Series B,Expansion Stage (Series B),United States,North America,216.0,5.37989735354046,4.61512051684126
Venminder,1,False,2024-10-21,2024-10-21,0,,,100.0,100.0,100.0,,,,Security,Enterprise & Infrastructure,Acquired,Acquired / Subsidiary,United States,North America,49.0,3.912023005428146,4.61512051684126
Venngage,1,False,2023-01-24,2023-01-24,0,,,11.0,11.0,11.0,0.2,0.2,0.2,Marketing,Marketing & Media,Unknown,Unspecified / Private,Canada,North America,,,2.4849066497880004
VerSe Innovation,2,True,2022-11-25,2025-05-18,905,905.0,905.0,500.0,250.0,350.0,0.05,0.05,0.05,Media,Marketing & Media,Series J,Growth Stage (Series E+),India,Asia-Pacific,1700.0,7.438971592395862,6.2166061010848646
Verbit,4,True,2022-07-05,2025-09-10,1163,387.6666666666667,222.0,162.0,54.0,80.0,0.08,0.08,0.1,Data,Enterprise & Infrastructure,Series E,Growth Stage (Series E+),United States,North America,569.0,6.345636360828596,5.093750200806762
Veriff,3,True,2020-05-04,2023-08-23,1206,603.0,195.0,230.0,76.66666666666667,101.0,0.17999999999999997,0.21,0.21,Security,Enterprise & Infrastructure,Series C,Late Stage (Series C-D),Estonia,Europe,192.0,5.262690188904886,5.442417710521793
Verily,4,True,2023-01-11,2026-06-09,1245,415.0,287.0,308.0,154.0,250.0,0.15,0.15,0.15,Healthcare,Healthcare & BioTech,Subsidiary,Unspecified / Private,United States,North America,3500.0,8.160803920954665,5.733341276897746
Verint Systems,1,False,2026-03-02,2026-03-02,0,,,,,,,,,Security,Enterprise & Infrastructure,Acquired,Acquired / Subsidiary,United States,North America,213.0,5.365976015021851,
Veritone,1,False,2026-06-10,2026-06-10,0,,,111.0,111.0,111.0,0.25,0.25,0.25,AI,Other / Diversified,Post-IPO,Public (Post-IPO),United States,North America,514.0,6.244166900663736,4.718498871295094
Verse,1,False,2023-08-07,2023-08-07,0,,,,,,1.0,1.0,1.0,Finance,Fintech & Financial Services,Acquired,Acquired / Subsidiary,Spain,Europe,38.0,3.6635616461296463,
VerticalScope,1,False,2023-02-01,2023-02-01,0,,,60.0,60.0,60.0,0.22,0.22,0.22,Media,Marketing & Media,Post-IPO,Public (Post-IPO),Canada,North America,,,4.110873864173311
Vesalius Therapeutics,1,False,2022-09-19,2022-09-19,0,,,29.0,29.0,29.0,0.43,0.43,0.43,Healthcare,Healthcare & BioTech,Series B,Expansion Stage (Series B),United States,North America,75.0,4.330733340286331,3.4011973816621555
Veson Nautical,1,False,2025-11-18,2025-11-18,0,,,,,,0.2,0.2,0.2,Other,Other / Diversified,Private Equity,Private Equity Owned,United States,North America,,,
Vesta,1,False,2020-08-05,2020-08-05,0,,,56.0,56.0,56.0,,,,Sales,Professional Services,Unknown,Unspecified / Private,United States,North America,20.0,3.044522437723423,4.04305126783455
Vesttoo,1,False,2023-08-01,2023-08-01,0,,,150.0,150.0,150.0,0.75,0.75,0.75,Finance,Fintech & Financial Services,Series C,Late Stage (Series C-D),Israel,Middle East,110.0,4.709530201312334,5.017279836814924
Vezeeta,1,False,2022-06-28,2022-06-28,0,,,50.0,50.0,50.0,0.1,0.1,0.1,Healthcare,Healthcare & BioTech,Series D,Late Stage (Series C-D),United Arab Emirates,Middle East,71.0,4.276666119016055,3.9318256327243257
Vial,1,False,2023-01-13,2023-01-13,0,,,40.0,40.0,40.0,,,,Healthcare,Healthcare & BioTech,Series B,Expansion Stage (Series B),United States,North America,101.0,4.624972813284271,3.713572066704308
Viamo,1,False,2022-08-31,2022-08-31,0,,,,,,,,,Other,Other / Diversified,Unknown,Unspecified / Private,Ghana,Africa,,,
Viant,1,False,2022-12-13,2022-12-13,0,,,46.0,46.0,46.0,0.13,0.13,0.13,Marketing,Marketing & Media,Post-IPO,Public (Post-IPO),United States,North America,,,3.8501476017100584
Viaplay,1,False,2023-07-20,2023-07-20,0,,,450.0,450.0,450.0,0.25,0.25,0.25,Media,Marketing & Media,Unknown,Unspecified / Private,Sweden,Europe,,,6.111467339502679
Viasat,2,True,2023-04-12,2023-11-02,204,204.0,204.0,1100.0,550.0,800.0,0.07,0.07,0.1,Other,Other / Diversified,Post-IPO,Public (Post-IPO),United States,North America,366.0,5.905361848054571,7.00397413672268
Viber,1,False,2022-11-15,2022-11-15,0,,,45.0,45.0,45.0,0.08,0.08,0.08,Consumer,Consumer & Retail,Acquired,Acquired / Subsidiary,Luxembourg,Other / International,,,3.828641396489095
Vibrent Health,1,False,2023-02-23,2023-02-23,0,,,,,,0.13,0.13,0.13,Healthcare,Healthcare & BioTech,Unknown,Unspecified / Private,United States,North America,,,
Vicarious Surgical,1,False,2023-02-15,2023-02-15,0,,,,,,0.14,0.14,0.14,Healthcare,Healthcare & BioTech,Post-IPO,Public (Post-IPO),United States,North America,185.0,5.225746673713202,
Vice Media,1,False,2024-02-22,2024-02-22,0,,,,,,,,,Media,Marketing & Media,Unknown,Unspecified / Private,United States,North America,1600.0,7.3783837129967145,
VideoAmp,5,True,2020-04-08,2026-08-07,2312,578.0,112.0,111.0,37.0,50.0,0.12400000000000003,0.1,0.2,Marketing,Marketing & Media,Series F,Growth Stage (Series E+),United States,North America,456.0,6.124683390894205,4.718498871295094
View,2,True,2020-04-15,2023-04-03,1083,1083.0,1083.0,170.0,170.0,170.0,0.23,0.23,0.23,Other,Other / Diversified,Post-IPO,Public (Post-IPO),United States,North America,2300.0,7.741099090035366,5.14166355650266
Vimeo,5,True,2022-07-18,2026-04-03,1355,338.75,72.0,,,,0.09000000000000001,0.1,0.11,Consumer,Consumer & Retail,Post-IPO,Public (Post-IPO),United States,North America,450.0,6.111467339502679,
VinFast US,1,False,2023-02-06,2023-02-06,0,,,80.0,80.0,80.0,,,,Transportation,Travel & Transportation,Subsidiary,Unspecified / Private,United States,North America,,,4.394449154672439
Vipps,1,False,2024-01-30,2024-01-30,0,,,,,,,,,Finance,Fintech & Financial Services,Unknown,Unspecified / Private,Lithuania,Other / International,,,
Virgin Hyperloop,1,False,2022-02-21,2022-02-21,0,,,111.0,111.0,111.0,0.5,0.5,0.5,Transportation,Travel & Transportation,Unknown,Unspecified / Private,United States,North America,368.0,5.910796644040527,4.718498871295094
Virgio,1,False,2023-10-25,2023-10-25,0,,,20.0,20.0,20.0,0.33,0.33,0.33,Retail,Consumer & Retail,Series A,Early Venture (Series A),India,Asia-Pacific,,,3.044522437723423
Virta Health,1,False,2020-04-07,2020-04-07,0,,,65.0,65.0,65.0,,,,Healthcare,Healthcare & BioTech,Series C,Late Stage (Series C-D),United States,North America,175.0,5.170483995038151,4.189654742026425
Virtudent,1,False,2020-05-01,2020-05-01,0,,,70.0,70.0,70.0,,,,Healthcare,Healthcare & BioTech,Series A,Early Venture (Series A),United States,North America,10.0,2.3978952727983707,4.2626798770413155
Vise,1,False,2022-05-04,2022-05-04,0,,,25.0,25.0,25.0,,,,Finance,Fintech & Financial Services,Series C,Late Stage (Series C-D),United States,North America,128.0,4.859812404361672,3.258096538021482
Vista Group,1,False,2023-07-05,2023-07-05,0,,,,,,0.06,0.06,0.06,Data,Enterprise & Infrastructure,Post-IPO,Public (Post-IPO),New Zealand,Asia-Pacific,,,
Vivian Health,1,False,2024-04-03,2024-04-03,0,,,13.0,13.0,13.0,,,,Healthcare,Healthcare & BioTech,Acquired,Acquired / Subsidiary,United States,North America,60.0,4.110873864173311,2.6390573296152584
Voi,4,True,2020-04-02,2024-02-16,1415,471.6666666666667,168.0,385.0,96.25,130.0,0.11666666666666665,0.12,0.13,Transportation,Travel & Transportation,Series D,Late Stage (Series C-D),Sweden,Europe,515.0,6.246106765481563,5.955837369464831
Volt Bank,1,False,2022-06-29,2022-06-29,0,,,,,,1.0,1.0,1.0,Finance,Fintech & Financial Services,Series E,Growth Stage (Series E+),Australia,Asia-Pacific,90.0,4.51085950651685,
Volta,2,True,2022-09-28,2022-10-21,23,23.0,23.0,,,,0.32,0.32,0.54,Transportation,Travel & Transportation,Post-IPO,Public (Post-IPO),United States,North America,575.0,6.3561076606958915,
Volta Trucks,1,False,2023-10-18,2023-10-18,0,,,,,,1.0,1.0,1.0,Transportation,Travel & Transportation,Series C,Late Stage (Series C-D),Sweden,Europe,391.0,5.971261839790462,
Voly,2,True,2022-06-22,2022-11-10,141,141.0,141.0,,,,0.5,0.5,0.5,Food,Consumer & Retail,Seed,Early Stage (Seed),Australia,Asia-Pacific,13.0,2.6390573296152584,
Vouch,1,False,2022-06-23,2022-06-23,0,,,15.0,15.0,15.0,0.07,0.07,0.07,Finance,Fintech & Financial Services,Series C,Late Stage (Series C-D),United States,North America,159.0,5.075173815233827,2.772588722239781
Vowel,1,False,2023-06-29,2023-06-29,0,,,,,,1.0,1.0,1.0,Other,Other / Diversified,Series A,Early Venture (Series A),United States,North America,18.0,2.9444389791664403,
Vox Media,5,True,2020-07-14,2024-12-05,1605,401.25,177.0,169.0,84.5,130.0,0.043333333333333335,0.04,0.07,Media,Marketing & Media,Series F,Growth Stage (Series E+),United States,North America,307.6,5.73204593992906,5.135798437050262
Voyage SMS,1,False,2022-06-23,2022-06-23,0,,,8.0,8.0,8.0,0.13,0.13,0.13,Marketing,Marketing & Media,Unknown,Unspecified / Private,United States,North America,10.0,2.3978952727983707,2.1972245773362196
Vroom,5,True,2022-05-09,2024-01-23,624,156.0,91.0,1802.0,360.4,800.0,0.3375,0.17,0.9,Transportation,Travel & Transportation,Post-IPO,Public (Post-IPO),United States,North America,1300.0,7.170888478512505,7.497207223203318
WHOOP,2,True,2022-07-21,2023-01-10,173,173.0,173.0,95.0,95.0,95.0,0.095,0.095,0.15,Fitness,Other / Diversified,Series F,Growth Stage (Series E+),United States,North America,404.0,6.003887067106539,4.564348191467836
WSC,1,False,2026-07-21,2026-07-21,0,,,70.0,70.0,70.0,0.1,0.1,0.1,Media,Marketing & Media,Series D,Late Stage (Series C-D),Israel,Middle East,136.0,4.919980925828125,4.2626798770413155
Wahoo Fitness,1,False,2022-04-27,2022-04-27,0,,,50.0,50.0,50.0,,,,Fitness,Other / Diversified,Unknown,Unspecified / Private,United States,North America,,,3.9318256327243257
WalkMe,2,True,2023-01-08,2023-04-19,101,101.0,101.0,155.0,77.5,112.0,0.065,0.065,0.1,Other,Other / Diversified,Post-IPO,Public (Post-IPO),United States,North America,307.0,5.730099782973574,5.049856007249537
Wallbox,1,False,2023-01-19,2023-01-19,0,,,,,,0.15,0.15,0.15,Energy,Other / Diversified,Post-IPO,Public (Post-IPO),Spain,Europe,167.0,5.123963979403259,
Walnut,1,False,2024-05-29,2024-05-29,0,,,15.0,15.0,15.0,0.2,0.2,0.2,Sales,Professional Services,Series B,Expansion Stage (Series B),United States,North America,56.0,4.04305126783455,2.772588722239781
WanderJaunt,2,True,2020-03-25,2022-07-01,828,828.0,828.0,141.0,70.5,85.0,0.615,0.615,1.0,Travel,Travel & Transportation,Series B,Expansion Stage (Series B),United States,North America,26.0,3.295836866004329,4.955827057601261
Warby Parker,1,False,2022-08-08,2022-08-08,0,,,63.0,63.0,63.0,,,,Consumer,Consumer & Retail,Post-IPO,Public (Post-IPO),United States,North America,535.0,6.284134161070802,4.1588830833596715
Warren,1,False,2022-08-17,2022-08-17,0,,,50.0,50.0,50.0,,,,Finance,Fintech & Financial Services,Series C,Late Stage (Series C-D),Brazil,Latin America,104.0,4.653960350157523,3.9318256327243257
Wattpad,2,True,2023-03-08,2024-01-30,328,328.0,328.0,62.0,31.0,42.0,0.125,0.125,0.15,Media,Marketing & Media,Acquired,Acquired / Subsidiary,Canada,North America,117.0,4.770684624465665,4.143134726391533
Wave,1,False,2022-07-13,2022-07-13,0,,,300.0,300.0,300.0,0.15,0.15,0.15,Finance,Fintech & Financial Services,Series A,Early Venture (Series A),Senegal,Other / International,292.0,5.680172609017068,5.707110264748875
Wave Financial,1,False,2023-03-09,2023-03-09,0,,,50.0,50.0,50.0,,,,Finance,Fintech & Financial Services,Acquired,Acquired / Subsidiary,Canada,North America,79.0,4.382026634673881,3.9318256327243257
Wave Sports and Entertainment,1,False,2022-06-13,2022-06-13,0,,,56.0,56.0,56.0,0.33,0.33,0.33,Media,Marketing & Media,Series B,Expansion Stage (Series B),United States,North America,65.0,4.189654742026425,4.04305126783455
Wavely,1,False,2022-11-10,2022-11-10,0,,,,,,1.0,1.0,1.0,HR,Other / Diversified,Unknown,Unspecified / Private,United States,North America,,,
WayCool,3,True,2023-07-11,2024-07-26,381,190.5,151.0,570.0,190.0,300.0,0.12,0.12,0.12,Food,Consumer & Retail,Unknown,Unspecified / Private,India,Asia-Pacific,363.0,5.8971538676367405,6.3473892096560105
Wayfair,5,True,2022-08-19,2025-03-07,931,232.75,56.0,5340.0,1068.0,1750.0,0.07750000000000001,0.07500000000000001,0.13,Retail,Consumer & Retail,Post-IPO,Public (Post-IPO),Germany,Europe,1700.0,7.438971592395862,8.58316818033977
Wayflyer,1,False,2022-11-16,2022-11-16,0,,,200.0,200.0,200.0,0.4,0.4,0.4,Marketing,Marketing & Media,Unknown,Unspecified / Private,Ireland,Europe,889.0,6.7912214627261855,5.303304908059076
Waymo,2,True,2023-03-01,2023-10-17,230,230.0,230.0,209.0,209.0,209.0,0.08,0.08,0.08,Transportation,Travel & Transportation,Subsidiary,Unspecified / Private,United States,North America,5500.0,8.612685172875459,5.3471075307174685
Waze,2,True,2020-09-09,2023-06-27,1021,1021.0,1021.0,30.0,30.0,30.0,0.054,0.054,0.054,Transportation,Travel & Transportation,Acquired,Acquired / Subsidiary,United States,North America,67.0,4.219507705176107,3.4339872044851463
WazirX,1,False,2022-10-02,2022-10-02,0,,,60.0,60.0,60.0,0.4,0.4,0.4,Crypto,Fintech & Financial Services,Acquired,Acquired / Subsidiary,India,Asia-Pacific,,,4.110873864173311
WeDoctor,1,False,2022-03-02,2022-03-02,0,,,500.0,500.0,500.0,,,,Healthcare,Healthcare & BioTech,Series F,Growth Stage (Series E+),China,Asia-Pacific,1400.0,7.244941546337007,6.2166061010848646
WeFit,1,False,2020-05-13,2020-05-13,0,,,,,,1.0,1.0,1.0,Fitness,Other / Diversified,Seed,Early Stage (Seed),Vietnam,Asia-Pacific,1.0,0.6931471805599453,
WeTrade,1,False,2023-02-09,2023-02-09,0,,,,,,1.0,1.0,1.0,Crypto,Fintech & Financial Services,Unknown,Unspecified / Private,India,Asia-Pacific,,,
WeTransfer,2,True,2023-10-18,2024-09-08,326,326.0,326.0,295.0,147.5,260.0,0.425,0.425,0.75,Other,Other / Diversified,Acquired,Acquired / Subsidiary,Netherlands,Europe,64.0,4.174387269895637,5.69035945432406
WeWork,6,True,2020-03-28,2023-01-19,1027,205.4,19.0,1150.0,230.0,300.0,0.2,0.2,0.2,Real Estate,Real Estate & PropTech,Post-IPO,Public (Post-IPO),United States,North America,22200.0,10.007892611890918,7.048386408721883
Wealthsimple,1,False,2022-06-15,2022-06-15,0,,,159.0,159.0,159.0,0.13,0.13,0.13,Finance,Fintech & Financial Services,Unknown,Unspecified / Private,Canada,North America,900.0,6.803505257608338,5.075173815233827
Webflow,2,True,2024-07-25,2026-05-27,671,671.0,671.0,,,,0.08,0.08,0.08,Marketing,Marketing & Media,Series C,Late Stage (Series C-D),United States,North America,335.0,5.817111159963204,
Weedmaps,2,True,2022-08-04,2022-12-06,124,124.0,124.0,175.0,175.0,175.0,0.175,0.175,0.25,Other,Other / Diversified,Acquired,Acquired / Subsidiary,United States,North America,,,5.170483995038151
Weee!,1,False,2022-06-15,2022-06-15,0,,,150.0,150.0,150.0,0.1,0.1,0.1,Food,Consumer & Retail,Series E,Growth Stage (Series E+),United States,North America,863.0,6.761572768804055,5.017279836814924
Wefox,2,True,2023-01-31,2024-05-16,471,471.0,471.0,160.0,80.0,100.0,,,,Finance,Fintech & Financial Services,Series D,Late Stage (Series C-D),Germany,Europe,1300.0,7.170888478512505,5.081404364984463
Wejo,1,False,2023-03-22,2023-03-22,0,,,40.0,40.0,40.0,0.16,0.16,0.16,Transportation,Travel & Transportation,Post-IPO,Public (Post-IPO),United Kingdom,Europe,376.0,5.932245187448011,3.713572066704308
Welkin Health,1,False,2020-04-24,2020-04-24,0,,,10.0,10.0,10.0,0.33,0.33,0.33,Healthcare,Healthcare & BioTech,Series B,Expansion Stage (Series B),United States,North America,29.0,3.4011973816621555,2.3978952727983707
Welltech,2,True,2025-03-07,2026-04-03,392,392.0,392.0,305.0,152.5,225.0,0.2,0.2,0.3,Fitness,Other / Diversified,Unknown,Unspecified / Private,Cyprus,Other / International,,,5.723585101952381
Western Digital,3,True,2022-11-22,2023-06-13,203,101.5,20.0,522.0,174.0,251.0,0.07,0.07,0.07,Hardware,Hardware & Manufacturing,Post-IPO,Public (Post-IPO),United States,North America,900.0,6.803505257608338,6.259581464064923
Westwing,1,False,2022-09-29,2022-09-29,0,,,125.0,125.0,125.0,,,,Retail,Consumer & Retail,Post-IPO,Public (Post-IPO),Germany,Europe,237.0,5.472270673671475,4.836281906951478
Wex,1,False,2024-06-18,2024-06-18,0,,,375.0,375.0,375.0,0.05,0.05,0.05,Finance,Fintech & Financial Services,Post-IPO,Public (Post-IPO),United States,North America,400.0,5.993961427306569,5.929589143389895
Whatfix,1,False,2025-12-09,2025-12-09,0,,,60.0,60.0,60.0,0.06,0.06,0.06,AI,Other / Diversified,Series E,Growth Stage (Series E+),India,Asia-Pacific,265.0,5.583496308781699,4.110873864173311
Wheel,2,True,2022-08-18,2023-02-01,167,167.0,167.0,91.0,45.5,56.0,0.22500000000000003,0.22500000000000003,0.28,Healthcare,Healthcare & BioTech,Series C,Late Stage (Series C-D),United States,North America,215.0,5.375278407684165,4.5217885770490405
When I Work,1,False,2020-04-22,2020-04-22,0,,,55.0,55.0,55.0,0.35,0.35,0.35,HR,Other / Diversified,Series B,Expansion Stage (Series B),United States,North America,24.0,3.2188758248682006,4.02535169073515
Whereby,1,False,2022-08-01,2022-08-01,0,,,,,,,,,Other,Other / Diversified,Series A,Early Venture (Series A),Norway,Europe,10.0,2.3978952727983707,
Whispir,1,False,2022-11-15,2022-11-15,0,,,,,,0.3,0.3,0.3,Other,Other / Diversified,Post-IPO,Public (Post-IPO),Australia,Asia-Pacific,68.0,4.23410650459726,
WhiteHat Jr,2,True,2021-01-06,2022-06-28,538,538.0,538.0,2100.0,1050.0,1800.0,,,,Education,EdTech & Learning,Acquired,Acquired / Subsidiary,India,Asia-Pacific,11.0,2.4849066497880004,7.650168700845001
WhyHive,1,False,2025-04-02,2025-04-02,0,,,,,,1.0,1.0,1.0,Data,Enterprise & Infrastructure,Seed,Early Stage (Seed),Australia,Asia-Pacific,,,
WhyHotel,1,False,2020-04-01,2020-04-01,0,,,,,,0.5,0.5,0.5,Travel,Travel & Transportation,Series B,Expansion Stage (Series B),United States,North America,33.0,3.5263605246161616,
Wi-Charge,1,False,2026-08-23,2026-08-23,0,,,,,,1.0,1.0,1.0,Manufacturing,Hardware & Manufacturing,Series C,Late Stage (Series C-D),Israel,Middle East,87.0,4.477336814478207,
Wildlife Studios,1,False,2022-11-28,2022-11-28,0,,,300.0,300.0,300.0,0.2,0.2,0.2,Consumer,Consumer & Retail,Unknown,Unspecified / Private,Brazil,Latin America,260.0,5.564520407322694,5.707110264748875
Willow,1,False,2022-12-23,2022-12-23,0,,,99.0,99.0,99.0,0.22,0.22,0.22,Real Estate,Real Estate & PropTech,Unknown,Unspecified / Private,Australia,Asia-Pacific,,,4.605170185988092
WillowTree,1,False,2023-05-24,2023-05-24,0,,,120.0,120.0,120.0,0.11,0.11,0.11,Marketing,Marketing & Media,Acquired,Acquired / Subsidiary,United States,North America,,,4.795790545596741
Windsurf,1,False,2025-08-05,2025-08-05,0,,,30.0,30.0,30.0,,,,AI,Other / Diversified,Acquired,Acquired / Subsidiary,United States,North America,243.0,5.497168225293202,3.4339872044851463
Wing Cloud,1,False,2025-04-09,2025-04-09,0,,,,,,1.0,1.0,1.0,Infrastructure,Enterprise & Infrastructure,Seed,Early Stage (Seed),Israel,Middle East,,,
Wint Wealth,1,False,2024-02-14,2024-02-14,0,,,19.0,19.0,19.0,0.2,0.2,0.2,Finance,Fintech & Financial Services,Series A,Early Venture (Series A),India,Asia-Pacific,16.0,2.833213344056216,2.995732273553991
Wise,1,False,2025-02-10,2025-02-10,0,,,300.0,300.0,300.0,,,,Finance,Fintech & Financial Services,Post-IPO,Public (Post-IPO),United States,North America,300.0,5.707110264748875,5.707110264748875
WiseTech,2,True,2025-07-23,2026-02-24,216,216.0,216.0,2000.0,2000.0,2000.0,0.3,0.3,0.3,Logistics,Travel & Transportation,Post-IPO,Public (Post-IPO),Australia,Asia-Pacific,3000.0,8.006700845440367,7.601402334583733
Wisense,1,False,2024-02-13,2024-02-13,0,,,,,,1.0,1.0,1.0,Transportation,Travel & Transportation,Unknown,Unspecified / Private,Israel,Middle East,37.0,3.6375861597263857,
Wish,3,True,2022-03-01,2023-07-27,513,256.5,177.0,595.0,198.33333333333334,255.0,0.22,0.17,0.34,Retail,Consumer & Retail,Post-IPO,Public (Post-IPO),United States,North America,1600.0,7.3783837129967145,6.39024066706535
Wistia,1,False,2022-11-10,2022-11-10,0,,,40.0,40.0,40.0,,,,Marketing,Marketing & Media,Unknown,Unspecified / Private,United States,North America,18.0,2.9444389791664403,3.713572066704308
Wix,3,True,2022-08-09,2026-05-25,1385,692.5,190.0,1470.0,490.0,1000.0,0.13,0.13,0.2,Marketing,Marketing & Media,Post-IPO,Public (Post-IPO),Israel,Middle East,58.0,4.07753744390572,7.293697720601438
Wizeline,1,False,2022-07-22,2022-07-22,0,,,,,,,,,Product,Other / Diversified,Acquired,Acquired / Subsidiary,United States,North America,62.0,4.143134726391533,
Wonder,3,True,2020-04-02,2026-09-01,2343,1171.5,972.0,280.0,140.0,150.0,0.07,0.07,0.07,Food,Consumer & Retail,Series B,Expansion Stage (Series B),United States,North America,850.0,6.7464121285733745,5.638354669333745
Wonderschool,2,True,2020-03-25,2023-02-10,1052,1052.0,1052.0,50.0,50.0,50.0,0.75,0.75,0.75,Education,EdTech & Learning,Series A,Early Venture (Series A),United States,North America,24.0,3.2188758248682006,3.9318256327243257
Wondery,1,False,2025-08-04,2025-08-04,0,,,100.0,100.0,100.0,,,,Media,Marketing & Media,Acquired,Acquired / Subsidiary,United States,North America,15.0,2.772588722239781,4.61512051684126
Wonolo,1,False,2020-04-01,2020-04-01,0,,,46.0,46.0,46.0,0.13,0.13,0.13,Recruiting,Professional Services,Series C,Late Stage (Series C-D),United States,North America,52.0,3.970291913552122,3.8501476017100584
Wordstream,1,False,2020-04-06,2020-04-06,0,,,26.0,26.0,26.0,0.1,0.1,0.1,Marketing,Marketing & Media,Acquired,Acquired / Subsidiary,United States,North America,28.0,3.367295829986474,3.295836866004329
WorkRamp,1,False,2022-09-15,2022-09-15,0,,,35.0,35.0,35.0,0.2,0.2,0.2,HR,Other / Diversified,Series C,Late Stage (Series C-D),United States,North America,67.0,4.219507705176107,3.58351893845611
Workable,1,False,2020-05-05,2020-05-05,0,,,25.0,25.0,25.0,0.1,0.1,0.1,Recruiting,Professional Services,Series C,Late Stage (Series C-D),United States,North America,84.0,4.442651256490317,3.258096538021482
Workato,1,False,2023-02-01,2023-02-01,0,,,90.0,90.0,90.0,0.1,0.1,0.1,Other,Other / Diversified,Series E,Growth Stage (Series E+),United States,North America,415.0,6.030685260261263,4.51085950651685
Workday,3,True,2023-01-31,2026-02-04,1100,550.0,364.0,2675.0,891.6666666666666,1750.0,0.043333333333333335,0.03,0.08,HR,Other / Diversified,Post-IPO,Public (Post-IPO),United States,North America,230.0,5.442417710521793,7.892078421248119
Workfellow,1,False,2024-02-07,2024-02-07,0,,,,,,1.0,1.0,1.0,HR,Other / Diversified,Seed,Early Stage (Seed),Finland,Europe,3.0,1.3862943611198906,
Workfront,1,False,2020-05-14,2020-05-14,0,,,,,,,,,Marketing,Marketing & Media,Series C,Late Stage (Series C-D),United States,North America,375.0,5.929589143389895,
Workhuman,1,False,2023-03-21,2023-03-21,0,,,130.0,130.0,130.0,0.1,0.1,0.1,HR,Other / Diversified,Unknown,Unspecified / Private,Ireland,Europe,131.0,4.882801922586371,4.875197323201151
Workit Health,1,False,2023-04-07,2023-04-07,0,,,100.0,100.0,100.0,,,,Healthcare,Healthcare & BioTech,Series C,Late Stage (Series C-D),United States,North America,138.0,4.9344739331306915,4.61512051684126
Workmotion,1,False,2022-12-15,2022-12-15,0,,,60.0,60.0,60.0,0.2,0.2,0.2,HR,Other / Diversified,Series B,Expansion Stage (Series B),Germany,Europe,76.0,4.343805421853684,4.110873864173311
Workrise,1,False,2022-04-05,2022-04-05,0,,,450.0,450.0,450.0,,,,Energy,Other / Diversified,Series E,Growth Stage (Series E+),United States,North America,752.0,6.6240652277998935,6.111467339502679
Worksmith,1,False,2020-11-09,2020-11-09,0,,,30.0,30.0,30.0,0.5,0.5,0.5,Retail,Consumer & Retail,Unknown,Unspecified / Private,United States,North America,3.8,1.5686159179138452,3.4339872044851463
Workstream,1,False,2022-07-22,2022-07-22,0,,,45.0,45.0,45.0,,,,HR,Other / Diversified,Series B,Expansion Stage (Series B),United States,North America,58.0,4.07753744390572,3.828641396489095
Woven,1,False,2022-08-16,2022-08-16,0,,,5.0,5.0,5.0,0.15,0.15,0.15,HR,Other / Diversified,Series A,Early Venture (Series A),United States,North America,11.0,2.4849066497880004,1.791759469228055
Wyre,1,False,2023-01-04,2023-01-04,0,,,,,,1.0,1.0,1.0,Crypto,Fintech & Financial Services,Unknown,Unspecified / Private,United States,North America,29.0,3.4011973816621555,
XP,1,False,2023-01-17,2023-01-17,0,,,,,,,,,Finance,Fintech & Financial Services,Post-IPO,Public (Post-IPO),Brazil,Latin America,,,
Xendit,4,True,2022-10-04,2024-01-22,475,158.33333333333334,0.0,200.0,200.0,200.0,0.05,0.05,0.05,Finance,Fintech & Financial Services,Series D,Late Stage (Series C-D),Indonesia,Asia-Pacific,534.0,6.282266746896006,5.303304908059076
Xentral,1,False,2022-12-10,2022-12-10,0,,,20.0,20.0,20.0,0.1,0.1,0.1,Product,Other / Diversified,Series B,Expansion Stage (Series B),Germany,Europe,94.0,4.553876891600541,3.044522437723423
Xero,2,True,2023-03-09,2026-02-18,1077,1077.0,1077.0,1050.0,525.0,800.0,0.15,0.15,0.15,Finance,Fintech & Financial Services,Post-IPO,Public (Post-IPO),New Zealand,Asia-Pacific,681.0,6.525029657843462,6.957497370876951
Xerox,1,False,2024-01-03,2024-01-03,0,,,3000.0,3000.0,3000.0,0.15,0.15,0.15,Hardware,Hardware & Manufacturing,Post-IPO,Public (Post-IPO),United States,North America,27200.0,10.211009016314167,8.006700845440367
Xerpa,1,False,2020-04-14,2020-04-14,0,,,10.0,10.0,10.0,,,,HR,Other / Diversified,Unknown,Unspecified / Private,Brazil,Latin America,5.0,1.791759469228055,2.3978952727983707
Xiaohongshu,1,False,2022-04-21,2022-04-21,0,,,180.0,180.0,180.0,0.09,0.09,0.09,Consumer,Consumer & Retail,Series E,Growth Stage (Series E+),China,Asia-Pacific,917.0,6.822197390620491,5.198497031265826
Xiaomi,1,False,2022-12-19,2022-12-19,0,,,,,,,,,Consumer,Consumer & Retail,Post-IPO,Public (Post-IPO),China,Asia-Pacific,7400.0,8.909370405197466,
Xiaomi India,1,False,2023-06-29,2023-06-29,0,,,30.0,30.0,30.0,,,,Other,Other / Diversified,Subsidiary,Unspecified / Private,India,Asia-Pacific,,,3.4339872044851463
Xing,1,False,2023-03-21,2023-03-21,0,,,68.0,68.0,68.0,,,,HR,Other / Diversified,Series A,Early Venture (Series A),Germany,Europe,,,4.23410650459726
Xolo,1,False,2023-09-04,2023-09-04,0,,,24.0,24.0,24.0,,,,Finance,Fintech & Financial Services,Series A,Early Venture (Series A),Estonia,Europe,11.0,2.4849066497880004,3.2188758248682006
Xsight Labs,1,False,2022-09-07,2022-09-07,0,,,,,,,,,Other,Other / Diversified,Series D,Late Stage (Series C-D),Israel,Middle East,100.0,4.61512051684126,
Yabonza,1,False,2022-07-29,2022-07-29,0,,,,,,1.0,1.0,1.0,Real Estate,Real Estate & PropTech,Unknown,Unspecified / Private,Australia,Asia-Pacific,6.0,1.9459101490553132,
Yahoo,3,True,2023-02-09,2024-12-12,672,336.0,299.0,1600.0,1600.0,1600.0,0.2,0.2,0.2,Consumer,Consumer & Retail,Acquired,Acquired / Subsidiary,United States,North America,6.0,1.9459101490553132,7.3783837129967145
Yapily,1,False,2022-12-01,2022-12-01,0,,,,,,,,,Finance,Fintech & Financial Services,Series A,Early Venture (Series A),United Kingdom,Europe,69.0,4.248495242049359,
Yellow.ai,2,True,2023-03-01,2025-12-23,1028,1028.0,1028.0,300.0,150.0,200.0,0.3,0.3,0.3,Support,Enterprise & Infrastructure,Series C,Late Stage (Series C-D),United States,North America,102.0,4.634728988229636,5.707110264748875
Yelp,2,True,2020-04-09,2020-07-13,95,95.0,95.0,1063.0,531.5,1000.0,0.17,0.17,0.17,Consumer,Consumer & Retail,Post-IPO,Public (Post-IPO),United States,North America,56.0,4.04305126783455,6.96979066990159
Yext,2,True,2023-01-23,2024-06-05,499,499.0,499.0,,,,0.1,0.1,0.12,Marketing,Marketing & Media,Post-IPO,Public (Post-IPO),United States,North America,117.0,4.770684624465665,
Yield Guild Games,1,False,2026-07-06,2026-07-06,0,,,35.0,35.0,35.0,,,,Crypto,Fintech & Financial Services,Unknown,Unspecified / Private,United States,North America,36.0,3.6109179126442243,3.58351893845611
Ynsect,1,False,2023-04-17,2023-04-17,0,,,17.0,17.0,17.0,0.25,0.25,0.25,Food,Consumer & Retail,Series D,Late Stage (Series C-D),France,Europe,579.0,6.363028103540465,2.8903717578961645
Yoco,1,False,2020-04-29,2020-04-29,0,,,,,,,,,Finance,Fintech & Financial Services,Series B,Expansion Stage (Series B),South Africa,Africa,23.0,3.1780538303479458,
Yojak,1,False,2022-06-02,2022-06-02,0,,,140.0,140.0,140.0,0.5,0.5,0.5,Construction,Other / Diversified,Seed,Early Stage (Seed),India,Asia-Pacific,3.0,1.3862943611198906,4.948759890378168
Yolo Group,1,False,2025-09-23,2025-09-23,0,,,280.0,280.0,280.0,,,,Finance,Fintech & Financial Services,Unknown,Unspecified / Private,Estonia,Europe,,,5.638354669333745
Yonder,1,False,2020-03-20,2020-03-20,0,,,18.0,18.0,18.0,,,,Media,Marketing & Media,Series A,Early Venture (Series A),United States,North America,16.0,2.833213344056216,2.9444389791664403
Yotpo,2,True,2022-11-16,2025-08-05,993,993.0,993.0,270.0,135.0,200.0,0.21500000000000002,0.21500000000000002,0.34,Marketing,Marketing & Media,Unknown,Unspecified / Private,United States,North America,436.0,6.07993319509559,5.602118820879701
YouTube,1,False,2024-01-17,2024-01-17,0,,,100.0,100.0,100.0,,,,Media,Marketing & Media,Acquired,Acquired / Subsidiary,United States,North America,11.0,2.4849066497880004,4.61512051684126
YourGrocer,1,False,2022-12-19,2022-12-19,0,,,,,,1.0,1.0,1.0,Food,Consumer & Retail,Unknown,Unspecified / Private,Australia,Asia-Pacific,2.0,1.0986122886681098,
Yuga Labs,1,False,2023-10-06,2023-10-06,0,,,,,,,,,Crypto,Fintech & Financial Services,Unknown,Unspecified / Private,United States,North America,450.0,6.111467339502679,
Yummly,1,False,2024-04-03,2024-04-03,0,,,,,,1.0,1.0,1.0,Food,Consumer & Retail,Acquired,Acquired / Subsidiary,United States,North America,24.0,3.2188758248682006,
Yupp,1,False,2026-03-31,2026-03-31,0,,,,,,1.0,1.0,1.0,AI,Other / Diversified,Seed,Early Stage (Seed),United States,North America,33.0,3.5263605246161616,
Zak,1,False,2022-05-16,2022-05-16,0,,,100.0,100.0,100.0,0.4,0.4,0.4,Food,Consumer & Retail,Series A,Early Venture (Series A),Brazil,Latin America,29.0,3.4011973816621555,4.61512051684126
Zalando,2,True,2023-02-21,2023-06-13,112,112.0,112.0,,,,,,,Retail,Consumer & Retail,Post-IPO,Public (Post-IPO),Germany,Europe,468.0,6.150602768446279,
Zap Africa,1,False,2026-02-28,2026-02-28,0,,,,,,0.44,0.44,0.44,Finance,Fintech & Financial Services,Seed,Early Stage (Seed),Nigeria,Africa,,,
Zapata Computing,1,False,2024-10-07,2024-10-07,0,,,,,,1.0,1.0,1.0,Other,Other / Diversified,Post-IPO,Public (Post-IPO),United States,North America,82.0,4.418840607796598,
Zapier,1,False,2023-06-28,2023-06-28,0,,,,,,0.1,0.1,0.1,Other,Other / Diversified,Seed,Early Stage (Seed),United States,North America,1.0,0.6931471805599453,
Zapp,2,True,2022-05-25,2024-10-08,867,867.0,867.0,,,,0.5,0.5,0.9,Food,Consumer & Retail,Series B,Expansion Stage (Series B),United Kingdom,Europe,300.0,5.707110264748875,
Zappos,2,True,2022-09-20,2023-01-20,122,122.0,122.0,,,,0.04,0.04,0.04,Retail,Consumer & Retail,Acquired,Acquired / Subsidiary,United States,North America,62.0,4.143134726391533,
Zazuu,1,False,2023-11-17,2023-11-17,0,,,,,,,,,Finance,Fintech & Financial Services,Unknown,Unspecified / Private,United Kingdom,Europe,,,
Zebra Technologies,2,True,2023-08-28,2025-12-12,837,837.0,837.0,700.0,700.0,700.0,0.07,0.07,0.07,Manufacturing,Hardware & Manufacturing,Post-IPO,Public (Post-IPO),United States,North America,2000.0,7.601402334583733,6.55250788703459
Zeen,1,False,2025-07-21,2025-07-21,0,,,,,,1.0,1.0,1.0,Consumer,Consumer & Retail,Unknown,Unspecified / Private,United States,North America,9.0,2.302585092994046,
Zego,1,False,2022-07-14,2022-07-14,0,,,85.0,85.0,85.0,0.17,0.17,0.17,Finance,Fintech & Financial Services,Series C,Late Stage (Series C-D),United Kingdom,Europe,202.0,5.313205979041787,4.454347296253507
Zeitgold,1,False,2020-07-27,2020-07-27,0,,,75.0,75.0,75.0,0.72,0.72,0.72,Finance,Fintech & Financial Services,Series B,Expansion Stage (Series B),Germany,Europe,60.18,4.113820338722757,4.330733340286331
ZenBusiness,1,False,2022-11-10,2022-11-10,0,,,,,,,,,Other,Other / Diversified,Series C,Late Stage (Series C-D),United States,North America,277.0,5.627621113690637,
ZenLedger,1,False,2022-12-09,2022-12-09,0,,,,,,0.1,0.1,0.1,Crypto,Fintech & Financial Services,Series B,Expansion Stage (Series B),United States,North America,25.0,3.258096538021482,
Zencity,2,True,2022-07-20,2026-06-07,1418,1418.0,1418.0,45.0,22.5,30.0,0.2,0.2,0.2,Other,Other / Diversified,Unknown,Unspecified / Private,Israel,Middle East,51.0,3.9512437185814275,3.828641396489095
Zendesk,5,True,2022-08-04,2026-03-24,1328,332.0,95.0,901.0,180.2,350.0,0.065,0.065,0.08,Support,Enterprise & Infrastructure,Acquired,Acquired / Subsidiary,United States,North America,85.0,4.454347296253507,6.804614520062624
Zenefits,1,False,2020-04-23,2020-04-23,0,,,87.0,87.0,87.0,0.15,0.15,0.15,HR,Other / Diversified,Series C,Late Stage (Series C-D),United States,North America,583.0,6.369900982828227,4.477336814478207
Zenius,2,True,2022-05-24,2022-08-04,72,72.0,72.0,200.0,200.0,200.0,0.3,0.3,0.3,Education,EdTech & Learning,Series B,Expansion Stage (Series B),Indonesia,Asia-Pacific,20.0,3.044522437723423,5.303304908059076
Zenjob,1,False,2022-09-29,2022-09-29,0,,,,,,,,,HR,Other / Diversified,Series D,Late Stage (Series C-D),Germany,Europe,107.0,4.68213122712422,
Zenoti,1,False,2020-03-31,2020-03-31,0,,,17.0,17.0,17.0,0.04,0.04,0.04,Fitness,Other / Diversified,Series C,Late Stage (Series C-D),United States,North America,91.0,4.5217885770490405,2.8903717578961645
Zeplin,1,False,2023-08-30,2023-08-30,0,,,37.0,37.0,37.0,0.35,0.35,0.35,Product,Other / Diversified,Seed,Early Stage (Seed),United States,North America,1.0,0.6931471805599453,3.6375861597263857
Zepto,2,True,2022-07-02,2025-10-18,1204,1204.0,1204.0,300.0,300.0,300.0,0.07500000000000001,0.07500000000000001,0.1,Retail,Consumer & Retail,Series H,Growth Stage (Series E+),India,Asia-Pacific,2600.0,7.8636512654486515,5.707110264748875
Zepz,3,True,2023-05-16,2025-02-12,638,319.0,198.0,650.0,216.66666666666666,420.0,0.16,0.2,0.26,Finance,Fintech & Financial Services,Series E,Growth Stage (Series E+),United Kingdom,Europe,700.0,6.55250788703459,6.478509642208569
Zerto,1,False,2020-03-31,2020-03-31,0,,,,,,,,,Infrastructure,Enterprise & Infrastructure,Series E,Growth Stage (Series E+),United States,North America,130.0,4.875197323201151,
Zest AI,1,False,2020-04-09,2020-04-09,0,,,,,,,,,Finance,Fintech & Financial Services,Unknown,Unspecified / Private,United States,North America,217.0,5.384495062789089,
ZestMoney,2,True,2023-04-07,2023-12-05,242,242.0,242.0,250.0,125.0,150.0,0.6,0.6,1.0,Finance,Fintech & Financial Services,Series C,Late Stage (Series C-D),India,Asia-Pacific,120.0,4.795790545596741,5.5254529391317835
Zeus Living,4,True,2020-03-24,2023-11-07,1323,441.0,49.0,217.0,72.33333333333333,80.0,0.565,0.48,1.0,Real Estate,Real Estate & PropTech,Series C,Late Stage (Series C-D),United States,North America,151.0,5.0238805208462765,5.384495062789089
Zhihu,1,False,2022-12-20,2022-12-20,0,,,,,,0.1,0.1,0.1,Consumer,Consumer & Retail,Series F,Growth Stage (Series E+),China,Asia-Pacific,892.0,6.794586580876499,
Zilch,1,False,2022-11-26,2022-11-26,0,,,,,,,,,Finance,Fintech & Financial Services,Unknown,Unspecified / Private,United Kingdom,Europe,389.0,5.966146739123692,
Zilingo,2,True,2020-04-17,2020-07-09,83,83.0,83.0,144.0,72.0,100.0,0.08499999999999999,0.08499999999999999,0.12,Retail,Consumer & Retail,Series D,Late Stage (Series C-D),Singapore,Asia-Pacific,307.0,5.730099782973574,4.976733742420574
Zillow,6,True,2021-11-02,2026-08-04,1736,347.2,183.0,3023.0,604.6,2000.0,0.12333333333333334,0.07,0.25,Real Estate,Real Estate & PropTech,Post-IPO,Public (Post-IPO),United States,North America,97.0,4.584967478670572,8.014335737299424
Zinier,1,False,2020-11-25,2020-11-25,0,,,,,,,,,HR,Other / Diversified,Series C,Late Stage (Series C-D),United States,North America,120.0,4.795790545596741,
Zip,1,False,2023-07-02,2023-07-02,0,,,300.0,300.0,300.0,0.2,0.2,0.2,Finance,Fintech & Financial Services,Post-IPO,Public (Post-IPO),Australia,Asia-Pacific,896.0,6.799055862058796,5.707110264748875
ZipRecruiter,3,True,2020-03-29,2025-09-16,1997,998.5,839.0,750.0,250.0,400.0,0.29500000000000004,0.29500000000000004,0.39,Recruiting,Professional Services,Post-IPO,Public (Post-IPO),United States,North America,769.0,6.646390514847729,6.621405651764134
Zipcar,2,True,2020-03-27,2026-02-02,2138,2138.0,2138.0,226.0,113.0,126.0,0.2,0.2,0.2,Transportation,Travel & Transportation,Acquired,Acquired / Subsidiary,United States,North America,107.0,4.68213122712422,5.424950017481403
Ziroom,1,False,2022-06-10,2022-06-10,0,,,,,,0.2,0.2,0.2,Real Estate,Real Estate & PropTech,Unknown,Unspecified / Private,China,Asia-Pacific,2100.0,7.650168700845001,
Zoe,1,False,2024-04-11,2024-04-11,0,,,,,,0.2,0.2,0.2,Healthcare,Healthcare & BioTech,Series B,Expansion Stage (Series B),United Kingdom,Europe,89.0,4.499809670330265,
Zola,1,False,2020-04-08,2020-04-08,0,,,,,,0.2,0.2,0.2,Retail,Consumer & Retail,Series D,Late Stage (Series C-D),United States,North America,140.0,4.948759890378168,
Zomato,5,True,2020-05-15,2026-08-31,2299,574.75,158.0,1470.0,367.5,600.0,0.085,0.085,0.13,Food,Consumer & Retail,Series J,Growth Stage (Series E+),India,Asia-Pacific,914.0,6.818924065275521,7.293697720601438
Zonar Systems,1,False,2025-03-09,2025-03-09,0,,,,,,,,,Logistics,Travel & Transportation,Acquired,Acquired / Subsidiary,United States,North America,50.0,3.9318256327243257,
Zondacrypto,1,False,2026-04-21,2026-04-21,0,,,,,,,,,Crypto,Fintech & Financial Services,Unknown,Unspecified / Private,Estonia,Europe,,,
Zoom,2,True,2023-02-07,2024-02-01,359,359.0,359.0,1450.0,725.0,1300.0,0.08499999999999999,0.08499999999999999,0.15,Other,Other / Diversified,Post-IPO,Public (Post-IPO),United States,North America,276.0,5.6240175061873385,7.280008252884188
ZoomInfo,3,True,2023-06-02,2026-05-10,1073,536.5,335.0,870.0,290.0,600.0,0.09000000000000001,0.04,0.2,Sales,Professional Services,Post-IPO,Public (Post-IPO),United States,North America,7.0,2.0794415416798357,6.769641976852503
Zoomo,2,True,2022-10-04,2023-05-02,210,210.0,210.0,92.0,46.0,65.0,0.12,0.12,0.16,Transportation,Travel & Transportation,Series B,Expansion Stage (Series B),Australia,Asia-Pacific,105.0,4.663439094112067,4.532599493153256
Zoopla,1,False,2022-12-23,2022-12-23,0,,,50.0,50.0,50.0,,,,Real Estate,Real Estate & PropTech,Series C,Late Stage (Series C-D),United Kingdom,Europe,25.0,3.258096538021482,3.9318256327243257
Zoox,2,True,2020-04-03,2020-04-13,10,10.0,10.0,220.0,110.0,120.0,0.1,0.1,0.1,Transportation,Travel & Transportation,Series B,Expansion Stage (Series B),United States,North America,955.0,6.862757913051401,5.3981627015177525
Zopper,1,False,2025-04-17,2025-04-17,0,,,100.0,100.0,100.0,,,,Finance,Fintech & Financial Services,Series D,Late Stage (Series C-D),India,Asia-Pacific,125.0,4.836281906951478,4.61512051684126
Zscaler,2,True,2023-03-02,2026-09-03,1281,1281.0,1281.0,177.0,177.0,177.0,0.03,0.03,0.03,Security,Enterprise & Infrastructure,Post-IPO,Public (Post-IPO),United States,North America,148.0,5.003946305945459,5.181783550292085
Zulily,4,True,2022-05-16,2023-12-08,571,190.33333333333334,101.0,839.0,839.0,839.0,1.0,1.0,1.0,Retail,Consumer & Retail,Acquired,Acquired / Subsidiary,United States,North America,194.0,5.272999558563747,6.733401891837359
Zum,1,False,2020-04-20,2020-04-20,0,,,28.0,28.0,28.0,,,,Transportation,Travel & Transportation,Series C,Late Stage (Series C-D),United States,North America,71.0,4.276666119016055,3.367295829986474
Zume,2,True,2020-04-15,2023-06-02,1143,1143.0,1143.0,200.0,200.0,200.0,0.835,0.835,1.0,Food,Consumer & Retail,Unknown,Unspecified / Private,United States,North America,423.0,6.049733455231958,5.303304908059076
Zumper,1,False,2022-06-16,2022-06-16,0,,,45.0,45.0,45.0,0.15,0.15,0.15,Real Estate,Real Estate & PropTech,Series D,Late Stage (Series C-D),United States,North America,178.0,5.187385805840755,3.828641396489095
Zuora,2,True,2022-12-06,2024-01-31,421,421.0,421.0,,,,0.095,0.095,0.11,Finance,Fintech & Financial Services,Post-IPO,Public (Post-IPO),United States,North America,647.0,6.473890696352274,
Zupee,2,True,2025-09-11,2026-01-30,141,141.0,141.0,370.0,185.0,200.0,0.3,0.3,0.3,Consumer,Consumer & Retail,Series B,Expansion Stage (Series B),India,Asia-Pacific,121.0,4.804021044733257,5.916202062607435
Zwift,4,True,2020-03-23,2024-02-05,1414,471.3333333333333,299.0,230.0,115.0,150.0,0.15,0.15,0.15,Fitness,Other / Diversified,Series C,Late Stage (Series C-D),United States,North America,619.0,6.429719478039138,5.442417710521793
Zylo,1,False,2023-08-18,2023-08-18,0,,,,,,0.1,0.1,0.1,Other,Other / Diversified,Series C,Late Stage (Series C-D),United States,North America,72.0,4.290459441148391,
Zymergen,5,True,2020-05-13,2023-05-03,1085,271.25,32.0,307.0,76.75,120.0,0.1,0.1,0.1,Other,Other / Diversified,Acquired,Acquired / Subsidiary,United States,North America,974.0,6.882437470997847,5.730099782973574
Zywave,1,False,2022-12-07,2022-12-07,0,,,,,,,,,Finance,Fintech & Financial Services,Acquired,Acquired / Subsidiary,United States,North America,,,
dYdX,1,False,2024-10-29,2024-10-29,0,,,,,,0.35,0.35,0.35,Crypto,Fintech & Financial Services,Series C,Late Stage (Series C-D),United States,North America,87.0,4.477336814478207,
dbt Labs,1,False,2023-05-18,2023-05-18,0,,,,,,0.15,0.15,0.15,Data,Enterprise & Infrastructure,Series D,Late Stage (Series C-D),United States,North America,414.0,6.028278520230698,
divvyDOSE,1,False,2022-05-06,2022-05-06,0,,,62.0,62.0,62.0,,,,Healthcare,Healthcare & BioTech,Acquired,Acquired / Subsidiary,United States,North America,,,4.143134726391533
dot.LA,1,False,2023-06-12,2023-06-12,0,,,,,,1.0,1.0,1.0,Media,Marketing & Media,Seed,Early Stage (Seed),United States,North America,4.0,1.6094379124341003,
eBay,7,True,2023-02-07,2026-02-26,1115,185.83333333333334,37.0,2540.0,423.3333333333333,1000.0,0.06333333333333334,0.06,0.09,Retail,Consumer & Retail,Post-IPO,Public (Post-IPO),Israel,Middle East,1200.0,7.0909098220799835,7.840312983320164
eGym,1,False,2020-04-02,2020-04-02,0,,,100.0,100.0,100.0,0.25,0.25,0.25,Fitness,Other / Diversified,Series D,Late Stage (Series C-D),Germany,Europe,109.0,4.700480365792417,4.61512051684126
eToro,2,True,2022-07-05,2026-01-13,1288,1288.0,1288.0,205.0,102.5,105.0,0.065,0.065,0.07,Finance,Fintech & Financial Services,Unknown,Unspecified / Private,Israel,Middle East,322.0,5.777652323222656,5.327876168789581
ezCater,2,True,2020-04-07,2025-11-21,2054,2054.0,2054.0,440.0,220.0,400.0,0.24,0.24,0.44,Food,Consumer & Retail,Series D,Late Stage (Series C-D),United States,North America,319.0,5.768320995793772,6.089044875446846
iCAD,1,False,2023-03-29,2023-03-29,0,,,23.0,23.0,23.0,0.28,0.28,0.28,Healthcare,Healthcare & BioTech,Post-IPO,Public (Post-IPO),United States,North America,59.0,4.0943445622221,3.1780538303479458
iCIMS,1,False,2024-08-09,2024-08-09,0,,,69.0,69.0,69.0,,,,Recruiting,Professional Services,Acquired,Acquired / Subsidiary,United States,North America,93.0,4.543294782270004,4.248495242049359
iFit,3,True,2021-12-08,2022-11-14,341,170.5,79.0,300.0,300.0,300.0,0.2,0.2,0.2,Fitness,Other / Diversified,Private Equity,Private Equity Owned,United States,North America,200.0,5.303304908059076,5.707110264748875
iFood,1,False,2023-03-01,2023-03-01,0,,,355.0,355.0,355.0,0.06,0.06,0.06,Food,Consumer & Retail,Subsidiary,Unspecified / Private,Brazil,Latin America,2100.0,7.650168700845001,5.87493073085203
iPrice Group,1,False,2022-06-08,2022-06-08,0,,,50.0,50.0,50.0,0.2,0.2,0.2,Retail,Consumer & Retail,Unknown,Unspecified / Private,Malaysia,Asia-Pacific,26.0,3.295836866004329,3.9318256327243257
iQiyi Smart,1,False,2023-08-14,2023-08-14,0,,,,,,,,,Other,Other / Diversified,Series C,Late Stage (Series C-D),China,Asia-Pacific,,,
iRobot,4,True,2022-08-05,2024-11-06,824,274.6666666666667,192.0,680.0,170.0,350.0,0.16,0.13,0.31,Consumer,Consumer & Retail,Post-IPO,Public (Post-IPO),United States,North America,30.0,3.4339872044851463,6.523562306149512
iSpecimen,1,False,2023-09-06,2023-09-06,0,,,,,,0.2,0.2,0.2,Healthcare,Healthcare & BioTech,Post-IPO,Public (Post-IPO),United States,North America,31.0,3.4657359027997265,
inDrive,1,False,2023-08-01,2023-08-01,0,,,,,,0.1,0.1,0.1,Transportation,Travel & Transportation,Unknown,Unspecified / Private,United States,North America,387.0,5.961005339623274,
jalebi.io,1,False,2026-08-04,2026-08-04,0,,,,,,1.0,1.0,1.0,Food,Consumer & Retail,Seed,Early Stage (Seed),UAE,Other / International,,,
kununu,1,False,2020-08-26,2020-08-26,0,,,,,,,,,Recruiting,Professional Services,Acquired,Acquired / Subsidiary,United States,North America,,,
mPharma,1,False,2023-09-04,2023-09-04,0,,,150.0,150.0,150.0,,,,Healthcare,Healthcare & BioTech,Series D,Late Stage (Series C-D),Ghana,Africa,90.0,4.51085950651685,5.017279836814924
nCino,2,True,2023-01-18,2025-05-27,860,860.0,860.0,100.0,100.0,100.0,0.07,0.07,0.07,Finance,Fintech & Financial Services,Post-IPO,Public (Post-IPO),United States,North America,1100.0,7.00397413672268,4.61512051684126
reAlpha,1,False,2026-05-06,2026-05-06,0,,,,,,0.25,0.25,0.25,Real Estate,Real Estate & PropTech,Post-IPO,Public (Post-IPO),United States,North America,229.0,5.438079308923196,
tZero,1,False,2020-07-30,2020-07-30,0,,,,,,,,,Finance,Fintech & Financial Services,Acquired,Acquired / Subsidiary,United States,North America,472.0,6.159095388491933,
theGist,1,False,2025-09-03,2025-09-03,0,,,,,,1.0,1.0,1.0,Other,Other / Diversified,Seed,Early Stage (Seed),Israel,Middle East,7.0,2.0794415416798357,
uShip,1,False,2020-03-31,2020-03-31,0,,,65.0,65.0,65.0,0.37,0.37,0.37,Logistics,Travel & Transportation,Series D,Late Stage (Series C-D),United States,North America,69.0,4.248495242049359,4.189654742026425
xAI,1,False,2025-09-12,2025-09-12,0,,,500.0,500.0,500.0,,,,AI,Other / Diversified,Unknown,Unspecified / Private,United States,North America,22700.0,10.030164255362632,6.2166061010848646
